trajectory_id,folder,family,policy,depth_mm,replay_matched,checkpoint_kind,label_eligible,safe_recovery,reason,numerically_valid,grasp_retained,cleared,force_budget_exceeded,torque_budget_exceeded,max_force,max_torque,max_wrist_force_n,max_wrist_torque_nm,max_normal_load,max_penetration,recovery_work_j,clear_time_s,duration_s,replay_error_position_mm,replay_error_orientation_deg,replay_error_joint_rad,replay_error_joint_velocity_rad_s,replay_error_linear_velocity_m_s,replay_error_angular_velocity_rad_s,replay_error_force_n,replay_error_torque_nm,replay_error_normal_load_n,replay_error_min_separation_mm,replay_error_wrist_torque_nm,replay_error_finger_position,replay_error_finger_velocity,replay_error_grasp_position,replay_error_hand_pose,replay_error_wrist_raw_child,replay_error_grasp_quat_angle_deg,replay_error_hand_pose_angle_deg,sample_role,split_group_id,path_group_id,severity_deg,ramp_onset_mm,ramp_full_depth_mm,final_offset_x_mm,final_offset_y_mm,final_roll_deg,final_pitch_deg
b000_try00,b000_try00,offset_tilt,straight,5.0,True,fixed_depth,True,True,cleared,True,True,True,False,False,0.0,0.0,0.02762346714735031,0.005236217752099037,0.0,0.0,0.0,3.375,3.375,0.0,0.0,0.0,0.0,0.0,0.0,0.0,0.0,0.0,0.0,0.0,0.0,0.0,0.0,0.0,0.0,0.0,0.0,boundary_characterization,b_d10_x_pitch_+1_combined,b_d10_x_pitch_+1_combined,5.0,10.0,20.0,0.8333333333333334,0.0,0.0,5.0
b000_try00,b000_try00,offset_tilt,realign,5.0,True,fixed_depth,True,True,cleared,True,True,True,False,False,0.0,0.0,0.02762346714735031,0.0062720454297959805,0.0,0.0,0.0,5.375,5.375,0.0,0.0,0.0,0.0,0.0,0.0,0.0,0.0,0.0,0.0,0.0,0.0,0.0,0.0,0.0,0.0,0.0,0.0,boundary_characterization,b_d10_x_pitch_+1_combined,b_d10_x_pitch_+1_combined,5.0,10.0,20.0,0.8333333333333334,0.0,0.0,5.0
b000_try00,b000_try00,offset_tilt,straight,10.0,True,fixed_depth,True,True,cleared,True,True,True,False,False,0.0,0.0,0.0274876169860363,0.0047729527577757835,0.0,0.0,0.0,3.908333333333333,3.908333333333333,0.0,0.0,0.0,0.0,0.0,0.0,0.0,0.0,0.0,0.0,0.0,0.0,0.0,0.0,0.0,0.0,0.0,0.0,boundary_characterization,b_d10_x_pitch_+1_combined,b_d10_x_pitch_+1_combined,5.0,10.0,20.0,0.8333333333333334,0.0,0.0,5.0
b000_try00,b000_try00,offset_tilt,realign,10.0,True,fixed_depth,True,True,cleared,True,True,True,False,False,0.0,0.0,0.0274876169860363,0.005958985071629286,0.0,0.0,0.0,5.916666666666667,5.916666666666667,0.0,0.0,0.0,0.0,0.0,0.0,0.0,0.0,0.0,0.0,0.0,0.0,0.0,0.0,0.0,0.0,0.0,0.0,boundary_characterization,b_d10_x_pitch_+1_combined,b_d10_x_pitch_+1_combined,5.0,10.0,20.0,0.8333333333333334,0.0,0.0,5.0
b000_try00,b000_try00,offset_tilt,straight,15.0,False,fixed_depth,False,,replay_mismatch,,,,,,,,,,,,,,,0.0033687944480743424,0.0014442751553033009,5.0902366638183594e-05,0.005084570497274399,0.0004791410293522928,0.05461632815454331,0.4205588871171565,0.005766446721368422,0.33552949130535126,0.0010619056070027,0.03076646849513054,7.580965757369995e-07,2.416200004518032e-07,3.795023076236248e-06,2.842238245648332e-06,0.29158955812454224,0.0031051882494163583,0.0024795538765401528,boundary_characterization,b_d10_x_pitch_+1_combined,b_d10_x_pitch_+1_combined,5.0,10.0,20.0,0.8333333333333334,0.0,0.0,5.0
b000_try00,b000_try00,offset_tilt,realign,15.0,True,fixed_depth,True,True,cleared,True,True,True,False,False,3.106416702270508,0.04270484670996666,2.7913436889648438,0.26165571808815,2.485133647918701,0.006620388376177289,0.0002982234895147439,6.258333333333333,6.258333333333333,0.0,0.0,0.0,0.0,0.0,0.0,0.0,0.0,0.0,0.0,0.0,0.0,0.0,0.0,0.0,0.0,0.0,0.0,boundary_characterization,b_d10_x_pitch_+1_combined,b_d10_x_pitch_+1_combined,5.0,10.0,20.0,0.8333333333333334,0.0,0.0,5.0
b000_try00,b000_try00,offset_tilt,straight,17.92338266968727,True,terminal,True,True,cleared,True,True,True,False,False,3.585070848464966,0.08864334970712662,3.5340607166290283,0.19861668348312378,9.8063325881958,0.042180221498711035,0.06885633745887837,4.433333333333334,4.433333333333334,0.0,0.0,0.0,0.0,0.0,0.0,0.0,0.0,0.0,0.0,0.0,0.0,0.0,0.0,0.0,0.0,0.0,0.0,boundary_characterization,b_d10_x_pitch_+1_combined,b_d10_x_pitch_+1_combined,5.0,10.0,20.0,0.8333333333333334,0.0,0.0,5.0
b000_try00,b000_try00,offset_tilt,realign,17.92338266968727,False,terminal,False,,replay_mismatch,,,,,,,,,,,,,,,0.008823345171112707,0.009317760302625494,5.161762237548828e-05,0.001309529528953135,0.0015025613971567417,0.09929683102304117,0.11701152162249033,0.0038193507741486224,0.5476417541503906,0.00144193836604245,0.01501891016960144,3.296881914138794e-07,6.647314876317978e-08,2.3695174604654312e-06,4.958252247888595e-06,0.06513381004333496,0.008128631060898162,0.002384850069207053,boundary_characterization,b_d10_x_pitch_+1_combined,b_d10_x_pitch_+1_combined,5.0,10.0,20.0,0.8333333333333334,0.0,0.0,5.0
b001_try00,b001_try00,x_offset,straight,5.0,True,fixed_depth,True,True,cleared,True,True,True,False,False,0.0,0.0,0.02762346714735031,0.005236217752099037,0.0,0.0,0.0,3.375,3.375,0.0,0.0,0.0,0.0,0.0,0.0,0.0,0.0,0.0,0.0,0.0,0.0,0.0,0.0,0.0,0.0,0.0,0.0,boundary_characterization,b_d10_x_pitch_+1_drift,b_d10_x_pitch_+1_drift,5.0,10.0,20.0,0.8333333333333334,0.0,0.0,0.0
b001_try00,b001_try00,x_offset,realign,5.0,True,fixed_depth,True,True,cleared,True,True,True,False,False,0.0,0.0,0.02762346714735031,0.0062720454297959805,0.0,0.0,0.0,5.375,5.375,0.0,0.0,0.0,0.0,0.0,0.0,0.0,0.0,0.0,0.0,0.0,0.0,0.0,0.0,0.0,0.0,0.0,0.0,boundary_characterization,b_d10_x_pitch_+1_drift,b_d10_x_pitch_+1_drift,5.0,10.0,20.0,0.8333333333333334,0.0,0.0,0.0
b001_try00,b001_try00,x_offset,straight,10.0,True,fixed_depth,True,True,cleared,True,True,True,False,False,0.0,0.0,0.0274876169860363,0.0047729527577757835,0.0,0.0,0.0,3.908333333333333,3.908333333333333,0.0,0.0,0.0,0.0,0.0,0.0,0.0,0.0,0.0,0.0,0.0,0.0,0.0,0.0,0.0,0.0,0.0,0.0,boundary_characterization,b_d10_x_pitch_+1_drift,b_d10_x_pitch_+1_drift,5.0,10.0,20.0,0.8333333333333334,0.0,0.0,0.0
b001_try00,b001_try00,x_offset,realign,10.0,True,fixed_depth,True,True,cleared,True,True,True,False,False,0.0,0.0,0.0274876169860363,0.005958985071629286,0.0,0.0,0.0,5.916666666666667,5.916666666666667,0.0,0.0,0.0,0.0,0.0,0.0,0.0,0.0,0.0,0.0,0.0,0.0,0.0,0.0,0.0,0.0,0.0,0.0,boundary_characterization,b_d10_x_pitch_+1_drift,b_d10_x_pitch_+1_drift,5.0,10.0,20.0,0.8333333333333334,0.0,0.0,0.0
b001_try00,b001_try00,x_offset,straight,15.0,True,fixed_depth,True,True,cleared,True,True,True,False,False,0.5260161757469177,0.007258290890604258,0.4402196705341339,0.030923716723918915,0.42081958055496216,0.0008083407010417432,2.1484110747140483e-07,4.25,4.25,0.0,0.0,0.0,0.0,0.0,0.0,0.0,0.0,0.0,0.0,0.0,0.0,0.0,0.0,0.0,0.0,0.0,0.0,boundary_characterization,b_d10_x_pitch_+1_drift,b_d10_x_pitch_+1_drift,5.0,10.0,20.0,0.8333333333333334,0.0,0.0,0.0
b001_try00,b001_try00,x_offset,realign,15.0,True,fixed_depth,True,True,cleared,True,True,True,False,False,0.5260152220726013,0.0072582801803946495,0.44021791219711304,0.030923135578632355,0.4208187758922577,0.0008083407010417432,1.5269954152981787e-09,6.25,6.25,0.0,0.0,0.0,0.0,0.0,0.0,0.0,0.0,0.0,0.0,0.0,0.0,0.0,0.0,0.0,0.0,0.0,0.0,boundary_characterization,b_d10_x_pitch_+1_drift,b_d10_x_pitch_+1_drift,5.0,10.0,20.0,0.8333333333333334,0.0,0.0,0.0
b001_try00,b001_try00,x_offset,straight,20.0,True,fixed_depth,True,True,cleared,True,True,True,False,False,0.4631308913230896,0.0051196967251598835,0.37166866660118103,0.04484008997678757,0.37050899863243103,0.0019364492800377775,0.0007585259124556445,4.483333333333333,4.483333333333333,0.0,0.0,0.0,0.0,0.0,0.0,0.0,0.0,0.0,0.0,0.0,0.0,0.0,0.0,0.0,0.0,0.0,0.0,boundary_characterization,b_d10_x_pitch_+1_drift,b_d10_x_pitch_+1_drift,5.0,10.0,20.0,0.8333333333333334,0.0,0.0,0.0
b001_try00,b001_try00,x_offset,realign,20.0,False,fixed_depth,False,,replay_mismatch,,,,,,,,,,,,,,,0.03915675235769391,0.011330243205004033,0.00028514862060546875,0.003515467600664124,0.0011377358089363803,0.17916680112008848,0.32475668383180767,0.0025945608463160373,0.23461788520216942,0.0017042398923194924,0.006418231030693278,9.951181709766388e-07,1.5227124094963074e-07,1.453575532650575e-05,4.2557716369628906e-05,0.1678509903140366,0.005068502593311907,0.014335795243425691,boundary_characterization,b_d10_x_pitch_+1_drift,b_d10_x_pitch_+1_drift,5.0,10.0,20.0,0.8333333333333334,0.0,0.0,0.0
b001_try00,b001_try00,x_offset,straight,20.068524032831192,True,terminal,True,True,cleared,True,True,True,False,False,0.42702987790107727,0.0035632296930998564,0.32474255561828613,0.043304767459630966,0.34162670373916626,0.001543192865938181,0.0007921590326267027,4.483333333333333,4.483333333333333,0.0,0.0,0.0,0.0,0.0,0.0,0.0,0.0,0.0,0.0,0.0,0.0,0.0,0.0,0.0,0.0,0.0,0.0,boundary_characterization,b_d10_x_pitch_+1_drift,b_d10_x_pitch_+1_drift,5.0,10.0,20.0,0.8333333333333334,0.0,0.0,0.0
b001_try00,b001_try00,x_offset,realign,20.068524032831192,True,terminal,True,True,cleared,True,True,True,False,False,0.26691606640815735,0.0007471074932254851,0.2778947353363037,0.043304767459630966,0.2135438770055771,0.0014776500165680773,1.3047915956365675e-05,6.483333333333333,6.483333333333333,0.0,0.0,0.0,0.0,0.0,0.0,0.0,0.0,0.0,0.0,0.0,0.0,0.0,0.0,0.0,0.0,0.0,0.0,boundary_characterization,b_d10_x_pitch_+1_drift,b_d10_x_pitch_+1_drift,5.0,10.0,20.0,0.8333333333333334,0.0,0.0,0.0
b002_try00,b002_try00,y_offset,straight,5.0,True,fixed_depth,True,True,cleared,True,True,True,False,False,0.0,0.0,0.02762346714735031,0.005236217752099037,0.0,0.0,0.0,3.375,3.375,0.0,0.0,0.0,0.0,0.0,0.0,0.0,0.0,0.0,0.0,0.0,0.0,0.0,0.0,0.0,0.0,0.0,0.0,boundary_characterization,b_d10_y_roll_-1_drift,b_d10_y_roll_-1_drift,5.0,10.0,20.0,0.0,-0.8333333333333334,0.0,0.0
b002_try00,b002_try00,y_offset,realign,5.0,True,fixed_depth,True,True,cleared,True,True,True,False,False,0.0,0.0,0.02762346714735031,0.0062720454297959805,0.0,0.0,0.0,5.375,5.375,0.0,0.0,0.0,0.0,0.0,0.0,0.0,0.0,0.0,0.0,0.0,0.0,0.0,0.0,0.0,0.0,0.0,0.0,boundary_characterization,b_d10_y_roll_-1_drift,b_d10_y_roll_-1_drift,5.0,10.0,20.0,0.0,-0.8333333333333334,0.0,0.0
b002_try00,b002_try00,y_offset,straight,10.0,True,fixed_depth,True,True,cleared,True,True,True,False,False,0.0,0.0,0.0274876169860363,0.0047729527577757835,0.0,0.0,0.0,3.908333333333333,3.908333333333333,0.0,0.0,0.0,0.0,0.0,0.0,0.0,0.0,0.0,0.0,0.0,0.0,0.0,0.0,0.0,0.0,0.0,0.0,boundary_characterization,b_d10_y_roll_-1_drift,b_d10_y_roll_-1_drift,5.0,10.0,20.0,0.0,-0.8333333333333334,0.0,0.0
b002_try00,b002_try00,y_offset,realign,10.0,True,fixed_depth,True,True,cleared,True,True,True,False,False,0.0,0.0,0.0274876169860363,0.005958985071629286,0.0,0.0,0.0,5.916666666666667,5.916666666666667,0.0,0.0,0.0,0.0,0.0,0.0,0.0,0.0,0.0,0.0,0.0,0.0,0.0,0.0,0.0,0.0,0.0,0.0,boundary_characterization,b_d10_y_roll_-1_drift,b_d10_y_roll_-1_drift,5.0,10.0,20.0,0.0,-0.8333333333333334,0.0,0.0
b002_try00,b002_try00,y_offset,straight,15.0,True,fixed_depth,True,True,cleared,True,True,True,False,False,0.0,0.0,0.022057294845581055,0.012154215946793556,0.0,0.0,0.0,4.258333333333333,4.258333333333333,0.0,0.0,0.0,0.0,0.0,0.0,0.0,0.0,0.0,0.0,0.0,0.0,0.0,0.0,0.0,0.0,0.0,0.0,boundary_characterization,b_d10_y_roll_-1_drift,b_d10_y_roll_-1_drift,5.0,10.0,20.0,0.0,-0.8333333333333334,0.0,0.0
b002_try00,b002_try00,y_offset,realign,15.0,True,fixed_depth,True,True,cleared,True,True,True,False,False,0.0,0.0,0.022057294845581055,0.012154215946793556,0.0,0.0,0.0,6.25,6.25,0.0,0.0,0.0,0.0,0.0,0.0,0.0,0.0,0.0,0.0,0.0,0.0,0.0,0.0,0.0,0.0,0.0,0.0,boundary_characterization,b_d10_y_roll_-1_drift,b_d10_y_roll_-1_drift,5.0,10.0,20.0,0.0,-0.8333333333333334,0.0,0.0
b002_try00,b002_try00,y_offset,straight,20.0,False,fixed_depth,False,,replay_mismatch,,,,,,,,,,,,,,,0.05261242809121426,0.022501628579957505,0.0006015300750732422,0.003640269860625267,0.0013511373887271961,0.0482178672350923,0.20739312133696886,0.004168224561562168,0.07530368864536285,6.554290621352266e-05,0.00750693678855896,9.64384526014328e-07,3.082677721977234e-07,1.3856400983058847e-05,4.0434300899505615e-05,0.1368135493248701,0.0073698004251884705,0.021914801952190147,boundary_characterization,b_d10_y_roll_-1_drift,b_d10_y_roll_-1_drift,5.0,10.0,20.0,0.0,-0.8333333333333334,0.0,0.0
b002_try00,b002_try00,y_offset,realign,20.0,False,fixed_depth,False,,replay_mismatch,,,,,,,,,,,,,,,0.05261242809121426,0.022501628579957505,0.0006015300750732422,0.003640269860625267,0.0013511373887271961,0.0482178672350923,0.20739312133696886,0.004168224561562168,0.07530368864536285,6.554290621352266e-05,0.00750693678855896,9.64384526014328e-07,3.082677721977234e-07,1.3856400983058847e-05,4.0434300899505615e-05,0.1368135493248701,0.0073698004251884705,0.021914801952190147,boundary_characterization,b_d10_y_roll_-1_drift,b_d10_y_roll_-1_drift,5.0,10.0,20.0,0.0,-0.8333333333333334,0.0,0.0
b002_try00,b002_try00,y_offset,straight,20.035503059625626,True,terminal,True,True,cleared,True,True,True,False,False,0.1956140249967575,0.0011571755167096853,0.20178425312042236,0.02803226001560688,0.18034327030181885,0.002591877091617789,0.00022368735656937787,4.483333333333333,4.483333333333333,0.0,0.0,0.0,0.0,0.0,0.0,0.0,0.0,0.0,0.0,0.0,0.0,0.0,0.0,0.0,0.0,0.0,0.0,boundary_characterization,b_d10_y_roll_-1_drift,b_d10_y_roll_-1_drift,5.0,10.0,20.0,0.0,-0.8333333333333334,0.0,0.0
b002_try00,b002_try00,y_offset,realign,20.035503059625626,False,terminal,False,,replay_mismatch,,,,,,,,,,,,,,,0.054564781139378175,0.01110732476619873,0.0003578662872314453,0.0017953693168237805,0.004879241430917571,0.40065798933947744,0.16543045988314012,0.0011271167535802553,0.12564175575971603,0.000262171056419902,0.0031483974307775497,9.881332516670227e-07,0.0004448150866664946,1.2334436178207397e-05,3.952533006668091e-05,0.08714365214109421,0.0008301911606360297,0.011832052569310011,boundary_characterization,b_d10_y_roll_-1_drift,b_d10_y_roll_-1_drift,5.0,10.0,20.0,0.0,-0.8333333333333334,0.0,0.0
b003_try00,b003_try00,tilt_only,straight,5.0,True,fixed_depth,True,True,cleared,True,True,True,False,False,0.0,0.0,0.02762346714735031,0.005236217752099037,0.0,0.0,0.0,3.375,3.375,0.0,0.0,0.0,0.0,0.0,0.0,0.0,0.0,0.0,0.0,0.0,0.0,0.0,0.0,0.0,0.0,0.0,0.0,boundary_characterization,b_d10_y_roll_-1_tilt,b_d10_y_roll_-1_tilt,5.0,10.0,20.0,0.0,0.0,-5.0,0.0
b003_try00,b003_try00,tilt_only,realign,5.0,True,fixed_depth,True,True,cleared,True,True,True,False,False,0.0,0.0,0.02762346714735031,0.0062720454297959805,0.0,0.0,0.0,5.375,5.375,0.0,0.0,0.0,0.0,0.0,0.0,0.0,0.0,0.0,0.0,0.0,0.0,0.0,0.0,0.0,0.0,0.0,0.0,boundary_characterization,b_d10_y_roll_-1_tilt,b_d10_y_roll_-1_tilt,5.0,10.0,20.0,0.0,0.0,-5.0,0.0
b003_try00,b003_try00,tilt_only,straight,10.0,True,fixed_depth,True,True,cleared,True,True,True,False,False,0.0,0.0,0.0274876169860363,0.0047729527577757835,0.0,0.0,0.0,3.908333333333333,3.908333333333333,0.0,0.0,0.0,0.0,0.0,0.0,0.0,0.0,0.0,0.0,0.0,0.0,0.0,0.0,0.0,0.0,0.0,0.0,boundary_characterization,b_d10_y_roll_-1_tilt,b_d10_y_roll_-1_tilt,5.0,10.0,20.0,0.0,0.0,-5.0,0.0
b003_try00,b003_try00,tilt_only,realign,10.0,True,fixed_depth,True,True,cleared,True,True,True,False,False,0.0,0.0,0.0274876169860363,0.005958985071629286,0.0,0.0,0.0,5.916666666666667,5.916666666666667,0.0,0.0,0.0,0.0,0.0,0.0,0.0,0.0,0.0,0.0,0.0,0.0,0.0,0.0,0.0,0.0,0.0,0.0,boundary_characterization,b_d10_y_roll_-1_tilt,b_d10_y_roll_-1_tilt,5.0,10.0,20.0,0.0,0.0,-5.0,0.0
b003_try00,b003_try00,tilt_only,straight,15.0,True,fixed_depth,True,True,cleared,True,True,True,False,False,1.7948086261749268,0.02477499656379223,1.537563443183899,0.21811167895793915,1.4359588623046875,0.006061548901925562,4.3397036451481304e-05,4.275,4.275,0.0,0.0,0.0,0.0,0.0,0.0,0.0,0.0,0.0,0.0,0.0,0.0,0.0,0.0,0.0,0.0,0.0,0.0,boundary_characterization,b_d10_y_roll_-1_tilt,b_d10_y_roll_-1_tilt,5.0,10.0,20.0,0.0,0.0,-5.0,0.0
b003_try00,b003_try00,tilt_only,realign,15.0,True,fixed_depth,True,True,cleared,True,True,True,False,False,1.7948086261749268,0.02477499656379223,1.537563443183899,0.21811167895793915,1.4359588623046875,0.0050556350288388785,3.652431546927089e-05,6.25,6.25,0.0,0.0,0.0,0.0,0.0,0.0,0.0,0.0,0.0,0.0,0.0,0.0,0.0,0.0,0.0,0.0,0.0,0.0,boundary_characterization,b_d10_y_roll_-1_tilt,b_d10_y_roll_-1_tilt,5.0,10.0,20.0,0.0,0.0,-5.0,0.0
b003_try00,b003_try00,tilt_only,straight,18.068858981132507,False,terminal,False,,replay_mismatch,,,,,,,,,,,,,,,0.07434425796139177,0.026975165018341487,0.0003209114074707031,0.004043275897856802,0.004406927727319284,0.4987477237388848,0.7879028522815372,0.02019568121727281,0.23911762237548828,0.0019008621165994555,0.044409006368368864,7.040798664093018e-07,0.0004442643257789314,1.3908913388149813e-05,8.068233728408813e-05,0.6171792447566986,0.02827214420372617,0.012307426877574398,boundary_characterization,b_d10_y_roll_-1_tilt,b_d10_y_roll_-1_tilt,5.0,10.0,20.0,0.0,0.0,-5.0,0.0
b003_try00,b003_try00,tilt_only,realign,18.068858981132507,True,terminal,True,True,cleared,True,True,True,False,False,2.5999488830566406,0.12262685596942902,2.1976490020751953,0.14085929095745087,12.323630332946777,0.05941835479461588,0.004266814217386477,6.408333333333333,6.408333333333333,0.0,0.0,0.0,0.0,0.0,0.0,0.0,0.0,0.0,0.0,0.0,0.0,0.0,0.0,0.0,0.0,0.0,0.0,boundary_characterization,b_d10_y_roll_-1_tilt,b_d10_y_roll_-1_tilt,5.0,10.0,20.0,0.0,0.0,-5.0,0.0
b004_try00,b004_try00,x_offset,straight,5.0,True,fixed_depth,True,True,cleared,True,True,True,False,False,0.0,0.0,0.02762346714735031,0.005236217752099037,0.0,0.0,0.0,3.375,3.375,0.0,0.0,0.0,0.0,0.0,0.0,0.0,0.0,0.0,0.0,0.0,0.0,0.0,0.0,0.0,0.0,0.0,0.0,boundary_characterization,b_d5_x_pitch_+1_drift,b_d5_x_pitch_+1_drift,5.0,5.0,20.0,0.8333333333333334,0.0,0.0,0.0
b004_try00,b004_try00,x_offset,realign,5.0,True,fixed_depth,True,True,cleared,True,True,True,False,False,0.0,0.0,0.02762346714735031,0.0062720454297959805,0.0,0.0,0.0,5.375,5.375,0.0,0.0,0.0,0.0,0.0,0.0,0.0,0.0,0.0,0.0,0.0,0.0,0.0,0.0,0.0,0.0,0.0,0.0,boundary_characterization,b_d5_x_pitch_+1_drift,b_d5_x_pitch_+1_drift,5.0,5.0,20.0,0.8333333333333334,0.0,0.0,0.0
b004_try00,b004_try00,x_offset,straight,10.0,True,fixed_depth,True,True,cleared,True,True,True,False,False,4.68801154056564e-05,1.8996256301306857e-07,0.03457961603999138,0.0028842450119554996,0.0,0.0,1.1851434796502266e-09,3.9166666666666665,3.9166666666666665,0.0,0.0,0.0,0.0,0.0,0.0,0.0,0.0,0.0,0.0,0.0,0.0,0.0,0.0,0.0,0.0,0.0,0.0,boundary_characterization,b_d5_x_pitch_+1_drift,b_d5_x_pitch_+1_drift,5.0,5.0,20.0,0.8333333333333334,0.0,0.0,0.0
b004_try00,b004_try00,x_offset,realign,10.0,True,fixed_depth,True,True,cleared,True,True,True,False,False,4.68801154056564e-05,1.8996256301306857e-07,0.03457961603999138,0.0028842450119554996,0.0,0.0,1.1851434796502266e-09,5.916666666666667,5.916666666666667,0.0,0.0,0.0,0.0,0.0,0.0,0.0,0.0,0.0,0.0,0.0,0.0,0.0,0.0,0.0,0.0,0.0,0.0,boundary_characterization,b_d5_x_pitch_+1_drift,b_d5_x_pitch_+1_drift,5.0,5.0,20.0,0.8333333333333334,0.0,0.0,0.0
b004_try00,b004_try00,x_offset,straight,15.0,True,fixed_depth,True,True,cleared,True,True,True,False,False,1.045741319656372,0.014616679400205612,0.912062406539917,0.07720813900232315,0.8365930318832397,0.0013672901104655466,0.0004795413910407146,4.25,4.25,0.0,0.0,0.0,0.0,0.0,0.0,0.0,0.0,0.0,0.0,0.0,0.0,0.0,0.0,0.0,0.0,0.0,0.0,boundary_characterization,b_d5_x_pitch_+1_drift,b_d5_x_pitch_+1_drift,5.0,5.0,20.0,0.8333333333333334,0.0,0.0,0.0
b004_try00,b004_try00,x_offset,realign,15.0,True,fixed_depth,True,True,cleared,True,True,True,False,False,1.045741319656372,0.014616679400205612,0.912062406539917,0.07720813900232315,0.8365930318832397,0.0012555219655041583,6.871095273282003e-05,6.25,6.25,0.0,0.0,0.0,0.0,0.0,0.0,0.0,0.0,0.0,0.0,0.0,0.0,0.0,0.0,0.0,0.0,0.0,0.0,boundary_characterization,b_d5_x_pitch_+1_drift,b_d5_x_pitch_+1_drift,5.0,5.0,20.0,0.8333333333333334,0.0,0.0,0.0
b004_try00,b004_try00,x_offset,straight,20.0,False,fixed_depth,False,,replay_mismatch,,,,,,,,,,,,,,,0.06212117532956378,0.015608249703643553,0.00021225214004516602,0.004575552535243332,0.0025430649625676144,0.13742881483686423,0.341583455344871,0.0008400452250041727,0.2869170904159546,0.0025263341285608476,0.005860570818185806,1.5236437320709229e-05,9.915558621287346e-06,2.1968717192066833e-06,6.315112113952637e-05,0.19347724318504333,0.011058348246046899,0.008029065858905126,boundary_characterization,b_d5_x_pitch_+1_drift,b_d5_x_pitch_+1_drift,5.0,5.0,20.0,0.8333333333333334,0.0,0.0,0.0
b004_try00,b004_try00,x_offset,realign,20.0,True,fixed_depth,True,True,cleared,True,True,True,False,False,0.2875206470489502,0.000662798760458827,0.23331087827682495,0.033509884029626846,0.2300523817539215,0.0025263341285608476,2.3283253702676438e-05,6.483333333333333,6.483333333333333,0.0,0.0,0.0,0.0,0.0,0.0,0.0,0.0,0.0,0.0,0.0,0.0,0.0,0.0,0.0,0.0,0.0,0.0,boundary_characterization,b_d5_x_pitch_+1_drift,b_d5_x_pitch_+1_drift,5.0,5.0,20.0,0.8333333333333334,0.0,0.0,0.0
b004_try00,b004_try00,x_offset,straight,20.050091296434402,True,terminal,True,True,cleared,True,True,True,False,False,0.4330034554004669,0.004784391261637211,0.3406044542789459,0.04317466914653778,0.3464045524597168,0.0013465645452015451,0.0007685304261663649,4.483333333333333,4.483333333333333,0.0,0.0,0.0,0.0,0.0,0.0,0.0,0.0,0.0,0.0,0.0,0.0,0.0,0.0,0.0,0.0,0.0,0.0,boundary_characterization,b_d5_x_pitch_+1_drift,b_d5_x_pitch_+1_drift,5.0,5.0,20.0,0.8333333333333334,0.0,0.0,0.0
b004_try00,b004_try00,x_offset,realign,20.050091296434402,False,terminal,False,,replay_mismatch,,,,,,,,,,,,,,,0.05310996764453063,0.007981410498376206,0.00020319223403930664,0.000575539939745795,0.0026175526693269207,0.14744113629020827,0.04858018187967031,0.00043091558609746746,0.0363856703042984,0.0005243421696832229,0.0009887367486953735,1.3560056686401367e-06,1.0287469194736332e-05,3.0174851417541504e-06,5.4270029067993164e-05,0.026301011443138123,0.0029051351734300616,0.007454169360893646,boundary_characterization,b_d5_x_pitch_+1_drift,b_d5_x_pitch_+1_drift,5.0,5.0,20.0,0.8333333333333334,0.0,0.0,0.0
b005_try00,b005_try00,tilt_only,straight,5.0,True,fixed_depth,True,True,cleared,True,True,True,False,False,0.0,0.0,0.02762346714735031,0.005236217752099037,0.0,0.0,0.0,3.375,3.375,0.0,0.0,0.0,0.0,0.0,0.0,0.0,0.0,0.0,0.0,0.0,0.0,0.0,0.0,0.0,0.0,0.0,0.0,boundary_characterization,b_d5_x_pitch_+1_tilt,b_d5_x_pitch_+1_tilt,5.0,5.0,20.0,0.0,0.0,0.0,5.0
b005_try00,b005_try00,tilt_only,realign,5.0,True,fixed_depth,True,True,cleared,True,True,True,False,False,0.0,0.0,0.02762346714735031,0.0062720454297959805,0.0,0.0,0.0,5.375,5.375,0.0,0.0,0.0,0.0,0.0,0.0,0.0,0.0,0.0,0.0,0.0,0.0,0.0,0.0,0.0,0.0,0.0,0.0,boundary_characterization,b_d5_x_pitch_+1_tilt,b_d5_x_pitch_+1_tilt,5.0,5.0,20.0,0.0,0.0,0.0,5.0
b005_try00,b005_try00,tilt_only,straight,10.0,True,fixed_depth,True,True,cleared,True,True,True,False,False,2.680990695953369,0.026912838220596313,2.4142227172851562,0.26563364267349243,2.1447670459747314,0.009805886293179356,0.00048263352895309665,3.925,3.925,0.0,0.0,0.0,0.0,0.0,0.0,0.0,0.0,0.0,0.0,0.0,0.0,0.0,0.0,0.0,0.0,0.0,0.0,boundary_characterization,b_d5_x_pitch_+1_tilt,b_d5_x_pitch_+1_tilt,5.0,5.0,20.0,0.0,0.0,0.0,5.0
b005_try00,b005_try00,tilt_only,realign,10.0,True,fixed_depth,True,True,cleared,True,True,True,False,False,2.680990695953369,0.026912838220596313,2.4142227172851562,0.26563364267349243,2.1447670459747314,0.009805886293179356,0.00046748898532566807,5.908333333333333,5.908333333333333,0.0,0.0,0.0,0.0,0.0,0.0,0.0,0.0,0.0,0.0,0.0,0.0,0.0,0.0,0.0,0.0,0.0,0.0,boundary_characterization,b_d5_x_pitch_+1_tilt,b_d5_x_pitch_+1_tilt,5.0,5.0,20.0,0.0,0.0,0.0,5.0
b005_try00,b005_try00,tilt_only,straight,15.0,False,fixed_depth,False,,replay_mismatch,,,,,,,,,,,,,,,0.01498095388004667,0.0057548465543747615,7.712841033935547e-05,0.002214007079601288,0.0005950941605155563,0.0906105774034743,0.19907530492684386,0.0027472513936486636,0.1589755415916443,0.0009501376325715682,0.051581328734755516,1.2116506695747375e-06,2.2843596525490284e-07,7.412745617330074e-06,1.0155141353607178e-05,0.2022733837366104,0.00229105763393136,0.00367516701318111,boundary_characterization,b_d5_x_pitch_+1_tilt,b_d5_x_pitch_+1_tilt,5.0,5.0,20.0,0.0,0.0,0.0,5.0
b005_try00,b005_try00,tilt_only,realign,15.0,True,fixed_depth,True,True,cleared,True,True,True,False,False,2.4462358951568604,0.03380236029624939,2.216599941253662,0.22495171427726746,1.9569884538650513,0.005782128027931321,0.00021152544358729963,6.25,6.25,0.0,0.0,0.0,0.0,0.0,0.0,0.0,0.0,0.0,0.0,0.0,0.0,0.0,0.0,0.0,0.0,0.0,0.0,boundary_characterization,b_d5_x_pitch_+1_tilt,b_d5_x_pitch_+1_tilt,5.0,5.0,20.0,0.0,0.0,0.0,5.0
b005_try00,b005_try00,tilt_only,straight,17.303024977445602,True,terminal,True,True,cleared,True,True,True,False,False,3.595507860183716,0.09883483499288559,3.57651686668396,0.22411099076271057,9.078351974487305,0.04473652006709017,0.07490700037774911,4.408333333333333,4.408333333333333,0.0,0.0,0.0,0.0,0.0,0.0,0.0,0.0,0.0,0.0,0.0,0.0,0.0,0.0,0.0,0.0,0.0,0.0,boundary_characterization,b_d5_x_pitch_+1_tilt,b_d5_x_pitch_+1_tilt,5.0,5.0,20.0,0.0,0.0,0.0,5.0
b005_try00,b005_try00,tilt_only,realign,17.303024977445602,False,terminal,False,,replay_mismatch,,,,,,,,,,,,,,,0.008799768579788486,0.03484856099601852,0.00041103363037109375,0.0003348240934428759,0.0005869325103334891,0.12207395417897068,0.017557714906355795,0.014641283064751539,1.2130165100097656,0.007144291885197163,0.01374620571732521,8.381903171539307e-09,9.4645656645298e-08,1.3792188838124275e-05,1.519918441772461e-05,0.010685205459594727,0.01864553474838058,0.016852050263061902,boundary_characterization,b_d5_x_pitch_+1_tilt,b_d5_x_pitch_+1_tilt,5.0,5.0,20.0,0.0,0.0,0.0,5.0
b006_try00,b006_try00,offset_tilt,straight,5.0,True,fixed_depth,True,True,cleared,True,True,True,False,False,0.0,0.0,0.02762346714735031,0.005236217752099037,0.0,0.0,0.0,3.375,3.375,0.0,0.0,0.0,0.0,0.0,0.0,0.0,0.0,0.0,0.0,0.0,0.0,0.0,0.0,0.0,0.0,0.0,0.0,boundary_characterization,b_d5_x_pitch_-1_combined,b_d5_x_pitch_-1_combined,5.0,5.0,20.0,-0.8333333333333334,0.0,0.0,-5.0
b006_try00,b006_try00,offset_tilt,realign,5.0,True,fixed_depth,True,True,cleared,True,True,True,False,False,0.0,0.0,0.02762346714735031,0.0062720454297959805,0.0,0.0,0.0,5.375,5.375,0.0,0.0,0.0,0.0,0.0,0.0,0.0,0.0,0.0,0.0,0.0,0.0,0.0,0.0,0.0,0.0,0.0,0.0,boundary_characterization,b_d5_x_pitch_-1_combined,b_d5_x_pitch_-1_combined,5.0,5.0,20.0,-0.8333333333333334,0.0,0.0,-5.0
b006_try00,b006_try00,offset_tilt,straight,10.0,True,fixed_depth,True,True,cleared,True,True,True,False,False,1.4540753364562988,0.014600957743823528,1.1157842874526978,0.17115309834480286,1.1632603406906128,0.006564503109984798,6.398823422829972e-05,3.933333333333333,3.933333333333333,0.0,0.0,0.0,0.0,0.0,0.0,0.0,0.0,0.0,0.0,0.0,0.0,0.0,0.0,0.0,0.0,0.0,0.0,boundary_characterization,b_d5_x_pitch_-1_combined,b_d5_x_pitch_-1_combined,5.0,5.0,20.0,-0.8333333333333334,0.0,0.0,-5.0
b006_try00,b006_try00,offset_tilt,realign,10.0,True,fixed_depth,True,True,cleared,True,True,True,False,False,1.4540753364562988,0.014600957743823528,1.1157842874526978,0.17115309834480286,1.1632603406906128,0.006564503109984798,6.495109110637996e-05,5.916666666666667,5.916666666666667,0.0,0.0,0.0,0.0,0.0,0.0,0.0,0.0,0.0,0.0,0.0,0.0,0.0,0.0,0.0,0.0,0.0,0.0,boundary_characterization,b_d5_x_pitch_-1_combined,b_d5_x_pitch_-1_combined,5.0,5.0,20.0,-0.8333333333333334,0.0,0.0,-5.0
b006_try00,b006_try00,offset_tilt,straight,15.0,False,fixed_depth,False,,replay_mismatch,,,,,,,,,,,,,,,0.008715259849281233,0.0008299382506194729,2.7865171432495117e-05,0.001879226416349411,0.002835240682343557,0.4828096689960077,0.14226375947429112,0.001991772172814998,0.1114014983177185,0.0005029561407354777,0.0037535876035690308,8.288770914077759e-07,1.075226828106679e-05,3.5658013075590134e-07,8.714916475582868e-06,0.06693130731582642,0.0015271335394388631,0.0007241268987872922,boundary_characterization,b_d5_x_pitch_-1_combined,b_d5_x_pitch_-1_combined,5.0,5.0,20.0,-0.8333333333333334,0.0,0.0,-5.0
b006_try00,b006_try00,offset_tilt,realign,15.0,True,fixed_depth,True,True,cleared,True,True,True,False,False,1.2535029649734497,0.017293402925133705,1.0886002779006958,0.15298496186733246,1.0028023719787598,0.0036026506222697208,2.3199470001259804e-05,6.25,6.25,0.0,0.0,0.0,0.0,0.0,0.0,0.0,0.0,0.0,0.0,0.0,0.0,0.0,0.0,0.0,0.0,0.0,0.0,boundary_characterization,b_d5_x_pitch_-1_combined,b_d5_x_pitch_-1_combined,5.0,5.0,20.0,-0.8333333333333334,0.0,0.0,-5.0
b006_try00,b006_try00,offset_tilt,straight,17.312505841255188,True,terminal,True,True,cleared,True,True,True,False,False,6.110513687133789,0.07550917565822601,6.1192193031311035,0.3039386570453644,8.630166053771973,0.04840691326535307,0.12761484599518852,4.391666666666667,4.391666666666667,0.0,0.0,0.0,0.0,0.0,0.0,0.0,0.0,0.0,0.0,0.0,0.0,0.0,0.0,0.0,0.0,0.0,0.0,boundary_characterization,b_d5_x_pitch_-1_combined,b_d5_x_pitch_-1_combined,5.0,5.0,20.0,-0.8333333333333334,0.0,0.0,-5.0
b006_try00,b006_try00,offset_tilt,realign,17.312505841255188,False,terminal,False,,replay_mismatch,,,,,,,,,,,,,,,0.0026382268233795646,0.0013129006785188334,1.7642974853515625e-05,0.0003751888871192932,0.000612635475094275,0.037646590650453005,0.11020672854652275,0.001107287906128461,0.026247024536132812,0.0001310872903559357,0.003589429266867228,3.4458935260772705e-07,1.4746910892426968e-07,9.932155080605298e-07,3.382563591003418e-06,0.09053659439086914,0.0010144483711615458,0.0013021545622240757,boundary_characterization,b_d5_x_pitch_-1_combined,b_d5_x_pitch_-1_combined,5.0,5.0,20.0,-0.8333333333333334,0.0,0.0,-5.0
b007_try00,b007_try00,x_offset,straight,5.0,True,fixed_depth,True,True,cleared,True,True,True,False,False,0.0,0.0,0.02762346714735031,0.005236217752099037,0.0,0.0,0.0,3.375,3.375,0.0,0.0,0.0,0.0,0.0,0.0,0.0,0.0,0.0,0.0,0.0,0.0,0.0,0.0,0.0,0.0,0.0,0.0,boundary_characterization,b_d5_x_pitch_-1_drift,b_d5_x_pitch_-1_drift,5.0,5.0,20.0,-0.8333333333333334,0.0,0.0,0.0
b007_try00,b007_try00,x_offset,realign,5.0,True,fixed_depth,True,True,cleared,True,True,True,False,False,0.0,0.0,0.02762346714735031,0.0062720454297959805,0.0,0.0,0.0,5.375,5.375,0.0,0.0,0.0,0.0,0.0,0.0,0.0,0.0,0.0,0.0,0.0,0.0,0.0,0.0,0.0,0.0,0.0,0.0,boundary_characterization,b_d5_x_pitch_-1_drift,b_d5_x_pitch_-1_drift,5.0,5.0,20.0,-0.8333333333333334,0.0,0.0,0.0
b007_try00,b007_try00,x_offset,straight,10.0,True,fixed_depth,True,True,cleared,True,True,True,False,False,0.0,0.0,0.06983187794685364,0.02095150575041771,0.0,0.0,0.0,3.908333333333333,3.908333333333333,0.0,0.0,0.0,0.0,0.0,0.0,0.0,0.0,0.0,0.0,0.0,0.0,0.0,0.0,0.0,0.0,0.0,0.0,boundary_characterization,b_d5_x_pitch_-1_drift,b_d5_x_pitch_-1_drift,5.0,5.0,20.0,-0.8333333333333334,0.0,0.0,0.0
b007_try00,b007_try00,x_offset,realign,10.0,True,fixed_depth,True,True,cleared,True,True,True,False,False,0.0,0.0,0.06983187794685364,0.02095150575041771,0.0,0.0,0.0,5.908333333333333,5.908333333333333,0.0,0.0,0.0,0.0,0.0,0.0,0.0,0.0,0.0,0.0,0.0,0.0,0.0,0.0,0.0,0.0,0.0,0.0,boundary_characterization,b_d5_x_pitch_-1_drift,b_d5_x_pitch_-1_drift,5.0,5.0,20.0,-0.8333333333333334,0.0,0.0,0.0
b007_try00,b007_try00,x_offset,straight,15.0,False,fixed_depth,False,,replay_mismatch,,,,,,,,,,,,,,,0.0770052744920952,0.0033386636951780566,0.00012445449829101562,0.0014077119994908571,0.005134501224740796,0.36702646452471965,0.00039517225301771654,1.7759977315206599e-06,0.0,0.0,0.0016805552295409143,5.746260285377502e-07,2.1239975467324257e-07,4.016476168544614e-06,5.936622619628906e-05,0.010530145102165989,0.004885697442152724,0.00703551446759527,boundary_characterization,b_d5_x_pitch_-1_drift,b_d5_x_pitch_-1_drift,5.0,5.0,20.0,-0.8333333333333334,0.0,0.0,0.0
b007_try00,b007_try00,x_offset,realign,15.0,True,fixed_depth,True,True,cleared,True,True,True,False,False,0.42682400345802307,0.0011948095634579659,0.2934872508049011,0.03953685238957405,0.3414592146873474,0.00016666662361330964,1.3086946605104604e-08,6.258333333333333,6.258333333333333,0.0,0.0,0.0,0.0,0.0,0.0,0.0,0.0,0.0,0.0,0.0,0.0,0.0,0.0,0.0,0.0,0.0,0.0,boundary_characterization,b_d5_x_pitch_-1_drift,b_d5_x_pitch_-1_drift,5.0,5.0,20.0,-0.8333333333333334,0.0,0.0,0.0
b007_try00,b007_try00,x_offset,straight,19.793511927127838,True,terminal,True,True,cleared,True,True,True,False,False,1.217126727104187,0.020062627270817757,0.9003466367721558,0.08900007605552673,0.9752393960952759,0.0016087356016214471,7.711050423479453e-05,4.475,4.475,0.0,0.0,0.0,0.0,0.0,0.0,0.0,0.0,0.0,0.0,0.0,0.0,0.0,0.0,0.0,0.0,0.0,0.0,boundary_characterization,b_d5_x_pitch_-1_drift,b_d5_x_pitch_-1_drift,5.0,5.0,20.0,-0.8333333333333334,0.0,0.0,0.0
b007_try00,b007_try00,x_offset,realign,19.793511927127838,False,terminal,False,,replay_mismatch,,,,,,,,,,,,,,,0.029371138532202214,0.02122424352581639,0.0006914138793945312,0.012921304907649755,0.001551589096432698,0.46312417847284076,0.9851563957046088,0.01950652606123858,0.7687961757183075,0.0002621711132633209,0.008426280692219734,8.954666554927826e-07,1.3131066225469112e-06,1.3074708476779051e-05,3.116577863693237e-05,0.4942375421524048,0.013545782292803217,0.03289270477417898,boundary_characterization,b_d5_x_pitch_-1_drift,b_d5_x_pitch_-1_drift,5.0,5.0,20.0,-0.8333333333333334,0.0,0.0,0.0
b008_try00,b008_try00,offset_tilt,straight,5.0,True,fixed_depth,True,True,cleared,True,True,True,False,False,0.0,0.0,0.02762346714735031,0.005236217752099037,0.0,0.0,0.0,3.375,3.375,0.0,0.0,0.0,0.0,0.0,0.0,0.0,0.0,0.0,0.0,0.0,0.0,0.0,0.0,0.0,0.0,0.0,0.0,boundary_characterization,b_d5_y_roll_+1_combined,b_d5_y_roll_+1_combined,5.0,5.0,20.0,0.0,0.8333333333333334,5.0,0.0
b008_try00,b008_try00,offset_tilt,realign,5.0,True,fixed_depth,True,True,cleared,True,True,True,False,False,0.0,0.0,0.02762346714735031,0.0062720454297959805,0.0,0.0,0.0,5.375,5.375,0.0,0.0,0.0,0.0,0.0,0.0,0.0,0.0,0.0,0.0,0.0,0.0,0.0,0.0,0.0,0.0,0.0,0.0,boundary_characterization,b_d5_y_roll_+1_combined,b_d5_y_roll_+1_combined,5.0,5.0,20.0,0.0,0.8333333333333334,5.0,0.0
b008_try00,b008_try00,offset_tilt,straight,10.0,True,fixed_depth,True,True,cleared,True,True,True,False,False,0.0,0.0,0.14375653862953186,0.11125469207763672,0.0,0.0,0.0,3.925,3.925,0.0,0.0,0.0,0.0,0.0,0.0,0.0,0.0,0.0,0.0,0.0,0.0,0.0,0.0,0.0,0.0,0.0,0.0,boundary_characterization,b_d5_y_roll_+1_combined,b_d5_y_roll_+1_combined,5.0,5.0,20.0,0.0,0.8333333333333334,5.0,0.0
b008_try00,b008_try00,offset_tilt,realign,10.0,True,fixed_depth,True,True,cleared,True,True,True,False,False,0.0,0.0,0.14375653862953186,0.11125469207763672,0.0,0.0,0.0,5.916666666666667,5.916666666666667,0.0,0.0,0.0,0.0,0.0,0.0,0.0,0.0,0.0,0.0,0.0,0.0,0.0,0.0,0.0,0.0,0.0,0.0,boundary_characterization,b_d5_y_roll_+1_combined,b_d5_y_roll_+1_combined,5.0,5.0,20.0,0.0,0.8333333333333334,5.0,0.0
b008_try00,b008_try00,offset_tilt,straight,15.0,True,fixed_depth,True,True,cleared,True,True,True,False,False,1.4491926431655884,0.020131979137659073,1.1544500589370728,0.10579216480255127,1.1593540906906128,0.0012555219655041583,2.0040833068790673e-05,4.283333333333333,4.283333333333333,0.0,0.0,0.0,0.0,0.0,0.0,0.0,0.0,0.0,0.0,0.0,0.0,0.0,0.0,0.0,0.0,0.0,0.0,boundary_characterization,b_d5_y_roll_+1_combined,b_d5_y_roll_+1_combined,5.0,5.0,20.0,0.0,0.8333333333333334,5.0,0.0
b008_try00,b008_try00,offset_tilt,realign,15.0,True,fixed_depth,True,True,cleared,True,True,True,False,False,1.4491922855377197,0.020131966099143028,1.154449701309204,0.10579212009906769,1.1593538522720337,0.0012555219655041583,2.004295714561621e-05,6.25,6.25,0.0,0.0,0.0,0.0,0.0,0.0,0.0,0.0,0.0,0.0,0.0,0.0,0.0,0.0,0.0,0.0,0.0,0.0,boundary_characterization,b_d5_y_roll_+1_combined,b_d5_y_roll_+1_combined,5.0,5.0,20.0,0.0,0.8333333333333334,5.0,0.0
b008_try00,b008_try00,offset_tilt,straight,17.374133318662643,True,terminal,True,True,cleared,True,True,True,False,False,4.29463005065918,0.11405608057975769,4.289973258972168,0.17964506149291992,11.671789169311523,0.0595494348090142,0.01426771574078269,4.416666666666667,4.416666666666667,0.0,0.0,0.0,0.0,0.0,0.0,0.0,0.0,0.0,0.0,0.0,0.0,0.0,0.0,0.0,0.0,0.0,0.0,boundary_characterization,b_d5_y_roll_+1_combined,b_d5_y_roll_+1_combined,5.0,5.0,20.0,0.0,0.8333333333333334,5.0,0.0
b008_try00,b008_try00,offset_tilt,realign,17.374133318662643,False,terminal,False,,replay_mismatch,,,,,,,,,,,,,,,0.017300129834962596,0.022793478845510723,0.00043326616287231445,0.0011551156640052795,0.0016376542299365129,0.2688976619472204,0.18153051774313447,0.006054910783618422,0.9136695861816406,0.0037359423004090786,0.009455874562263489,1.0780058801174164e-06,2.62079993262887e-07,3.768596798181534e-06,1.6123056411743164e-05,0.14205121994018555,0.008420626081577237,0.015051752871700555,boundary_characterization,b_d5_y_roll_+1_combined,b_d5_y_roll_+1_combined,5.0,5.0,20.0,0.0,0.8333333333333334,5.0,0.0
b009_try00,b009_try00,y_offset,straight,5.0,True,fixed_depth,True,True,cleared,True,True,True,False,False,0.0,0.0,0.02762346714735031,0.005236217752099037,0.0,0.0,0.0,3.375,3.375,0.0,0.0,0.0,0.0,0.0,0.0,0.0,0.0,0.0,0.0,0.0,0.0,0.0,0.0,0.0,0.0,0.0,0.0,boundary_characterization,b_d5_y_roll_+1_drift,b_d5_y_roll_+1_drift,5.0,5.0,20.0,0.0,0.8333333333333334,0.0,0.0
b009_try00,b009_try00,y_offset,realign,5.0,True,fixed_depth,True,True,cleared,True,True,True,False,False,0.0,0.0,0.02762346714735031,0.0062720454297959805,0.0,0.0,0.0,5.375,5.375,0.0,0.0,0.0,0.0,0.0,0.0,0.0,0.0,0.0,0.0,0.0,0.0,0.0,0.0,0.0,0.0,0.0,0.0,boundary_characterization,b_d5_y_roll_+1_drift,b_d5_y_roll_+1_drift,5.0,5.0,20.0,0.0,0.8333333333333334,0.0,0.0
b009_try00,b009_try00,y_offset,straight,10.0,True,fixed_depth,True,True,cleared,True,True,True,False,False,0.0,0.0,0.027671722695231438,0.0035340560134500265,0.0,0.0,0.0,3.908333333333333,3.908333333333333,0.0,0.0,0.0,0.0,0.0,0.0,0.0,0.0,0.0,0.0,0.0,0.0,0.0,0.0,0.0,0.0,0.0,0.0,boundary_characterization,b_d5_y_roll_+1_drift,b_d5_y_roll_+1_drift,5.0,5.0,20.0,0.0,0.8333333333333334,0.0,0.0
b009_try00,b009_try00,y_offset,realign,10.0,True,fixed_depth,True,True,cleared,True,True,True,False,False,0.0,0.0,0.027671722695231438,0.005805591586977243,0.0,0.0,0.0,5.916666666666667,5.916666666666667,0.0,0.0,0.0,0.0,0.0,0.0,0.0,0.0,0.0,0.0,0.0,0.0,0.0,0.0,0.0,0.0,0.0,0.0,boundary_characterization,b_d5_y_roll_+1_drift,b_d5_y_roll_+1_drift,5.0,5.0,20.0,0.0,0.8333333333333334,0.0,0.0
b009_try00,b009_try00,y_offset,straight,15.0,False,fixed_depth,False,,replay_mismatch,,,,,,,,,,,,,,,0.00519374235759936,0.005556152920855276,4.649162292480469e-06,0.0006991345435380936,0.002953111992035928,0.19984561607329618,0.06452946803429789,0.00018300092635888137,0.05162433534860611,0.0,0.0023275064304471016,1.5484634786844254e-05,4.075991455465555e-07,3.2941834433586337e-06,4.903122317045927e-06,0.03477044217288494,0.005361823844506562,0.0004250798287185636,boundary_characterization,b_d5_y_roll_+1_drift,b_d5_y_roll_+1_drift,5.0,5.0,20.0,0.0,0.8333333333333334,0.0,0.0
b009_try00,b009_try00,y_offset,realign,15.0,True,fixed_depth,True,True,cleared,True,True,True,False,False,0.3048911392688751,0.0032412412110716105,0.2282511591911316,0.017489060759544373,0.24392780661582947,0.0006255940547816863,6.6753694431126425e-06,6.258333333333333,6.258333333333333,0.0,0.0,0.0,0.0,0.0,0.0,0.0,0.0,0.0,0.0,0.0,0.0,0.0,0.0,0.0,0.0,0.0,0.0,boundary_characterization,b_d5_y_roll_+1_drift,b_d5_y_roll_+1_drift,5.0,5.0,20.0,0.0,0.8333333333333334,0.0,0.0
b009_try00,b009_try00,y_offset,straight,19.851786643266678,True,terminal,True,True,cleared,True,True,True,False,False,0.3697696924209595,0.006371575407683849,0.3261323869228363,0.03228987753391266,0.3579266667366028,0.0018702462512010243,5.5223040556716984e-05,4.475,4.475,0.0,0.0,0.0,0.0,0.0,0.0,0.0,0.0,0.0,0.0,0.0,0.0,0.0,0.0,0.0,0.0,0.0,0.0,boundary_characterization,b_d5_y_roll_+1_drift,b_d5_y_roll_+1_drift,5.0,5.0,20.0,0.0,0.8333333333333334,0.0,0.0
b009_try00,b009_try00,y_offset,realign,19.851786643266678,False,terminal,False,,replay_mismatch,,,,,,,,,,,,,,,0.023144184055915496,0.03668547003742583,0.0009622573852539062,0.0033106523333117366,0.0021984973302922426,0.12206375454675122,0.30479779253888684,0.006138154352418433,0.2988729178905487,0.0011798979215882355,0.01495322585105896,9.457580745220184e-07,9.802006388781592e-06,2.4462723331453162e-06,9.59634780883789e-06,0.21811160445213318,0.004286482126263488,0.03504069520190314,boundary_characterization,b_d5_y_roll_+1_drift,b_d5_y_roll_+1_drift,5.0,5.0,20.0,0.0,0.8333333333333334,0.0,0.0
b010_try00,b010_try00,tilt_only,straight,5.0,True,fixed_depth,True,True,cleared,True,True,True,False,False,0.0,0.0,0.02762346714735031,0.005236217752099037,0.0,0.0,0.0,3.375,3.375,0.0,0.0,0.0,0.0,0.0,0.0,0.0,0.0,0.0,0.0,0.0,0.0,0.0,0.0,0.0,0.0,0.0,0.0,boundary_characterization,b_d5_y_roll_+1_tilt,b_d5_y_roll_+1_tilt,5.0,5.0,20.0,0.0,0.0,5.0,0.0
b010_try00,b010_try00,tilt_only,realign,5.0,True,fixed_depth,True,True,cleared,True,True,True,False,False,0.0,0.0,0.02762346714735031,0.0062720454297959805,0.0,0.0,0.0,5.375,5.375,0.0,0.0,0.0,0.0,0.0,0.0,0.0,0.0,0.0,0.0,0.0,0.0,0.0,0.0,0.0,0.0,0.0,0.0,boundary_characterization,b_d5_y_roll_+1_tilt,b_d5_y_roll_+1_tilt,5.0,5.0,20.0,0.0,0.0,5.0,0.0
b010_try00,b010_try00,tilt_only,straight,10.0,True,fixed_depth,True,True,cleared,True,True,True,False,False,1.6386433839797974,0.016518479213118553,1.2289307117462158,0.12866149842739105,1.3109148740768433,0.001982014282475575,3.644289784764017e-05,3.925,3.925,0.0,0.0,0.0,0.0,0.0,0.0,0.0,0.0,0.0,0.0,0.0,0.0,0.0,0.0,0.0,0.0,0.0,0.0,boundary_characterization,b_d5_y_roll_+1_tilt,b_d5_y_roll_+1_tilt,5.0,5.0,20.0,0.0,0.0,5.0,0.0
b010_try00,b010_try00,tilt_only,realign,10.0,True,fixed_depth,True,True,cleared,True,True,True,False,False,1.6386433839797974,0.016518479213118553,1.2289307117462158,0.12866149842739105,1.3109148740768433,0.001982014282475575,3.644289784764017e-05,5.916666666666667,5.916666666666667,0.0,0.0,0.0,0.0,0.0,0.0,0.0,0.0,0.0,0.0,0.0,0.0,0.0,0.0,0.0,0.0,0.0,0.0,boundary_characterization,b_d5_y_roll_+1_tilt,b_d5_y_roll_+1_tilt,5.0,5.0,20.0,0.0,0.0,5.0,0.0
b010_try00,b010_try00,tilt_only,straight,15.0,False,fixed_depth,False,,replay_mismatch,,,,,,,,,,,,,,,0.018150473910198736,0.005096228318046265,7.623434066772461e-05,0.0006178449839353561,0.00017637790392600967,0.00529899700870671,0.08273400822833214,0.0011343835854497998,0.06618630886077881,5.588412932411302e-05,0.0014507584273815155,8.065253496170044e-07,1.7558340914547443e-07,1.560896635055542e-06,1.96993350982666e-05,0.0434136688709259,0.0003941032468170069,0.005057087467612482,boundary_characterization,b_d5_y_roll_+1_tilt,b_d5_y_roll_+1_tilt,5.0,5.0,20.0,0.0,0.0,5.0,0.0
b010_try00,b010_try00,tilt_only,realign,15.0,True,fixed_depth,True,True,cleared,True,True,True,False,False,1.045766830444336,0.014437636360526085,0.9074165225028992,0.1509876698255539,0.8366134762763977,0.002764390501397429,5.003240585210733e-06,6.25,6.25,0.0,0.0,0.0,0.0,0.0,0.0,0.0,0.0,0.0,0.0,0.0,0.0,0.0,0.0,0.0,0.0,0.0,0.0,boundary_characterization,b_d5_y_roll_+1_tilt,b_d5_y_roll_+1_tilt,5.0,5.0,20.0,0.0,0.0,5.0,0.0
b010_try00,b010_try00,tilt_only,straight,17.289889603853226,True,terminal,True,True,cleared,True,True,True,False,False,4.081423282623291,0.09320854395627975,3.859921455383301,0.15160074830055237,11.241842269897461,0.056010005209827796,0.018927359304701966,4.408333333333333,4.408333333333333,0.0,0.0,0.0,0.0,0.0,0.0,0.0,0.0,0.0,0.0,0.0,0.0,0.0,0.0,0.0,0.0,0.0,0.0,boundary_characterization,b_d5_y_roll_+1_tilt,b_d5_y_roll_+1_tilt,5.0,5.0,20.0,0.0,0.0,5.0,0.0
b010_try00,b010_try00,tilt_only,realign,17.289889603853226,False,terminal,False,,replay_mismatch,,,,,,,,,,,,,,,0.007123633990712285,0.01565127771125902,7.367134094238281e-05,0.0017615635297261178,0.004368037006152819,0.19304019297709366,0.21226756263754767,0.004291732755285952,0.2201213836669922,0.0017041020328179002,0.00605600792914629,5.885958671569824e-07,0.00045827720896340907,6.690621376037598e-06,1.3090670108795166e-05,0.18219125270843506,0.010653236347374563,0.005130243077039773,boundary_characterization,b_d5_y_roll_+1_tilt,b_d5_y_roll_+1_tilt,5.0,5.0,20.0,0.0,0.0,5.0,0.0
b011_try00,b011_try00,offset_tilt,straight,5.0,True,fixed_depth,True,True,cleared,True,True,True,False,False,0.0,0.0,0.02762346714735031,0.005236217752099037,0.0,0.0,0.0,3.375,3.375,0.0,0.0,0.0,0.0,0.0,0.0,0.0,0.0,0.0,0.0,0.0,0.0,0.0,0.0,0.0,0.0,0.0,0.0,boundary_characterization,b_d5_y_roll_-1_combined,b_d5_y_roll_-1_combined,5.0,5.0,20.0,0.0,-0.8333333333333334,-5.0,0.0
b011_try00,b011_try00,offset_tilt,realign,5.0,True,fixed_depth,True,True,cleared,True,True,True,False,False,0.0,0.0,0.02762346714735031,0.0062720454297959805,0.0,0.0,0.0,5.375,5.375,0.0,0.0,0.0,0.0,0.0,0.0,0.0,0.0,0.0,0.0,0.0,0.0,0.0,0.0,0.0,0.0,0.0,0.0,boundary_characterization,b_d5_y_roll_-1_combined,b_d5_y_roll_-1_combined,5.0,5.0,20.0,0.0,-0.8333333333333334,-5.0,0.0
b011_try00,b011_try00,offset_tilt,straight,10.0,True,fixed_depth,True,True,cleared,True,True,True,False,False,0.0,0.0,0.16153715550899506,0.11824305355548859,0.0,0.0,0.0,3.925,3.925,0.0,0.0,0.0,0.0,0.0,0.0,0.0,0.0,0.0,0.0,0.0,0.0,0.0,0.0,0.0,0.0,0.0,0.0,boundary_characterization,b_d5_y_roll_-1_combined,b_d5_y_roll_-1_combined,5.0,5.0,20.0,0.0,-0.8333333333333334,-5.0,0.0
b011_try00,b011_try00,offset_tilt,realign,10.0,True,fixed_depth,True,True,cleared,True,True,True,False,False,0.0,0.0,0.16153715550899506,0.11824305355548859,0.0,0.0,0.0,5.916666666666667,5.916666666666667,0.0,0.0,0.0,0.0,0.0,0.0,0.0,0.0,0.0,0.0,0.0,0.0,0.0,0.0,0.0,0.0,0.0,0.0,boundary_characterization,b_d5_y_roll_-1_combined,b_d5_y_roll_-1_combined,5.0,5.0,20.0,0.0,-0.8333333333333334,-5.0,0.0
b011_try00,b011_try00,offset_tilt,straight,15.0,True,fixed_depth,True,True,cleared,True,True,True,False,False,2.0256123542785645,0.02873183786869049,1.6260906457901,0.1217782124876976,1.6204923391342163,0.00377030301024206,2.256378941081216e-05,4.283333333333333,4.283333333333333,0.0,0.0,0.0,0.0,0.0,0.0,0.0,0.0,0.0,0.0,0.0,0.0,0.0,0.0,0.0,0.0,0.0,0.0,boundary_characterization,b_d5_y_roll_-1_combined,b_d5_y_roll_-1_combined,5.0,5.0,20.0,0.0,-0.8333333333333334,-5.0,0.0
b011_try00,b011_try00,offset_tilt,realign,15.0,True,fixed_depth,True,True,cleared,True,True,True,False,False,2.0255866050720215,0.028731470927596092,1.6260708570480347,0.12178251147270203,1.620471715927124,0.00377030301024206,2.5441044430533447e-05,6.25,6.25,0.0,0.0,0.0,0.0,0.0,0.0,0.0,0.0,0.0,0.0,0.0,0.0,0.0,0.0,0.0,0.0,0.0,0.0,boundary_characterization,b_d5_y_roll_-1_combined,b_d5_y_roll_-1_combined,5.0,5.0,20.0,0.0,-0.8333333333333334,-5.0,0.0
b011_try00,b011_try00,offset_tilt,straight,17.369186133146286,True,terminal,True,True,cleared,True,True,True,False,False,5.588393211364746,0.0879414975643158,5.532922744750977,0.17127841711044312,10.969213485717773,0.05535456512006931,0.02818764538416233,4.4,4.4,0.0,0.0,0.0,0.0,0.0,0.0,0.0,0.0,0.0,0.0,0.0,0.0,0.0,0.0,0.0,0.0,0.0,0.0,boundary_characterization,b_d5_y_roll_-1_combined,b_d5_y_roll_-1_combined,5.0,5.0,20.0,0.0,-0.8333333333333334,-5.0,0.0
b011_try00,b011_try00,offset_tilt,realign,17.369186133146286,False,terminal,False,,replay_mismatch,,,,,,,,,,,,,,,0.022522995490101005,0.028144806447754588,0.0003139972686767578,0.00563652953132987,0.0014143144307558046,0.10755358852729305,0.7016879848334817,0.009776728545025851,0.043117523193359375,0.00281834218185395,0.03007995616644621,5.397014319896698e-07,5.969195626676083e-08,2.3385509848594666e-06,1.7784535884857178e-05,0.363325834274292,0.030082948665871915,0.014533969619450358,boundary_characterization,b_d5_y_roll_-1_combined,b_d5_y_roll_-1_combined,5.0,5.0,20.0,0.0,-0.8333333333333334,-5.0,0.0
b012_try00,b012_try00,y_offset,straight,5.0,True,fixed_depth,True,True,cleared,True,True,True,False,False,0.0,0.0,0.02762346714735031,0.005236217752099037,0.0,0.0,0.0,3.375,3.375,0.0,0.0,0.0,0.0,0.0,0.0,0.0,0.0,0.0,0.0,0.0,0.0,0.0,0.0,0.0,0.0,0.0,0.0,boundary_characterization,b_d5_y_roll_-1_drift,b_d5_y_roll_-1_drift,5.0,5.0,20.0,0.0,-0.8333333333333334,0.0,0.0
b012_try00,b012_try00,y_offset,realign,5.0,True,fixed_depth,True,True,cleared,True,True,True,False,False,0.0,0.0,0.02762346714735031,0.0062720454297959805,0.0,0.0,0.0,5.375,5.375,0.0,0.0,0.0,0.0,0.0,0.0,0.0,0.0,0.0,0.0,0.0,0.0,0.0,0.0,0.0,0.0,0.0,0.0,boundary_characterization,b_d5_y_roll_-1_drift,b_d5_y_roll_-1_drift,5.0,5.0,20.0,0.0,-0.8333333333333334,0.0,0.0
b012_try00,b012_try00,y_offset,straight,10.0,True,fixed_depth,True,True,cleared,True,True,True,False,False,0.0,0.0,0.027827633544802666,0.005980048794299364,0.0,0.0,0.0,3.908333333333333,3.908333333333333,0.0,0.0,0.0,0.0,0.0,0.0,0.0,0.0,0.0,0.0,0.0,0.0,0.0,0.0,0.0,0.0,0.0,0.0,boundary_characterization,b_d5_y_roll_-1_drift,b_d5_y_roll_-1_drift,5.0,5.0,20.0,0.0,-0.8333333333333334,0.0,0.0
b012_try00,b012_try00,y_offset,realign,10.0,True,fixed_depth,True,True,cleared,True,True,True,False,False,0.0,0.0,0.027827633544802666,0.007335213478654623,0.0,0.0,0.0,5.908333333333333,5.908333333333333,0.0,0.0,0.0,0.0,0.0,0.0,0.0,0.0,0.0,0.0,0.0,0.0,0.0,0.0,0.0,0.0,0.0,0.0,boundary_characterization,b_d5_y_roll_-1_drift,b_d5_y_roll_-1_drift,5.0,5.0,20.0,0.0,-0.8333333333333334,0.0,0.0
b012_try00,b012_try00,y_offset,straight,15.0,False,fixed_depth,False,,replay_mismatch,,,,,,,,,,,,,,,0.03239040842701991,0.00277854779737957,9.584426879882812e-05,0.0009670657746028155,0.003877065255513844,0.25725697741129944,0.07013212182881963,0.00019353676826811906,0.05611533299088478,0.00010112385240290678,0.007911185864941217,1.6216188669204712e-05,4.0096347220242023e-07,2.1020198801124934e-05,4.470348358154297e-05,0.047177215572446585,0.004560170889164048,0.005047264576670662,boundary_characterization,b_d5_y_roll_-1_drift,b_d5_y_roll_-1_drift,5.0,5.0,20.0,0.0,-0.8333333333333334,0.0,0.0
b012_try00,b012_try00,y_offset,realign,15.0,True,fixed_depth,True,True,cleared,True,True,True,False,False,0.15271367132663727,0.0016046137316152453,0.10336057841777802,0.011842437088489532,0.12219565361738205,0.00023220941613999457,9.021025947279308e-07,6.258333333333333,6.258333333333333,0.0,0.0,0.0,0.0,0.0,0.0,0.0,0.0,0.0,0.0,0.0,0.0,0.0,0.0,0.0,0.0,0.0,0.0,boundary_characterization,b_d5_y_roll_-1_drift,b_d5_y_roll_-1_drift,5.0,5.0,20.0,0.0,-0.8333333333333334,0.0,0.0
b012_try00,b012_try00,y_offset,straight,20.0,True,fixed_depth,True,True,cleared,True,True,True,False,False,0.16373486816883087,0.0003740704560186714,0.1281481683254242,0.021193088963627815,0.1309880018234253,0.0016087356016214471,0.00022225626613490512,4.475,4.475,0.0,0.0,0.0,0.0,0.0,0.0,0.0,0.0,0.0,0.0,0.0,0.0,0.0,0.0,0.0,0.0,0.0,0.0,boundary_characterization,b_d5_y_roll_-1_drift,b_d5_y_roll_-1_drift,5.0,5.0,20.0,0.0,-0.8333333333333334,0.0,0.0
b012_try00,b012_try00,y_offset,realign,20.0,False,fixed_depth,False,,replay_mismatch,,,,,,,,,,,,,,,0.05208025443110737,0.018479981614379026,0.0006721019744873047,0.003716512699611485,0.0045812127659360415,0.4655231134668266,0.381935580170917,0.0060848424239015285,0.3693428603000939,0.0007209706609501154,0.016251299530267715,5.257781594991684e-06,0.029072467719743145,3.7475110730156302e-06,4.868209362030029e-05,0.3403432909399271,0.002045219714767911,0.020126268027349875,boundary_characterization,b_d5_y_roll_-1_drift,b_d5_y_roll_-1_drift,5.0,5.0,20.0,0.0,-0.8333333333333334,0.0,0.0
b012_try00,b012_try00,y_offset,straight,20.066024363040924,True,terminal,True,True,cleared,True,True,True,False,False,0.2014644891023636,0.0007885117083787918,0.15554320812225342,0.028453776612877846,0.17104186117649078,0.0013465645452015451,0.0001991285732186549,4.483333333333333,4.483333333333333,0.0,0.0,0.0,0.0,0.0,0.0,0.0,0.0,0.0,0.0,0.0,0.0,0.0,0.0,0.0,0.0,0.0,0.0,boundary_characterization,b_d5_y_roll_-1_drift,b_d5_y_roll_-1_drift,5.0,5.0,20.0,0.0,-0.8333333333333334,0.0,0.0
b012_try00,b012_try00,y_offset,realign,20.066024363040924,True,terminal,True,True,cleared,True,True,True,False,False,0.2014644891023636,0.0007666845922358334,0.15554320812225342,0.028453776612877846,0.17104186117649078,0.0006255940547816863,5.7492704151799785e-06,6.483333333333333,6.483333333333333,0.0,0.0,0.0,0.0,0.0,0.0,0.0,0.0,0.0,0.0,0.0,0.0,0.0,0.0,0.0,0.0,0.0,0.0,boundary_characterization,b_d5_y_roll_-1_drift,b_d5_y_roll_-1_drift,5.0,5.0,20.0,0.0,-0.8333333333333334,0.0,0.0
