time_s,phase,physics_time_s,command_depth_mm,depth_mm,tip_x_mm,tip_y_mm,tilt_deg,grasp_slip_mm,grasp_slip_deg,force_norm_n,torque_norm_nm,normal_load_n,min_separation_mm,contact_count,wrist_force_n,wrist_torque_nm,wrist_contact_force_balance_n,wrist_contact_torque_balance_nm,contact_power_w,lowest_peg_z_above_mouth_mm,fx,fy,fz,taux,tauy,tauz,qw,qx,qy,qz,vx,vy,vz,omegax,omegay,omegaz,joint1_rad,joint2_rad,joint3_rad,joint4_rad,joint5_rad,joint6_rad,joint7_rad,joint_velocity1_rad_s,joint_velocity2_rad_s,joint_velocity3_rad_s,joint_velocity4_rad_s,joint_velocity5_rad_s,joint_velocity6_rad_s,joint_velocity7_rad_s,hand_pose_0,hand_pose_1,hand_pose_2,hand_pose_3,hand_pose_4,hand_pose_5,hand_pose_6,grasp_position_0,grasp_position_1,grasp_position_2,grasp_quat_0,grasp_quat_1,grasp_quat_2,grasp_quat_3,wrist_raw_child_0,wrist_raw_child_1,wrist_raw_child_2,wrist_raw_child_3,wrist_raw_child_4,wrist_raw_child_5,wrist_force_world_0,wrist_force_world_1,wrist_force_world_2,wrist_torque_about_peg_base_world_0,wrist_torque_about_peg_base_world_1,wrist_torque_about_peg_base_world_2,com_offset_world_0,com_offset_world_1,com_offset_world_2,finger_position_0,finger_position_1,finger_velocity_0,finger_velocity_1,command_offset_x_mm,command_offset_y_mm,command_roll_deg,command_pitch_deg,command_tilt_deg,ramp_progress_depth_mm,tilt_triggered,tilt_trigger_time_s,tilt_trigger_depth_mm,tilt_trigger_step,tilt_ramp_fraction,tilt_ramp_completed,tilt_ramp_complete_time_s,reference_step,recovery_time_s
2.629166666666517,stop,2.6291668037883937,-9.472521218193902,-9.744337201118467,0.06496906280517578,0.006926848982402589,0.048456642643301504,0.01221074489876628,0.055952909680744456,0.0,0.0,0.0,0.0,0,0.015878872945904732,0.0016924438532441854,0.015878872945904732,0.0003112120903097093,0.0,9.740960209782394,0.0,0.0,0.0,0.0,0.0,0.0,-0.0003115122963208705,0.0004241751157678664,-2.7475302886159625e-06,0.9999998807907104,0.004519944544881582,-0.0004588818992488086,-0.00032314250711351633,-0.05885874852538109,-0.29493042826652527,-0.15797683596611023,-0.48923346400260925,0.4952070116996765,0.5026747584342957,-2.02036452293396,-0.35796457529067993,2.4293956756591797,1.0222290754318237,0.0024845923762768507,0.0018655054736882448,-0.0033968444913625717,-0.002345733344554901,-0.001369581324979663,0.006075154524296522,0.002731437562033534,0.6001015305519104,7.262859526235843e-06,0.11714323610067368,-4.451731456356356e-06,0.9999998211860657,0.00029992699273861945,-0.0003893841931130737,-1.1306683518341742e-05,6.101213330111932e-07,0.03239890933036804,3.4791413781931624e-05,1.158445593318902e-05,0.9999999403953552,-1.698289224805194e-06,-0.010085392743349075,0.00345092942006886,0.011769219301640987,-0.00043267951696179807,-0.0016154780751094222,-0.00025958637706935406,-0.010092482902109623,-0.003456877311691642,-0.011761395260691643,6.597582250833511e-05,0.00015861261636018753,0.00025950372219085693,2.1219253540039062e-05,-1.3076987670501694e-07,0.024999991059303284,0.0040640379302203655,0.004067291971296072,2.416577444819268e-06,3.4265685826539993e-06,0.0,0.0,0.0,0.0,0.0,-9.745305776596068,False,,,,0.0,False,,631,0.0
2.6333333333331836,stop,2.633333470672369,-9.744337201118467,-9.743636846542357,0.07337331771850586,0.009275934644392692,0.048456642643301504,0.008689356036484241,0.03956468118525214,0.0,0.0,0.0,0.0,0,0.013163554482161999,0.014742710627615452,0.013163555413484573,0.01456393487751484,0.0,9.740259855206283,0.0,0.0,0.0,0.0,0.0,0.0,-0.0003110038232989609,0.0004082332015968859,-2.7322764708515024e-06,0.9999998807907104,0.004622756503522396,-0.0022107260301709175,-0.0002122512087225914,0.13710901141166687,-0.303501158952713,-0.16206298768520355,-0.4892220199108124,0.49521273374557495,0.5026633143424988,-2.02036452293396,-0.35797029733657837,2.4294230937957764,1.0222290754318237,0.00240046507678926,0.0018423133296892047,-0.003248973051086068,-0.0021888259798288345,-0.0013480656780302525,0.0054893591441214085,0.0016099809436127543,0.6001058220863342,8.343422450707294e-06,0.11714108288288116,-4.9220057007914875e-06,0.9999998807907104,0.0003024411271326244,-0.0003792672941926867,-7.849865141906776e-06,-6.25773850515543e-07,0.03239746391773224,2.896659316320438e-05,8.561752110836096e-06,1.0,-2.184212007705355e-06,-0.0017949288012459874,0.009567592293024063,-0.008861071430146694,-0.001724119414575398,-0.004720452707260847,-0.013859734870493412,-0.0017824191600084305,-0.00956876203417778,0.008862335234880447,-0.0003340945113450289,0.004460731986910105,0.01385995838791132,2.0384788513183594e-05,-1.3026601664023474e-07,0.024999991059303284,0.0040640332736074924,0.0040673199109733105,0.00015790201723575592,0.0002240940957562998,,,,,0.048456642643301504,,,,,,,,,631,0.004166666666666667
2.63749999999985,stop,2.6375001375563443,-9.744337201118467,-9.741669893264769,0.07891654968261719,0.010124511391040869,0.044234660174789026,0.0039897036003821995,0.03956468118525214,0.0,0.0,0.0,0.0,0,0.011721491813659668,0.005650749895721674,0.011721491813659668,0.0054939789697527885,0.0,9.738587136000058,0.0,0.0,0.0,0.0,0.0,0.0,-0.0003102341142948717,0.0003912587708327919,-2.143623760275659e-06,0.9999998807907104,0.003442825749516487,3.182151340297423e-05,-0.0001568702282384038,-0.0063733914867043495,-0.2334267944097519,-0.12284130603075027,-0.4892105758190155,0.4952184557914734,0.5026518702507019,-2.02036452293396,-0.3579760193824768,2.429429769515991,1.0222290754318237,0.002345125889405608,0.0018131737597286701,-0.003170655108988285,-0.0020336557645350695,-0.001404128153808415,0.005073685199022293,0.0012658665655180812,0.6001057028770447,8.848133802530356e-06,0.11713707447052002,-2.531074414946488e-06,0.9999998807907104,0.00030570387025363743,-0.0003793791984207928,-2.1814576030010357e-06,-1.1212372328373021e-06,0.03239542245864868,1.1879667908942793e-05,4.530050773610128e-06,1.0,-3.855572572319943e-07,-0.003578616539016366,-0.005183865781873465,-0.009885059669613838,-0.0005448933225125074,-0.0032799544278532267,-0.004569022450596094,-0.003574283793568611,0.0051816292107105255,0.009887799620628357,-0.0012920207809656858,0.0027621290646493435,0.004570025485008955,1.9550323486328125e-05,-1.0111216397490352e-07,0.024999991059303284,0.004064040258526802,0.004067356698215008,2.4258024495793507e-06,3.442299203015864e-06,,,,,0.048456642643301504,,,,,,,,,631,0.008333333333333333
2.6416666666665165,stop,2.6416668044403195,-9.744337201118467,-9.737892448902128,0.07975101470947266,0.010529531209613197,0.044234660174789026,0.004207599431538256,0.03956468118525214,0.0,0.0,0.0,0.0,0,0.012674955651164055,0.0025798147544264793,0.012674960307776928,0.0018738668877631426,0.0,9.734809691637418,0.0,0.0,0.0,0.0,0.0,0.0,-0.00030529507785104215,0.00038069766014814377,-4.261745800704375e-07,0.9999998807907104,0.000912671210244298,0.000220240413909778,-0.00013591977767646313,0.01281665824353695,-0.08416204154491425,-0.0393400564789772,-0.48919913172721863,0.4952241778373718,0.502640426158905,-2.02036452293396,-0.35798174142837524,2.429429769515991,1.0222290754318237,0.0022832206450402737,0.001794261857867241,-0.003070840844884515,-0.0018913188250735402,-0.0013950859429314733,0.0048323096707463264,0.0011435456108301878,0.6001040935516357,8.527067620889284e-06,0.11713257431983948,2.521042574699095e-07,0.9999998211860657,0.0003082262701354921,-0.0003829688357654959,4.948615242028609e-07,-2.02614182853722e-06,0.032394684851169586,-2.2714518763677916e-06,-2.9309426281542983e-06,1.0,6.786993935747887e-07,-0.006324967369437218,-0.0001925788092194125,-0.010982358828186989,-0.00015415776579175144,-0.002182419179007411,-0.0013670135522261262,-0.006316671147942543,0.0001886880345409736,0.010987205430865288,-0.0001817359880078584,0.0012685731053352356,0.0013671398628503084,1.901388168334961e-05,-1.5497789718210697e-08,0.024999991059303284,0.004064036067575216,0.004067395348101854,2.6133643586945254e-06,3.710927558131516e-06,,,,,0.048456642643301504,,,,,,,,,631,0.0125
2.645833333333183,stop,2.645833471324295,-9.744337201118467,-9.733608365058897,0.07802248001098633,0.010112327800015919,0.044234660174789026,0.0035251316603535088,0.08846931922527276,0.0,0.0,0.0,0.0,0,0.011300047859549522,0.0016573353204876184,0.011300049722194672,0.001370315090753138,0.0,9.730525607794187,0.0,0.0,0.0,0.0,0.0,0.0,-0.0003092855913564563,0.000383305421564728,1.2991288258490385e-06,0.9999998211860657,-0.0005126496544107795,0.00020553424837999046,-1.24338548630476e-05,0.01154874637722969,0.0009768774034455419,0.005922721698880196,-0.48918768763542175,0.49522989988327026,0.5026289820671082,-2.02036452293396,-0.3579874634742737,2.429429769515991,1.0222290754318237,0.0022144229151308537,0.0017722672782838345,-0.002962190192192793,-0.0017626216867938638,-0.00136338802985847,0.004597208928316832,0.0010884705698117614,0.6001026630401611,8.841399903758429e-06,0.11712782829999924,3.1231541015586117e-06,0.9999997615814209,0.00031136683537624776,-0.00038630113704130054,4.1199564293492585e-07,-1.4808098285357119e-06,0.03239422291517258,-2.9962475309730507e-06,-2.080560307149426e-06,0.9999997615814209,1.823906131903641e-06,-0.002046396490186453,1.583532866789028e-05,-0.01111319474875927,-3.234118776163086e-05,-0.0016173134790733457,-0.00036057084798812866,-0.0020377994515001774,-1.703750604065135e-05,0.011114774271845818,-3.061445022467524e-05,0.0013216679217293859,0.0003605829842854291,1.919269561767578e-05,7.088419806677848e-08,0.024999991059303284,0.004064043518155813,0.004067418165504932,2.5921460746758385e-06,3.6791752791032195e-06,,,,,0.048456642643301504,,,,,,,,,631,0.016666666666666666
2.6499999999998494,stop,2.65000013820827,-9.744337201118467,-9.729093313217161,0.07635354995727539,0.010255002962367143,0.044234660174789026,0.004223351879772963,0.07912936237050427,0.0,0.0,0.0,0.0,0,0.010938379913568497,0.0009931328240782022,0.010938379913568497,0.0014458936639130116,0.0,9.72601055595245,0.0,0.0,0.0,0.0,0.0,0.0,-0.0003128500538878143,0.0003874930553138256,4.1553153096174356e-06,0.9999998211860657,-0.0006002942682243884,0.000173524662386626,3.524229396134615e-05,0.00838357862085104,0.006908724084496498,0.009379430674016476,-0.48917636275291443,0.4952356219291687,0.5026175379753113,-2.02036452293396,-0.3579931855201721,2.429429769515991,1.0222290754318237,0.0021392626222223043,0.0017448681173846126,-0.0028479001484811306,-0.0016467910027131438,-0.0013220581458881497,0.004357989877462387,0.0010569003643468022,0.6001010537147522,8.362302651221398e-06,0.11712343245744705,5.95285564486403e-06,0.9999997615814209,0.00031384266912937164,-0.0003895292175002396,5.620804586214945e-07,-2.285947175550973e-06,0.03239434212446213,-2.0367106117191724e-06,-9.919197054841788e-07,0.9999998211860657,1.7973011381400283e-06,0.0031363596208393574,-6.208176637301221e-05,-0.010478909127414227,3.2016199838835746e-05,-0.0009925938211381435,6.723154456267366e-06,0.0031444828491657972,6.417777331080288e-05,0.010476462543010712,2.211089122283738e-05,0.0014457087963819504,-6.750822649337351e-06,1.9371509552001953e-05,2.138267518603243e-07,0.024999991059303284,0.004064048640429974,0.004067448899149895,2.5442629976168973e-06,3.611756255850196e-06,,,,,0.048456642643301504,,,,,,,,,631,0.020833333333333332
2.654166666666516,stop,2.6541668050922453,-9.744337201118467,-9.724928438663481,0.07462501525878906,0.009652742846810725,0.044234660174789026,0.005382475137594156,0.055952909680744456,0.0,0.0,0.0,0.0,0,0.011511215940117836,0.0005018907831981778,0.011511217802762985,0.001064787502400577,0.0,9.72184568139877,0.0,0.0,0.0,0.0,0.0,0.0,-0.0003182677610311657,0.0003913888649549335,6.487516657216474e-06,0.9999998211860657,-0.0006559914327226579,0.0001318266149610281,9.092001710087061e-05,0.00631253095343709,0.011261305771768093,0.012708844617009163,-0.48916861414909363,0.49524134397506714,0.5026060938835144,-2.02036452293396,-0.35799890756607056,2.429429769515991,1.0222290754318237,0.0020643596071749926,0.0017174278618767858,-0.0027353514451533556,-0.001536324038170278,-0.0012821118580177426,0.004163453821092844,0.0010349462972953916,0.6000995635986328,6.3473939917457756e-06,0.1171189397573471,8.83296706888359e-06,0.9999998211860657,0.0003151659620925784,-0.0003928805235773325,5.414840416051447e-07,-3.885302248818334e-06,0.03239401429891586,-1.4924324887033436e-06,3.1027188924781512e-06,0.9999999403953552,2.343771939194994e-06,0.004053138196468353,-0.000252509635174647,-0.010771091096103191,0.0001398392632836476,-0.0004678578407038003,0.0001159672174253501,0.004061440471559763,0.00025525744422338903,0.010767899453639984,0.00010256344830850139,0.0010534634348005056,-0.00011605113104451448,1.9550323486328125e-05,3.3060405257856473e-07,0.024999991059303284,0.00406405795365572,0.004067485686391592,2.4792632302705897e-06,3.518623998388648e-06,,,,,0.048456642643301504,,,,,,,,,631,0.025
2.6583333333331822,stop,2.6583334719762206,-9.744337201118467,-9.720651805400847,0.07301568984985352,0.007478489351342432,0.044234660174789026,0.006626993126701564,0.06852804166478502,0.0,0.0,0.0,0.0,0,0.011906998232007027,0.0003168949333485216,0.011906999163329601,0.000873787619639188,0.0,9.717569048136136,0.0,0.0,0.0,0.0,0.0,0.0,-0.0003173928416799754,0.00039500504499301314,9.646319085732102e-06,0.9999998807907104,-0.0006163833313621581,0.00012379771214909852,0.00014669180382043123,0.004814079497009516,0.010387676768004894,0.012129625305533409,-0.4891628623008728,0.4952470660209656,0.5025946497917175,-2.02036452293396,-0.358004629611969,2.429429769515991,1.0222290754318237,0.0019884053617715836,0.0016897900495678186,-0.0026213345117866993,-0.0014301839983090758,-0.0012418200494721532,0.003992358222603798,0.0010130155133083463,0.6000980138778687,2.8909894354001153e-06,0.11711419373750687,1.157005135610234e-05,0.9999997615814209,0.0003150645934510976,-0.0003963276103604585,7.057024049572647e-07,-5.344737019186141e-06,0.03239354491233826,-1.3232074707048014e-06,2.3289749151444994e-06,0.9999998807907104,1.9224225979996845e-06,0.0047981468960642815,-0.0006816702079959214,-0.010876107960939407,0.0002518261026125401,-0.00016050992417149246,0.00010603105329209939,0.004806336015462875,0.0006849479977972806,0.01087228674441576,0.00015266877016983926,0.0008537739049643278,-0.00010614693019306287,1.9729137420654297e-05,4.885841917712241e-07,0.024999991059303284,0.004064061213284731,0.004067510366439819,2.460828000039328e-06,3.491295501589775e-06,,,,,0.048456642643301504,,,,,,,,,631,0.029166666666666667
2.6624999999998487,stop,2.662500138860196,-9.744337201118467,-9.71613675355911,0.07134675979614258,0.003853437192447018,0.044234660174789026,0.006962862244108692,0.06852804166478502,0.0,0.0,0.0,0.0,0,0.012037746608257294,0.00036812658072449267,0.012037751264870167,0.0006881168228574097,0.0,9.7130539962944,0.0,0.0,0.0,0.0,0.0,0.0,-0.00031741565908305347,0.0003973942366428673,1.3220960681792349e-05,0.9999998211860657,-0.0006914913537912071,0.00013122915697749704,0.0002041822299361229,0.0046792770735919476,0.016340957954525948,0.015453862026333809,-0.48915714025497437,0.495252788066864,0.5025832056999207,-2.02036452293396,-0.35801035165786743,2.429429769515991,1.0222290754318237,0.0019111883593723178,0.0016630657482892275,-0.0025039638858288527,-0.0013263861183077097,-0.0012011502403765917,0.0038426865357905626,0.0009875763207674026,0.6000965237617493,-8.585307114117313e-07,0.11710980534553528,1.4553040273312945e-05,0.9999998211860657,0.00031489809043705463,-0.0003996867162641138,7.447524694725871e-07,-5.662507646775339e-06,0.032393671572208405,-2.292937097081449e-06,2.518062274248223e-06,0.9999998807907104,1.3303633750183508e-06,0.00466530816629529,-0.0011727844830602407,-0.011034800671041012,0.00036543019814416766,1.566344144521281e-05,4.1624607547419146e-05,0.004673387855291367,0.0011760469060391188,0.01103103905916214,0.0001954937761183828,0.0006584389484487474,-4.177471055299975e-05,1.9848346710205078e-05,6.673549250990618e-07,0.024999991059303284,0.004064064472913742,0.004067520145326853,2.4570742880314356e-06,3.4896074794232845e-06,,,,,0.048456642643301504,,,,,,,,,631,0.03333333333333333
2.666666666666515,stop,2.666666805744171,-9.744337201118467,-9.711994230747221,0.06979703903198242,-1.3863663994584385e-05,0.044234660174789026,0.0066127909121860284,0.06852804166478502,0.0,0.0,0.0,0.0,0,0.012199749238789082,0.0004455994057934731,0.012199746444821358,0.0006675547338090837,0.0,9.70891147348251,0.0,0.0,0.0,0.0,0.0,0.0,-0.0003167055547237396,0.00040036579594016075,1.5851248463150114e-05,0.9999998807907104,-0.000645627558697015,0.0001381626643706113,0.0002559517743065953,0.005680023226886988,0.015166415832936764,0.014540188014507294,-0.4891514182090759,0.49525851011276245,0.5025717616081238,-2.02036452293396,-0.35801607370376587,2.429429769515991,1.0222290754318237,0.0018314773915335536,0.0016364738112315536,-0.0023812863510102034,-0.0012257698690518737,-0.0011578572448343039,0.0036969881039112806,0.000960748118814081,0.6000949144363403,-4.151560460741166e-06,0.11710526794195175,1.757070822350215e-05,0.9999997615814209,0.0003151643613819033,-0.0004029813571833074,1.0171934263780713e-06,-5.283630343910772e-06,0.03239327669143677,-2.6161967525695218e-06,1.5417821259688935e-06,0.9999998807907104,1.7179937685796176e-06,0.00511209899559617,-0.0015786333242431283,-0.010963951237499714,0.000433101668022573,0.00010344439215259627,1.6764141037128866e-05,0.005119937937706709,0.001582243130542338,0.01095976959913969,0.0002045737492153421,0.0006352105410769582,-1.6926045645959675e-05,2.002716064453125e-05,7.98902249243838e-07,0.024999991059303284,0.004064066801220179,0.004067542497068644,2.4529999791411683e-06,3.4821423469111323e-06,,,,,0.048456642643301504,,,,,,,,,631,0.0375
2.6708333333331815,stop,2.6708334726281464,-9.744337201118467,-9.707680344581602,0.0680088996887207,-0.0034294271245016716,0.048456642643301504,0.006898232641106006,0.055952909680744456,0.0,0.0,0.0,0.0,0,0.01212340034544468,0.0004990544402971864,0.012123403139412403,0.0005493169301189482,0.0,9.704303353245528,0.0,0.0,0.0,0.0,0.0,0.0,-0.0003163391083944589,0.00040481617907062173,1.8497699784347787e-05,0.9999999403953552,-0.0007902402430772781,0.00015031677321530879,0.0003146328963339329,0.005287193227559328,0.025231795385479927,0.01986761949956417,-0.4891456961631775,0.4952642321586609,0.5025603175163269,-2.02036452293396,-0.3580217957496643,2.429429769515991,1.0222290754318237,0.0017514621140435338,0.0016109412536025047,-0.0022565126419067383,-0.00112572789657861,-0.0011177555425092578,0.0035637228284031153,0.0009390295017510653,0.6000933051109314,-7.758428182569332e-06,0.11710045486688614,2.020556894422043e-05,0.9999997615814209,0.0003149428521282971,-0.0004064949171151966,1.0657768143573776e-06,-5.6456547099514864e-06,0.032392777502536774,-1.6793636632428388e-06,1.3968427765576052e-06,0.9999999403953552,1.7067836779460777e-06,0.004520122893154621,-0.0018938007997348905,-0.011088680475950241,0.000476956891361624,0.0001436192396795377,3.067560464842245e-05,0.00452794274315238,0.0018970989622175694,0.01108492910861969,0.00020296272123232484,0.0005095137166790664,-3.0837913072900847e-05,2.0265579223632812e-05,9.312877864431357e-07,0.024999991059303284,0.004064068663865328,0.004067562986165285,2.453156184856198e-06,3.4816621337085962e-06,,,,,0.048456642643301504,,,,,,,,,631,0.041666666666666664
2.674999999999848,stop,2.6750001395121217,-9.744337201118467,-9.703105688095091,0.06628036499023438,-0.007161934263422154,0.048456642643301504,0.006852588285255479,0.07912936237050427,0.0,0.0,0.0,0.0,0,0.012235153466463089,0.0005164530011825264,0.012235154397785664,0.0005633239052258432,0.0,9.699728696759017,0.0,0.0,0.0,0.0,0.0,0.0,-0.0003164741210639477,0.0004075964097864926,2.1645406377501786e-05,0.9999998211860657,-0.000831129087600857,0.0001663232978899032,0.0003708101576194167,0.005397371016442776,0.029226120561361313,0.022068509832024574,-0.48913997411727905,0.4952699542045593,0.50254887342453,-2.02036452293396,-0.35802751779556274,2.429429769515991,1.0222290754318237,0.0016692293575033545,0.001585385063663125,-0.002127097686752677,-0.0010273924563080072,-0.0010796776041388512,0.0034275762736797333,0.0009192394209094346,0.6000918745994568,-1.1275813449174166e-05,0.11709592491388321,2.3132788555813022e-05,0.9999997615814209,0.0003149595868308097,-0.0004098256176803261,9.834948286879808e-07,-5.620296178676654e-06,0.032392822206020355,-2.229782012364012e-06,1.515091753390152e-06,0.9999998211860657,1.4860895589663414e-06,0.0048218839801847935,-0.0021797537337988615,-0.011031639762222767,0.0004904641536995769,0.00016141754167620093,1.0628700692905113e-05,0.004829550627619028,0.002183304401114583,0.011027584783732891,0.00017516064690425992,0.0005352910957299173,-1.0772242603707127e-05,2.0384788513183594e-05,1.0887197277043015e-06,0.024999991059303284,0.0040640695951879025,0.004067584872245789,2.4559863049944397e-06,3.4836266422644258e-06,,,,,0.048456642643301504,,,,,,,,,631,0.04583333333333333
2.6791666666665144,stop,2.679166806396097,-9.744337201118467,-9.698814153671263,0.06479024887084961,-0.010770496373879723,0.048456642643301504,0.00709925006958656,0.03956468118525214,0.0,0.0,0.0,0.0,0,0.012380817905068398,0.0005368955316953361,0.012380819767713547,0.0005888149025849998,0.0,9.695437162335189,0.0,0.0,0.0,0.0,0.0,0.0,-0.00031758745899423957,0.00041111535392701626,2.404523729637731e-05,0.9999998807907104,-0.0007240952691063285,0.00018189936236012727,0.00042229611426591873,0.006649031303822994,0.024467648938298225,0.01969771645963192,-0.4891342520713806,0.49527567625045776,0.5025374293327332,-2.02036452293396,-0.3580332100391388,2.429429769515991,1.0222290754318237,0.0015848100883886218,0.0015595880104228854,-0.0019932345021516085,-0.0009314003400504589,-0.0010422476334497333,0.0032882338855415583,0.0009027377818711102,0.6000902652740479,-1.4854396795271896e-05,0.11709147691726685,2.606161797302775e-05,0.9999997615814209,0.00031488636159338057,-0.00041314688860438764,1.3177868822822347e-06,-5.779910679848399e-06,0.03239266574382782,-2.0323245735198725e-06,2.7018386390409432e-06,1.0,2.0146064798609586e-06,0.005271725356578827,-0.002447629813104868,-0.010931727476418018,0.0005010551540181041,0.00019186074496246874,1.9747854821616784e-05,0.005279213655740023,0.002451522508636117,0.010927243158221245,0.0001470231218263507,0.0005698177847079933,-1.9871902622980997e-05,2.0563602447509766e-05,1.2087903087376617e-06,0.024999991059303284,0.004064072854816914,0.00406760536134243,2.4556895823479863e-06,3.4840631997212768e-06,,,,,0.048456642643301504,,,,,,,,,631,0.05
2.683333333333181,stop,2.683333473280072,-9.744337201118467,-9.694597125053404,0.06318092346191406,-0.014434696822718251,0.048456642643301504,0.0067975297497469,0.03956468118525214,0.0,0.0,0.0,0.0,0,0.014375448226928711,0.00036124230246059597,0.014375455677509308,0.0012394834775477648,0.0,9.69122013371733,0.0,0.0,0.0,0.0,0.0,0.0,-0.00031233459594659507,0.00041306696948595345,2.6353527573519386e-05,0.9999998211860657,-0.0008696364238858223,-0.003130655735731125,0.00027836684603244066,0.2475813627243042,0.036117661744356155,0.025514110922813416,-0.4891285300254822,0.4952813982963562,0.5025259852409363,-2.02036452293396,-0.3580388128757477,2.429429769515991,1.0222290754318237,0.001481536659412086,0.0015430091880261898,-0.00180906115565449,-0.0008441678364761174,-0.0009467742638662457,0.003187901573255658,0.0008698911988176405,0.6000887751579285,-1.8003380318987183e-05,0.1170869693160057,2.873573248507455e-05,0.9999998211860657,0.0003149710828438401,-0.00041640890412963927,1.4093966456130147e-06,-5.437932486529462e-06,0.03239237517118454,-3.342559011798585e-06,-2.635597638800391e-06,1.0,2.3822396997275064e-06,0.004507277626544237,0.008884084410965443,-0.0103639280423522,-8.317687752423808e-05,0.000346857268596068,5.7163175370078534e-05,0.004521503113210201,-0.00888064969331026,0.010360685177147388,0.0011999523267149925,0.0003050457453355193,-5.814372707391158e-05,2.0623207092285156e-05,1.3241269698482938e-06,0.024999991059303284,0.004064071923494339,0.004067293368279934,-0.00015056603297125548,-0.00021367985755205154,,,,,0.048456642643301504,,,,,,,,,631,0.05416666666666667
2.6874999999998472,stop,2.6875001401640475,-9.744337201118467,-9.690335392951964,0.061511993408203125,-0.017950866094906814,0.048456642643301504,0.00720259185982286,0.08846931922527276,0.0,0.0,0.0,0.0,0,0.01875825971364975,0.0007826600922271609,0.01875825598835945,0.0014538280665874481,0.0,9.68695840161589,0.0,0.0,0.0,0.0,0.0,0.0,-0.00031704219873063266,0.0004167126608081162,3.05022404063493e-05,0.9999998211860657,-0.0008892723126336932,0.00029983866261318326,0.0005276851588860154,0.011595862917602062,0.03683633729815483,0.027474304661154747,-0.48912280797958374,0.49528712034225464,0.5025145411491394,-2.02036452293396,-0.35804441571235657,2.429429769515991,1.0222290754318237,0.0014180768048390746,0.0015090842498466372,-0.0017262919573113322,-0.0007364245248027146,-0.0010138159850612283,0.003008536295965314,0.0009055388509295881,0.6000871658325195,-2.1707404812332243e-05,0.11708235740661621,3.16217374347616e-05,0.9999997615814209,0.00031474701245315373,-0.00041991440230049193,1.5767764125484973e-06,-5.812694325868506e-06,0.032392024993896484,-3.202211246389197e-06,2.2955268832447473e-06,0.9999997615814209,1.1175325198564678e-06,0.004526249133050442,-0.014054609462618828,-0.011569499969482422,0.000777863955590874,-8.381472434848547e-05,-2.143834535672795e-05,0.004527115263044834,0.0140581876039505,0.011564807035028934,-0.001253020018339157,0.0007369213853962719,2.244794086436741e-05,2.086162567138672e-05,1.531718226033263e-06,0.024999991059303284,0.004064067266881466,0.004067316651344299,2.5594526960048825e-06,3.6314886528998613e-06,,,,,0.048456642643301504,,,,,,,,,631,0.058333333333333334
2.6916666666665137,stop,2.6916668070480227,-9.744337201118467,-9.685969352722166,0.0597834587097168,-0.02172496897401288,0.048456642643301504,0.006754917649232084,0.06852804166478502,0.0,0.0,0.0,0.0,0,0.013828562572598457,0.0009257992496713996,0.013828564435243607,0.00044599446118809283,0.0,9.682592361386092,0.0,0.0,0.0,0.0,0.0,0.0,-0.00031715442310087383,0.00042024068534374237,3.537283919285983e-05,0.9999998211860657,-0.0009991825791075826,0.0012735326308757067,0.0006699070218019187,0.057220276445150375,0.04482823982834816,0.031166408210992813,-0.4891170859336853,0.4952928423881531,0.5025035738945007,-2.02036452293396,-0.3580499291419983,2.429429769515991,1.0222290754318237,0.0013356460258364677,0.0014831421431154013,-0.0015967844519764185,-0.0006411023205146194,-0.0009971862891688943,0.002878401428461075,0.0009024529135785997,0.6000857353210449,-2.4855631636455655e-05,0.11707786470651627,3.430066863074899e-05,0.9999998211860657,0.00031493278220295906,-0.00042318791383877397,1.4903798728482798e-06,-5.360488557926146e-06,0.03239189833402634,-2.9469679247995373e-06,2.221088834630791e-06,0.9999998807907104,-1.0740554898802657e-06,0.004480212461203337,-0.006528125144541264,-0.011337567120790482,0.0009031801600940526,0.00020315166329964995,9.964860510081053e-06,0.004485693760216236,0.006531726568937302,0.011333326809108257,-4.0240585803985596e-05,0.0004440639750100672,-9.947255421138834e-06,2.104043960571289e-05,1.7753063730197027e-06,0.024999991059303284,0.004064068663865328,0.004067642148584127,3.501918399706483e-06,4.969595465809107e-06,,,,,0.048456642643301504,,,,,,,,,631,0.0625
2.69583333333318,stop,2.695833473931998,-9.744337201118467,-9.681685268878935,0.05823373794555664,-0.024885082893888466,0.048456642643301504,0.006476840098912362,0.055952909680744456,0.0,0.0,0.0,0.0,0,0.012476838193833828,0.0004638989339582622,0.012476839125156403,0.0006295376806519926,0.0,9.678308277542861,0.0,0.0,0.0,0.0,0.0,0.0,-0.0003164513036608696,0.0004226723685860634,3.436000406509265e-05,0.9999998807907104,-0.0009662583470344543,-4.637044185074046e-05,0.000853494624607265,-0.03203369304537773,0.04415202513337135,0.030698642134666443,-0.48911136388778687,0.4952985644340515,0.5024935007095337,-2.02036452293396,-0.3580554127693176,2.429429769515991,1.0222290754318237,0.0012379230465739965,0.0014629053184762597,-0.0014296865556389093,-0.0005555713432841003,-0.0009238907950930297,0.002764576580375433,0.0008774717571213841,0.6000841856002808,-2.744615812844131e-05,0.11707361042499542,3.6900193663313985e-05,0.9999998211860657,0.00031557786860503256,-0.00042639629100449383,1.6979538486339152e-06,-4.95926042276551e-06,0.032391928136348724,-3.724815769601264e-06,8.743317607695644e-07,0.9999999403953552,2.5386166271346156e-06,0.00485436012968421,0.0008277227752842009,-0.011463924311101437,0.0003567677631508559,0.000292503071250394,4.858941611018963e-05,0.004864655900746584,-0.0008238099399022758,0.011459842324256897,0.0004759865114465356,0.0004090885922778398,-4.900016210740432e-05,2.1159648895263672e-05,1.7246875358978286e-06,0.024999991059303284,0.004064064938575029,0.004067327827215195,2.405121449555736e-06,3.4153781598433852e-06,,,,,0.048456642643301504,,,,,,,,,631,0.06666666666666667
2.6999999999998465,stop,2.7000001408159733,-9.744337201118467,-9.677661955356596,0.056624412536621094,-0.02756570029305294,0.048456642643301504,0.0024717846827115864,0.06852804166478502,0.0,0.0,0.0,0.0,0,0.012008742429316044,0.0006015566759742796,0.012008744291961193,0.0004919281345792115,0.0,9.674284964020522,0.0,0.0,0.0,0.0,0.0,0.0,-0.0003170193813275546,0.0004270086355973035,3.711520548677072e-05,0.9999998807907104,-0.0010192081099376082,0.00038392224814742804,0.0007082229712978005,0.013299456797540188,0.04913630336523056,0.033394817262887955,-0.4891056418418884,0.49530428647994995,0.5024934411048889,-2.02036452293396,-0.3580610156059265,2.429429769515991,1.0222290754318237,0.0011513641802594066,0.0014371024444699287,-0.0012899409048259258,-0.0004611493495758623,-0.0009187630494125187,0.0026271459646523,0.0008913862402550876,0.6000832915306091,-2.38389602600364e-05,0.11707059293985367,3.7412050005514175e-05,0.9999997615814209,0.0003204625390935689,-0.00042838833178393543,1.1086303857155144e-06,1.2947812138008885e-06,0.03239293396472931,-1.3796808389088255e-06,-3.4430890991643537e-06,0.9999998807907104,2.97886458611174e-07,0.004551525227725506,-0.004647073335945606,-0.010094464756548405,0.0005717515014111996,0.00017888942966237664,5.449102900456637e-05,0.004557192791253328,0.004650748334825039,0.010090216062963009,-9.992340346798301e-05,0.00047858490142971277,-5.4452408221550286e-05,2.1338462829589844e-05,1.86252873390913e-06,0.024999991059303284,0.004064070526510477,0.004067360423505306,2.5966619432438165e-06,3.6869896575808525e-06,,,,,0.048456642643301504,,,,,,,,,631,0.07083333333333333
2.704166666666513,stop,2.7041668076999485,-9.744337201118467,-9.674882888793944,0.055670738220214844,-0.023782811695127748,0.048456642643301504,0.0025832673600234557,0.06852804166478502,0.0,0.0,0.0,0.0,0,0.011805973947048187,0.0004192011838313192,0.011805974878370762,0.0007461929344572127,0.0,9.67150589745787,0.0,0.0,0.0,0.0,0.0,0.0,-0.0003204348322469741,0.00042926313471980393,3.7363650335464627e-05,0.9999998211860657,-0.0006833855295553803,0.0006980181788094342,0.0005719311302527785,0.03837486729025841,0.03161707520484924,0.022556547075510025,-0.48909991979599,0.4953100085258484,0.502493143081665,-2.02036452293396,-0.3580666184425354,2.429429769515991,1.0222290754318237,0.0010660802945494652,0.001408581156283617,-0.0011556331301108003,-0.0003694630868267268,-0.0009189571719616652,0.002469087252393365,0.0009214287274517119,0.6000822186470032,-2.0627221601898782e-05,0.11706734448671341,3.792292409343645e-05,0.9999997615814209,0.00032528775045648217,-0.00043072065454907715,1.3788940123049542e-06,6.905734153406229e-07,0.0323924645781517,-1.4575363138646935e-06,-4.852754045714391e-06,0.9999998807907104,5.609002755591064e-07,0.005613184999674559,-0.003542716847732663,-0.009763316251337528,0.00032135326182469726,0.00012917985441163182,0.00023616575344931334,0.005619287025183439,0.0035471112933009863,0.009758209809660912,-0.00019108012202195823,0.0006815915694460273,-0.0002360618527745828,2.1457672119140625e-05,1.8750597519101575e-06,0.024999991059303284,0.004064073786139488,0.004067698493599892,3.0814808269497007e-06,4.37328708358109e-06,,,,,0.048456642643301504,,,,,,,,,631,0.075
2.7083333333331794,stop,2.708333474583924,-9.744337201118467,-9.671835601329802,0.05453824996948242,-0.020782381398021244,0.048456642643301504,0.0025596009436412714,0.06852804166478502,0.0,0.0,0.0,0.0,0,0.012203695252537727,0.00032993132481351495,0.012203692458570004,0.0005681187030859292,0.0,9.668458609993728,0.0,0.0,0.0,0.0,0.0,0.0,-0.0003287366998847574,0.00043107091914862394,3.8832746213302016e-05,0.9999998211860657,-0.0008022105903364718,0.00040908472146838903,0.0008412941824644804,0.01369822770357132,0.03892327472567558,0.02790083736181259,-0.48909419775009155,0.4953157305717468,0.502493143081665,-2.02036452293396,-0.3580722212791443,2.429429769515991,1.0222290754318237,0.000983856851235032,0.001382980844937265,-0.001024911180138588,-0.00027924016467295587,-0.0009155823499895632,0.0023354634176939726,0.0009545979555696249,0.6000813245773315,-1.683582922851201e-05,0.11706437915563583,3.838035627268255e-05,0.9999998211860657,0.00033041529241017997,-0.000432756933150813,1.2719356163870543e-06,1.451651314710034e-06,0.03239254653453827,-1.6857593436725438e-06,-1.6788516177257407e-06,0.9999998807907104,-4.522289884789643e-07,0.003977825399488211,-0.0009883317397907376,-0.011494793929159641,5.17813787155319e-05,0.00010609306627884507,0.00030808703741058707,0.003987118601799011,0.00099184550344944,0.011491267941892147,-9.155608131550252e-05,0.00046848802594468,-0.00030805086134932935,2.1576881408691406e-05,1.9487215467961505e-06,0.024999991059303284,0.004064072389155626,0.00406738230958581,2.6019697543233633e-06,3.693276084959507e-06,,,,,0.048456642643301504,,,,,,,,,631,0.07916666666666666
2.712499999999846,stop,2.712500141467899,-9.744337201118467,-9.669116139411924,0.05358457565307617,-0.016901114577194676,0.048456642643301504,0.0025908657335094176,0.07912936237050427,0.0,0.0,0.0,0.0,0,0.011160477064549923,0.000337666628183797,0.011160477995872498,0.0007664522854611278,0.0,9.66573914807585,0.0,0.0,0.0,0.0,0.0,0.0,-0.0003365231095813215,0.00043443363392725587,4.0520026232115924e-05,0.9999998211860657,-0.0007396408473141491,0.0009168465039692819,0.0007490016869269311,0.05165030434727669,0.03763728216290474,0.026076635345816612,-0.4890884757041931,0.49532145261764526,0.502493143081665,-2.02036452293396,-0.3580778241157532,2.429429769515991,1.0222290754318237,0.0009077525464817882,0.0013521695509552956,-0.000912191579118371,-0.00018638494657352567,-0.000941121019423008,0.0021811893675476313,0.0010017595486715436,0.6000803709030151,-1.3387959370447788e-05,0.11706143617630005,3.885329351760447e-05,0.9999997615814209,0.0003353034844622016,-0.0004347837239038199,1.4033212210051715e-06,9.87551629805239e-07,0.03239232301712036,-3.496189151519502e-07,1.2188842219984508e-06,0.9999998211860657,-1.6674063090249547e-06,0.004507424309849739,-0.002920323982834816,-0.009783203713595867,8.179852011380717e-05,4.573060505208559e-05,0.00032440171344205737,0.004513970110565424,0.0029241095762699842,0.00977905560284853,-0.000340759550454095,0.0006051871459931135,-0.0003241613449063152,2.1696090698242188e-05,2.0333109205239452e-06,0.024999991059303284,0.004064079374074936,0.0040677208453416824,3.3470423659309745e-06,4.750152584165335e-06,,,,,0.048456642643301504,,,,,,,,,631,0.08333333333333333
2.7166666666665122,stop,2.7166668083518744,-9.744337201118467,-9.666381776332853,0.05263090133666992,-0.013325972759048454,0.048456642643301504,0.0028550684874062426,0.06852804166478502,0.0,0.0,0.0,0.0,0,0.011427917517721653,0.0003898543945979327,0.011427916586399078,0.0006160553894005716,0.0,9.66300478499678,0.0,0.0,0.0,0.0,0.0,0.0,-0.00033985613845288754,0.0004350647795945406,3.922513860743493e-05,0.9999997615814209,-0.0007971207378432155,0.0004310126241762191,0.00089911965187639,0.01590367779135704,0.040953628718853,0.028801176697015762,-0.4890827536582947,0.4953271746635437,0.502493143081665,-2.02036452293396,-0.35808342695236206,2.429429769515991,1.0222290754318237,0.0008292795391753316,0.001323964912444353,-0.0007926170947030187,-9.885498730000108e-05,-0.0009390917257405818,0.002044422086328268,0.0010334041435271502,0.6000792980194092,-9.730923011375125e-06,0.11705824732780457,3.9178670704131946e-05,0.9999998211860657,0.0003402896982152015,-0.00043698179069906473,1.6644626157358289e-06,1.0484072845429182e-06,0.03239186853170395,-1.9169003735441947e-06,-4.336415031502838e-07,0.9999998807907104,-4.695459665526869e-08,0.0039710914716124535,0.0007325293263420463,-0.010690703056752682,-0.0001847854146035388,6.421170110115781e-05,0.00033722049556672573,0.003980930428951979,-0.0007289855857379735,0.010687285102903843,-7.959233334986493e-05,0.0005094010848551989,-0.00033719404018484056,2.1755695343017578e-05,1.968649485206697e-06,0.024999991059303284,0.004063761793076992,0.004067432601004839,2.8472277335822582e-06,4.0412560338154435e-06,,,,,0.048456642643301504,,,,,,,,,631,0.0875
2.7208333333331787,stop,2.7208334752358496,-9.744337201118467,-9.663401544094084,0.05155801773071289,-0.00986093709798297,0.048456642643301504,0.0029269044716784265,0.0,0.0,0.0,0.0,0.0,0,0.011054529808461666,0.00038409297121688724,0.011054528877139091,0.0006563013303093612,0.0,9.66002455275801,0.0,0.0,0.0,0.0,0.0,0.0,-0.00033749444992281497,0.00043663536780513823,3.892285531037487e-05,0.9999998807907104,-0.0009123486233875155,0.00040490448009222746,0.0010071273427456617,0.012642373330891132,0.0491451695561409,0.033602628856897354,-0.4890771806240082,0.49533289670944214,0.502493143081665,-2.02036452293396,-0.35808902978897095,2.429429769515991,1.0222290754318237,0.0007566871936433017,0.0012932798126712441,-0.0006878440617583692,-9.647490514907986e-06,-0.0009563568746671081,0.0019028056412935257,0.0010726995533332229,0.600078284740448,-6.234978627617238e-06,0.11705531924962997,3.963771814596839e-05,0.9999998211860657,0.00034527992829680443,-0.0004390723770484328,1.740307197906077e-06,1.049453658197308e-06,0.03239192068576813,-2.436917156956042e-06,-7.78525645728223e-06,1.0000001192092896,7.174768938966736e-07,0.003698087064549327,-0.0001919690112117678,-0.010415850207209587,-0.0001951185695361346,1.2927564966958016e-05,0.00033058892586268485,0.0037070985417813063,0.00019535154569894075,0.010412583127617836,-0.00022349022037815303,0.0005211468087509274,-0.0003304384299553931,2.181529998779297e-05,1.9535109458956867e-06,0.024999991059303284,0.004063773434609175,0.004067130386829376,2.7591540856519714e-06,3.917302819900215e-06,,,,,0.048456642643301504,,,,,,,,,631,0.09166666666666666
2.724999999999845,stop,2.725000142119825,-9.744337201118467,-9.660659730434416,0.05048513412475586,-0.006425865194614744,0.048456642643301504,0.0038671805668855086,0.03956468118525214,0.0,0.0,0.0,0.0,0,0.01089545525610447,0.0003871486405842006,0.010895459912717342,0.0006744037382304668,0.0,9.657282739098342,0.0,0.0,0.0,0.0,0.0,0.0,-0.00034488458186388016,0.00043816183460876346,3.9951090002432466e-05,0.9999998807907104,-0.0009329867898486555,0.0004091116425115615,0.0010956217302009463,0.012094967998564243,0.05150885507464409,0.03479379042983055,-0.48907601833343506,0.4953386187553406,0.502493143081665,-2.02036452293396,-0.35809463262557983,2.429429769515991,1.0222290754318237,0.0006857570842839777,0.0012611637357622385,-0.0005886939470656216,7.768492650939152e-05,-0.0009714883053675294,0.0017589674098417163,0.0011071462649852037,0.6000772714614868,-5.406178843259113e-06,0.11705232411623001,3.989901233580895e-05,0.9999997615814209,0.0003476913261692971,-0.0004410989349707961,1.8135742720915005e-06,-1.5737816738692345e-06,0.03239166736602783,-2.9370544325502124e-06,-2.8069171094102785e-06,1.0,-5.183832385569076e-08,0.003929827827960253,9.583216160535812e-05,-0.01016160473227501,-0.0002126050676451996,1.0295494575984776e-05,0.0003233838942833245,0.003938856068998575,-9.228550334228203e-05,0.010158145800232887,-0.00019944968516938388,0.0005572718800976872,-0.0003232465242035687,2.193450927734375e-05,2.005110218306072e-06,0.024999991059303284,0.004063788335770369,0.00406715227290988,2.7650546599033987e-06,3.92331276088953e-06,,,,,0.048456642643301504,,,,,,,,,631,0.09583333333333333
2.7291666666665115,stop,2.7291668090038,-9.744337201118467,-9.657895565032957,0.04941225051879883,-0.005613096618617419,0.05233915627441309,0.004308094958105357,0.055952909680744456,0.0,0.0,0.0,0.0,0,0.01056094653904438,0.00026583473663777113,0.010560943745076656,0.0005807622219435871,0.0,9.654247997555668,0.0,0.0,0.0,0.0,0.0,0.0,-0.0003487558860797435,0.0004412085108924657,4.08898813475389e-05,0.9999998211860657,-0.0009404615266248584,0.0003692006575874984,0.0011161824222654104,0.009597351774573326,0.05358479171991348,0.03521015867590904,-0.48907598853111267,0.495344340801239,0.502493143081665,-2.02036452293396,-0.3581002354621887,2.429429769515991,1.0222290754318237,0.0006146791856735945,0.0012287691934034228,-0.0004897416802123189,0.00016250548651441932,-0.000977539224550128,0.0016211329493671656,0.0011260053142905235,0.60007643699646,-5.286891337163979e-06,0.11704939603805542,4.0451988752465695e-05,0.9999997615814209,0.00034984940430149436,-0.0004431356501299888,1.7074544302886352e-06,-2.303247129020747e-06,0.0323915034532547,-1.9269948552391725e-06,-1.093814489649958e-06,0.9999999403953552,-4.380599989417533e-07,0.003958422690629959,0.00022355208056978881,-0.009788488037884235,-0.00015165474906098098,4.5165608753450215e-05,0.0002136094990419224,0.003967251628637314,-0.0002199874143116176,0.009784990921616554,-0.0001199401740450412,0.0005265939980745316,-0.0002135365502908826,2.205371856689453e-05,2.052187255685567e-06,0.024999991059303284,0.004063792526721954,0.004067180212587118,2.7098933514935197e-06,3.84650775231421e-06,,,,,0.048456642643301504,,,,,,,,,631,0.1
2.733333333333178,stop,2.7333334758877754,-9.744337201118467,-9.655183553695677,0.04851818084716797,-0.005518941179616377,0.05233915627441309,0.004560881734505529,0.06852804166478502,0.0,0.0,0.0,0.0,0,0.010574049316346645,0.00019190594321116805,0.010574047453701496,0.0005674397689290345,0.0,9.651535986218388,0.0,0.0,0.0,0.0,0.0,0.0,-0.0003534038842190057,0.0004429949331097305,4.147271829424426e-05,0.9999998211860657,-0.0008757941541261971,0.00036484707379713655,0.0011619110591709614,0.009721755050122738,0.0509815588593483,0.03380352258682251,-0.48907598853111267,0.49535006284713745,0.502493143081665,-2.02036452293396,-0.3581058382987976,2.429429769515991,1.0222290754318237,0.0005437865038402379,0.0011959742987528443,-0.0003914747794624418,0.00024440453853458166,-0.000976555806118995,0.0014848335413262248,0.0011358768679201603,0.6000754237174988,-5.135194896865869e-06,0.11704614758491516,4.0746275772107765e-05,0.9999998211860657,0.0003518773301038891,-0.0004453341825865209,1.9685830920934677e-06,-2.2646445358986966e-06,0.03239097446203232,-2.339038474019617e-06,1.5261481394190923e-06,0.9999998807907104,-7.27956205537339e-07,0.004109377507120371,2.700777076825034e-05,-0.00974283367395401,-7.637683302164078e-05,5.617684655589983e-05,0.00016684913134668022,0.004118071403354406,-2.331882387807127e-05,0.009739169850945473,-7.302412268472835e-05,0.0005374261527322233,-0.00016681871784385294,2.2172927856445312e-05,2.081463208014611e-06,0.024999991059303284,0.004063805565237999,0.004067210480570793,2.698790240174276e-06,3.8295111153274775e-06,,,,,0.048456642643301504,,,,,,,,,631,0.10416666666666667
2.7374999999998444,stop,2.7375001427717507,-9.744337201118467,-9.652143716812132,0.04744529724121094,-0.00537341247763834,0.05233915627441309,0.004624445409717737,0.055952909680744456,0.0,0.0,0.0,0.0,0,0.0103682242333889,0.00016514211893081665,0.010368216782808304,0.0004568567092064768,0.0,9.648496149334843,0.0,0.0,0.0,0.0,0.0,0.0,-0.00035277620190754533,0.0004453275469131768,4.15310132666491e-05,0.9999998211860657,-0.0010048581752926111,0.00035529356682673097,0.0012119454331696033,0.008675136603415012,0.059835366904735565,0.038702934980392456,-0.48907598853111267,0.4953557848930359,0.502493143081665,-2.02036452293396,-0.3581114411354065,2.429429769515991,1.0222290754318237,0.00047420349437743425,0.0011637040879577398,-0.0002950240159407258,0.00032535925856791437,-0.0009728695149533451,0.0013605408603325486,0.0011423050891608,0.6000743508338928,-4.913561951980228e-06,0.117043137550354,4.1338651499245316e-05,0.9999998211860657,0.0003542151243891567,-0.00044745675404556096,2.106080501107499e-06,-2.2269277906161733e-06,0.032391004264354706,-2.1290827589837136e-06,-1.4390938076758175e-06,0.9999999403953552,-1.924849613033075e-07,0.0034465021453797817,-8.682062798470724e-06,-0.009778630919754505,-2.4225942979683168e-05,6.680827209493145e-05,0.00014906936849001795,0.0034552444703876972,1.1935168913623784e-05,0.009775534272193909,-2.5940733394236304e-05,0.00043107077362947166,-0.00014907419972587377,2.2292137145996094e-05,2.0844054233748466e-06,0.024999991059303284,0.004063818603754044,0.004067232366651297,2.676967824299936e-06,3.8013531593605876e-06,,,,,0.048456642643301504,,,,,,,,,631,0.10833333333333334
2.741666666666511,stop,2.741666809655726,-9.744337201118467,-9.649327397346495,0.046372413635253906,-0.005183755547477631,0.05233915627441309,0.004774150511366315,0.055952909680744456,0.0,0.0,0.0,0.0,0,0.010333362966775894,0.00015886538312770426,0.01033336203545332,0.000491208047606051,0.0,9.645679829869206,0.0,0.0,0.0,0.0,0.0,0.0,-0.00035677372943609953,0.00044689999776892364,4.219306356390007e-05,0.9999998211860657,-0.0010557647328823805,0.00032244378235191107,0.0012761836405843496,0.0067253559827804565,0.06386402994394302,0.04134460911154747,-0.48907598853111267,0.4953615069389343,0.502493143081665,-2.02036452293396,-0.3581170439720154,2.429429769515991,1.0222290754318237,0.0004047230177093297,0.0011310898698866367,-0.00019877827435266227,0.00040412574890069664,-0.0009640965727157891,0.0012343390844762325,0.001145226415246725,0.6000733375549316,-4.756817361339927e-06,0.11704009026288986,4.17543706134893e-05,0.9999998211860657,0.00035623443545773625,-0.00044948860886506736,2.177932401536964e-06,-2.2867975530971307e-06,0.0323907732963562,-2.5884587557811756e-06,5.390012915995612e-07,0.9999999403953552,-4.399003614707908e-07,0.003591469256207347,5.764167872257531e-05,-0.009688983671367168,-8.014452760107815e-06,5.116336251376197e-05,0.0001501875085523352,0.0036002181004732847,-5.427069481811486e-05,0.009685754776000977,-1.7781985661713406e-07,0.00046767486492171884,-0.00015021825674921274,2.2351741790771484e-05,2.1176249447307782e-06,0.024999991059303284,0.004063821397721767,0.004067250527441502,2.6322957182856044e-06,3.734734491445124e-06,,,,,0.048456642643301504,,,,,,,,,631,0.1125
2.7458333333331773,stop,2.7458334765397012,-9.744337201118467,-9.64648127555847,0.045359134674072266,-0.005050729669164866,0.05233915627441309,0.004982251994078979,0.055952909680744456,0.0,0.0,0.0,0.0,0,0.010210535489022732,0.00014913821360096335,0.010210540145635605,0.0004967872519046068,0.0,9.64283370808118,0.0,0.0,0.0,0.0,0.0,0.0,-0.000356370466761291,0.000448787264758721,4.285787872504443e-05,0.9999998211860657,-0.0010544636752456427,0.0003019269497599453,0.0013254276709631085,0.004942747764289379,0.06495694816112518,0.042096804827451706,-0.48907598853111267,0.49536722898483276,0.502493143081665,-2.02036452293396,-0.35812264680862427,2.429429769515991,1.0222290754318237,0.00033573905238881707,0.0010980190709233284,-0.00010355958511354402,0.0004810851824004203,-0.00095344427973032,0.0011083250865340233,0.0011458303779363632,0.6000723242759705,-4.570694727590308e-06,0.1170368567109108,4.215561057208106e-05,0.9999997615814209,0.00035839437623508275,-0.00045173955732025206,2.323376975255087e-06,-2.259662096548709e-06,0.032390378415584564,-2.952004251710605e-06,-2.0243730887159472e-06,0.9999999403953552,-7.02385818840412e-07,0.0037034363485872746,2.0754605429829098e-05,-0.009515207260847092,9.573571333021391e-06,5.7717272284207866e-05,0.00013718334957957268,0.00371204549446702,-1.729478026391007e-05,0.009511863812804222,1.2084222362318542e-05,0.00047730543883517385,-0.0001372263504890725,2.2411346435546875e-05,2.150890168195474e-06,0.024999991059303284,0.0040638260543346405,0.004067284986376762,2.6015995899797417e-06,3.6926649045199156e-06,,,,,0.048456642643301504,,,,,,,,,631,0.11666666666666667
2.7499999999998437,stop,2.7500001434236765,-9.744337201118467,-9.643448889255522,0.044286251068115234,-0.0048480756049684715,0.05233915627441309,0.004888817784376442,0.0,0.0,0.0,0.0,0.0,0,0.010088560171425343,0.00015822600107640028,0.010088562965393066,0.00046236373600549996,0.0,9.639801321778233,0.0,0.0,0.0,0.0,0.0,0.0,-0.0003548906825017184,0.0004510675498750061,4.256959437043406e-05,0.9999998211860657,-0.0010974010219797492,0.0002952028880827129,0.0013697693357244134,0.004943336825817823,0.06871695071458817,0.04411052167415619,-0.48907598853111267,0.4953729510307312,0.502493143081665,-2.02036452293396,-0.35812824964523315,2.429429769515991,1.0222290754318237,0.0002676681615412235,0.0010648091556504369,-9.916255294228904e-06,0.0005568683845922351,-0.0009421706781722605,0.0009868397610262036,0.001146084163337946,0.6000714898109436,-4.438959422259359e-06,0.11703404784202576,4.2561645386740565e-05,0.9999998211860657,0.00036048071342520416,-0.0004536324122454971,2.2078456822782755e-06,-2.35708193940809e-06,0.03239060938358307,-2.5645872483437415e-06,-5.5901405175973196e-06,1.0000001192092896,-6.342936398340271e-09,0.0035271712113171816,-2.4623441277071834e-05,-0.009451852180063725,2.5635177735239267e-05,6.940789171494544e-05,0.00013986010162625462,0.0035357261076569557,2.7973987016594037e-05,0.009448648430407047,2.1611522242892534e-05,0.00044015745515935123,-0.00013990915613248944,2.2530555725097656e-05,2.13648331737204e-06,0.024999991059303284,0.004063830245286226,0.004067301284521818,2.589650193840498e-06,3.6763522075489163e-06,,,,,0.048456642643301504,,,,,,,,,631,0.12083333333333333
2.75416666666651,stop,2.7541668103076518,-9.744337201118467,-9.640818834304808,0.043332576751708984,-0.004746527793031419,0.05233915627441309,0.005191599939280422,0.03956468118525214,0.0,0.0,0.0,0.0,0,0.010016574524343014,0.00015375477960333228,0.010016574524343014,0.0004945204127579927,0.0,9.637171266827519,0.0,0.0,0.0,0.0,0.0,0.0,-0.0003590232226997614,0.00045314207090996206,4.331898162490688e-05,0.9999998211860657,-0.0010537890484556556,0.000298154802294448,0.0014150418573990464,0.005901445634663105,0.06720220297574997,0.04293811321258545,-0.48907598853111267,0.49537867307662964,0.502493143081665,-2.02036452293396,-0.35813382267951965,2.429429769515991,1.0222290754318237,0.00019984642858617008,0.0010310945799574256,8.30197095638141e-05,0.0006305086426436901,-0.0009285418782383204,0.0008631617529317737,0.0011443357216194272,0.6000704169273376,-4.235468168189982e-06,0.11703093349933624,4.309230644139461e-05,0.9999998211860657,0.00036268532858230174,-0.00045576461707241833,2.4646833480801433e-06,-2.289392341481289e-06,0.03239012509584427,-2.6222662654618034e-06,-3.6622968764277175e-06,1.0,-2.2595341420128534e-07,0.003710423829033971,-5.218529258854687e-05,-0.009303859435021877,3.422938607400283e-05,6.152661080705002e-05,0.00013668707106262445,0.0037188641726970673,5.568148480961099e-05,0.009300468489527702,2.620054510771297e-05,0.0004745156620629132,-0.0001367436780128628,2.2649765014648438e-05,2.1740831925853854e-06,0.024999991059303284,0.004063825123012066,0.004067331552505493,2.6014013201347552e-06,3.6915589589625597e-06,,,,,0.048456642643301504,,,,,,,,,631,0.125
2.7583333333331765,stop,2.758333477191627,-9.744337201118467,-9.637935459613798,0.042319297790527344,-0.004567079940898111,0.05233915627441309,0.005362783213058719,0.0,0.0,0.0,0.0,0.0,0,0.009854920208454132,0.00016757565026637167,0.009854922071099281,0.0004207409219816327,0.0,9.63428789213651,0.0,0.0,0.0,0.0,0.0,0.0,-0.0003632223524618894,0.0004547499993350357,4.3960917537333444e-05,0.9999998807907104,-0.0011586841428652406,0.0002971984213218093,0.0014631900703534484,0.00558345066383481,0.07454432547092438,0.04706091433763504,-0.48907598853111267,0.4953843951225281,0.502493143081665,-2.02036452293396,-0.35813942551612854,2.429429769515991,1.0222290754318237,0.00013346565538085997,0.0009977436857298017,0.00017384300008416176,0.0007035735179670155,-0.0009150364785455167,0.0007483401568606496,0.0011428867001086473,0.6000693440437317,-4.058279046148527e-06,0.11702800542116165,4.3513595301192254e-05,0.9999998211860657,0.00036479541449807584,-0.0004578256921377033,2.6577781682135537e-06,-2.3188981685962062e-06,0.03239008039236069,-3.075497943427763e-06,-1.573443341840175e-06,1.0000001192092896,-4.477359709653683e-07,0.0032030222937464714,-3.503641710267402e-05,-0.009319811128079891,4.960366277373396e-05,6.991373811615631e-05,0.00014399008068721741,0.0032115280628204346,3.818744153250009e-05,0.00931687280535698,4.4102180254412815e-05,0.00039284263039007783,-0.00014405755791813135,2.2709369659423828e-05,2.206304316132446e-06,0.024999991059303284,0.004063821863383055,0.004067359492182732,2.600096195237711e-06,3.689317964017391e-06,,,,,0.048456642643301504,,,,,,,,,631,0.12916666666666665
2.762499999999843,stop,2.7625001440756023,-9.744337201118467,-9.635186195373533,0.04118680953979492,-0.004400450961838942,0.05233915627441309,0.0055293157856795006,0.055952909680744456,0.0,0.0,0.0,0.0,0,0.009768852964043617,0.0001551065652165562,0.009768854826688766,0.000442760851001367,0.0,9.631538627896244,0.0,0.0,0.0,0.0,0.0,0.0,-0.0003625876852311194,0.0004566350544337183,4.4419597543310374e-05,0.9999998211860657,-0.0012127250665798783,0.00029618971166200936,0.0015114840352907777,0.006777970585972071,0.0788302794098854,0.049588024616241455,-0.48907598853111267,0.4953901171684265,0.502493143081665,-2.02036452293396,-0.3581450283527374,2.429429769515991,1.0222290754318237,6.743725680280477e-05,0.0009641020442359149,0.00026396499015390873,0.0007751631201244891,-0.0009000395075418055,0.000631793518550694,0.0011400190414860845,0.6000683903694153,-3.948946414311649e-06,0.11702490597963333,4.386953514767811e-05,0.9999997615814209,0.00036681824713014066,-0.00046003662282601,2.6219204301014543e-06,-2.3993495688046096e-06,0.032389722764492035,-3.4012289233942283e-06,-4.230997546983417e-06,0.9999999403953552,-5.493418484547874e-07,0.003281289478763938,-1.7547195966471918e-05,-0.00920126773416996,4.3941188778262585e-05,5.539163976209238e-05,0.00013805428170599043,0.0032897398341447115,2.0764817236340605e-05,0.009198244661092758,4.0950046241050586e-05,0.0004186679143458605,-0.0001381211041007191,2.282857894897461e-05,2.2292579160421155e-06,0.024999991059303284,0.00406381580978632,0.0040673790499567986,2.6049638108815998e-06,3.6980200093239546e-06,,,,,0.048456642643301504,,,,,,,,,631,0.13333333333333333
2.7666666666665094,stop,2.7666668109595776,-9.744337201118467,-9.632280468940733,0.04017353057861328,-0.00428239536631736,0.05233915627441309,0.005740763754147338,0.055952909680744456,0.0,0.0,0.0,0.0,0,0.009719808585941792,0.00015761044051032513,0.009719807654619217,0.0004544653929769993,0.0,9.628632901463444,0.0,0.0,0.0,0.0,0.0,0.0,-0.0003655840700957924,0.00045759702334180474,4.442690988071263e-05,0.9999998211860657,-0.001197980483993888,0.0002944207808468491,0.0015552093973383307,0.005513673182576895,0.07902584969997406,0.049727607518434525,-0.48907598853111267,0.49539583921432495,0.502493143081665,-2.02036452293396,-0.3581506311893463,2.429429769515991,1.0222290754318237,1.778643536454183e-06,0.0009299619705416262,0.0003533220151439309,0.0008450400782749057,-0.0008844024268910289,0.0005147772608324885,0.0011363860685378313,0.6000673770904541,-3.810502448686748e-06,0.11702176183462143,4.4457272451836616e-05,0.9999997615814209,0.00036905662273056805,-0.00046219240175560117,2.761355062830262e-06,-2.417016730760224e-06,0.03238948434591293,-4.5952797336212825e-06,-3.4727613638096955e-06,0.9999999403953552,3.025700223702188e-08,0.0034621243830770254,1.3155793112673564e-06,-0.0090823108330369,4.870527482125908e-05,6.845912866992876e-05,0.0001333498948952183,0.0034705183934420347,2.050431930911145e-06,0.009079105220735073,4.843142960453406e-05,0.0004317302373237908,-0.00013342486636247486,2.288818359375e-05,2.229709480161546e-06,0.024999991059303284,0.004063818138092756,0.0040674153715372086,2.6021816665888764e-06,3.6932615330442786e-06,,,,,0.048456642643301504,,,,,,,,,631,0.1375
2.770833333333176,stop,2.770833477843553,-9.744337201118467,-9.629344940185545,0.03910064697265625,-0.0041810058064584155,0.05233915627441309,0.005564904313359875,0.055952909680744456,0.0,0.0,0.0,0.0,0,0.009651945903897285,0.00017418581410311162,0.009651945903897285,0.0004288599011488259,0.0,9.625697372708256,0.0,0.0,0.0,0.0,0.0,0.0,-0.0003697166102938354,0.0004600894753821194,4.5062784920446575e-05,0.9999997615814209,-0.0012107928050681949,0.0002940617850981653,0.0016016184817999601,0.005297776777297258,0.08084490150213242,0.05058322474360466,-0.48907598853111267,0.4954015612602234,0.502493143081665,-2.02036452293396,-0.3581562340259552,2.429429769515991,1.0222290754318237,-6.317270890576765e-05,0.0008957528043538332,0.00044150580652058125,0.0009138126042671502,-0.0008683694759383798,0.00040161929791793227,0.0011328740511089563,0.6000664830207825,-3.534390771164908e-06,0.1170189380645752,4.4782296754419804e-05,0.9999998211860657,0.0003712017205543816,-0.0004641606064978987,2.7100250008516014e-06,-2.26349720833241e-06,0.032389603555202484,-4.070979230164085e-06,-1.4853997072350467e-06,0.9999999403953552,-2.813421531300264e-07,0.0033505165483802557,-3.3776150303310715e-06,-0.00905174482613802,5.8938578149536625e-05,8.331409480888397e-05,0.00014115843805484474,0.003358914516866207,6.678743375232443e-06,0.009048630483448505,5.8001576690003276e-05,0.0004007588722743094,-0.0001412408018950373,2.300739288330078e-05,2.2616438855038723e-06,0.024999991059303284,0.004063818603754044,0.0040674228221178055,2.601871528895572e-06,3.690904122777283e-06,,,,,0.048456642643301504,,,,,,,,,631,0.14166666666666666
2.7749999999998423,stop,2.775000144727528,-9.744337201118467,-9.62669253349304,0.03814697265625,-0.003953581199311884,0.05233915627441309,0.0061304103837755974,0.055952909680744456,0.0,0.0,0.0,0.0,0,0.009863486513495445,0.00021445473248604685,0.009863486513495445,0.0004451948043424636,0.0,9.623044966015751,0.0,0.0,0.0,0.0,0.0,0.0,-0.00037457322468981147,0.00046222639502957463,4.349505252321251e-05,0.9999998211860657,-0.0011969446204602718,-0.00030787737341597676,0.0016704034060239792,-0.056610096246004105,0.08064761757850647,0.05092581361532211,-0.48907598853111267,0.4954072833061218,0.502493143081665,-2.02036452293396,-0.3581618070602417,2.429429769515991,1.0222290754318237,-0.0001308737409999594,0.0008628395153209567,0.0005371463485062122,0.0009790925541892648,-0.0008371571311727166,0.000294081459287554,0.0011222122702747583,0.6000654101371765,-3.44858653988922e-06,0.11701568961143494,4.528461067820899e-05,0.9999997615814209,0.0003732733312062919,-0.0004664116713684052,2.974622475448996e-06,-2.4375110569963e-06,0.03238900005817413,-4.185988927929429e-06,1.3004944321437506e-06,0.9999999403953552,1.7873918523036991e-06,0.00335611286573112,0.002023800741881132,-0.009051470085978508,-0.00012233307643327862,9.982940537156537e-05,0.0001451190619263798,0.003366064513102174,-0.002020471030846238,0.009048516862094402,0.0001695801183814183,0.0003851357032544911,-0.0001452979922760278,2.3126602172851562e-05,2.1834089238836896e-06,0.024999991059303284,0.004063816741108894,0.004067136440426111,2.5442127480346244e-06,3.6107521736994386e-06,,,,,0.048456642643301504,,,,,,,,,631,0.14583333333333334
2.7791666666665087,stop,2.7791668116115034,-9.744337201118467,-9.623652696609495,0.03707408905029297,-0.004057811111124465,0.05233915627441309,0.006016733550495701,0.055952909680744456,0.0,0.0,0.0,0.0,0,0.009382110089063644,0.00020790034614037722,0.009382110089063644,0.0004202858544886112,0.0,9.620005129132206,0.0,0.0,0.0,0.0,0.0,0.0,-0.0003739087260328233,0.0004641791747417301,4.635293589672074e-05,0.9999997615814209,-0.001297242590226233,0.00029239978175610304,0.0016606214921921492,0.004738770425319672,0.08836112916469574,0.05466330051422119,-0.48907598853111267,0.49541300535202026,0.502493143081665,-2.02036452293396,-0.3581674098968506,2.429429769515991,1.0222290754318237,-0.00019006092043127865,0.0008266589720733464,0.000612682371865958,0.0010489954147487879,-0.0008429553708992898,0.00017845575348474085,0.0011293833376839757,0.6000643968582153,-3.261804749854491e-06,0.11701269447803497,4.572195030050352e-05,0.9999998211860657,0.0003754598437808454,-0.0004684304294642061,3.0456267268164083e-06,-2.1748819563072175e-06,0.03238905221223831,-4.250861366017489e-06,-1.5516168332396774e-06,0.9999999403953552,-6.318842338259856e-07,0.002968704095110297,-0.0018163929926231503,-0.008712721057236195,0.000156042879098095,4.37068119936157e-05,0.00013024166401010007,0.00297550018876791,0.001819421537220478,0.008709770627319813,-0.00010678346734493971,0.0003850866050925106,-0.00013017604942433536,2.3186206817626953e-05,2.3263244202098576e-06,0.024999991059303284,0.004063824191689491,0.004067158326506615,2.5684153115435038e-06,3.647102857939899e-06,,,,,0.048456642643301504,,,,,,,,,631,0.15
2.783333333333175,stop,2.7833334784954786,-9.744337201118467,-9.620828926563261,0.03594160079956055,-0.003903478500433266,0.05233915627441309,0.005882846380700357,0.0,0.0,0.0,0.0,0.0,0,0.00957164354622364,0.00019152587628923357,0.009571644477546215,0.0004141720710322261,0.0,9.617181359085972,0.0,0.0,0.0,0.0,0.0,0.0,-0.0003730040043592453,0.00046651490265503526,4.7225941671058536e-05,0.9999998807907104,-0.0013123956741765141,0.0004057050682604313,0.0017541558481752872,0.0130853820592165,0.08951042592525482,0.055887721478939056,-0.48907598853111267,0.4954187273979187,0.502493143081665,-2.02036452293396,-0.3581730127334595,2.429429769515991,1.0222290754318237,-0.00025244581047445536,0.0007917816983535886,0.000696063507348299,0.0011144194286316633,-0.0008261428447440267,6.866570765851066e-05,0.001124370377510786,0.6000635623931885,-3.0431813229370164e-06,0.11700985580682755,4.602599437930621e-05,0.9999998211860657,0.0003775384684558958,-0.00047038350021466613,2.8740669222315773e-06,-2.130512712028576e-06,0.03238903731107712,-3.86799183615949e-06,-4.535266725724796e-06,1.0000001192092896,-1.1992701729468536e-06,0.003167110728099942,-0.0003613676817622036,-0.009025252424180508,0.00011239732702961192,7.155485945986584e-05,0.00013758234854321927,0.003175326157361269,0.0003645930555649102,0.009022236801683903,5.97539619775489e-05,0.00038602499989792705,-0.00013766864140052348,2.3305416107177734e-05,2.3699976736679673e-06,0.024999991059303284,0.004063818138092756,0.004067178349941969,2.7433488867245615e-06,3.894587280228734e-06,,,,,0.048456642643301504,,,,,,,,,631,0.15416666666666667
2.7874999999998415,stop,2.787500145379454,-9.744337201118467,-9.618176519870756,0.0349879264831543,-0.003672864295367617,0.05233915627441309,0.006303232112259138,0.055952909680744456,0.0,0.0,0.0,0.0,0,0.00940814707428217,0.00018190121045336127,0.009408146142959595,0.0004399371682666242,0.0,9.614528952393467,0.0,0.0,0.0,0.0,0.0,0.0,-0.0003771961492020637,0.00046913951518945396,4.7194582293741405e-05,0.9999998211860657,-0.0012255152687430382,0.0004036422469653189,0.001807495253160596,0.013106373138725758,0.08535222709178925,0.053433358669281006,-0.48907598853111267,0.49542438983917236,0.502493143081665,-2.02036452293396,-0.35817861557006836,2.429429769515991,1.0222290754318237,-0.00031556817702949047,0.0007565851556137204,0.0007808989030309021,0.001177715603262186,-0.0008054272620938718,-4.198206806904636e-05,0.0011171633377671242,0.6000625491142273,-2.9758591608697316e-06,0.11700685322284698,4.65812991023995e-05,0.9999998211860657,0.0003796797536779195,-0.000472502812044695,3.0707669793628156e-06,-2.329699555048137e-06,0.03238868713378906,-3.36290418090357e-06,-2.484046490280889e-06,0.9999999403953552,-6.133861916168826e-07,0.003463607979938388,3.5709799703909084e-05,-0.00874730758368969,7.828222442185506e-05,9.068190411198884e-05,0.00013688219769392163,0.003471898613497615,-3.226168701075949e-05,0.008744032122194767,8.29799537314102e-05,0.00040974695002660155,-0.00013699079863727093,2.3484230041503906e-05,2.368576588196447e-06,0.024999991059303284,0.004063829779624939,0.0040672095492482185,2.7382943699194584e-06,3.885332262143493e-06,,,,,0.048456642643301504,,,,,,,,,631,0.15833333333333333
2.791666666666508,stop,2.791666812263429,-9.744337201118467,-9.615360200405119,0.033974647521972656,-0.003567913609003881,0.05595291190411357,0.006253516858123476,0.03956468118525214,0.0,0.0,0.0,0.0,0,0.009174644015729427,0.00018673183512873948,0.009174644947052002,0.00036632022238336504,0.0,9.611460786807468,0.0,0.0,0.0,0.0,0.0,0.0,-0.00038096224307082593,0.000470518454676494,4.7050692955963314e-05,0.9999998211860657,-0.0012987008085474372,0.0003276874776929617,0.0018383843125775456,0.007136606611311436,0.0910235270857811,0.0562598779797554,-0.48907598853111267,0.4954295754432678,0.502493143081665,-2.02036452293396,-0.35818418860435486,2.429429769515991,1.0222290754318237,-0.0003777969686780125,0.000721986114513129,0.0008649731753394008,0.0012407070025801659,-0.0007846521912142634,-0.00014322175411507487,0.0011103579308837652,0.6000616550445557,-2.7842299914482282e-06,0.11700407415628433,4.7041721700225025e-05,0.9999997615814209,0.0003818084660451859,-0.0004743169993162155,3.0690644052810967e-06,-2.2729482225258835e-06,0.03238872438669205,-3.7985548715369077e-06,-8.46413740873686e-07,1.0,-9.986035998110765e-09,0.0029403003863990307,0.00028096625464968383,-0.008686183951795101,6.587104871869087e-05,0.00010370724339736626,0.00014062215632293373,0.0029487526044249535,-0.0002779006026685238,0.008683417923748493,0.0001060609647538513,0.00032114211353473365,-0.00014074562932364643,2.3543834686279297e-05,2.3614966266904958e-06,0.024999991059303284,0.004063827451318502,0.004067255649715662,2.6375682864454575e-06,3.742112312465906e-06,,,,,0.048456642643301504,,,,,,,,,631,0.1625
2.7958333333331744,stop,2.7958334791474044,-9.744337201118467,-9.612759947776793,0.0330805778503418,-0.003408574229979422,0.05595291190411357,0.005419936314865481,0.03956468118525214,0.0,0.0,0.0,0.0,0,0.009167622774839401,0.00016500611673109233,0.009167623706161976,0.00041121518006548285,0.0,9.608860534179142,0.0,0.0,0.0,0.0,0.0,0.0,-0.0003853261878248304,0.00047163618728518486,4.7855810407781973e-05,0.9999998807907104,-0.0012764164712280035,0.000304065877571702,0.001886270591057837,0.005990696605294943,0.09063960611820221,0.05629635602235794,-0.48907598853111267,0.49543094635009766,0.502493143081665,-2.02036452293396,-0.3581897020339966,2.429429769515991,1.0222290754318237,-0.0004394293646328151,0.0006867980700917542,0.0009475682745687664,0.0013024859363213181,-0.0007652959902770817,-0.0002502518764231354,0.0011039696400985122,0.600061297416687,-3.0270089155237656e-06,0.11700327694416046,4.835761137655936e-05,0.9999997615814209,0.00038380807382054627,-0.0004746461636386812,2.556002073106356e-06,-2.7609330572886392e-06,0.0323905274271965,-3.010288310179021e-06,1.5182031347649172e-06,1.0,4.999415637030324e-07,0.003140138927847147,0.00016748921188991517,-0.008611433207988739,5.2630584832513705e-05,7.39055176381953e-05,0.00013782241148874164,0.0031484398059546947,-0.00016424285422544926,0.00860846508294344,7.638016541022807e-05,0.0003797911340370774,-0.00013792277604807168,2.3603439331054688e-05,2.4018770545808366e-06,0.024999991059303284,0.004063840955495834,0.004067298024892807,2.5986635137087433e-06,3.6869605537503958e-06,,,,,0.048456642643301504,,,,,,,,,631,0.16666666666666666
2.799999999999841,stop,2.8000001460313797,-9.744337201118467,-9.612134099006651,0.03260374069213867,-0.003704531081893947,0.05595291190411357,0.005041009899287019,0.06852804166478502,0.0,0.0,0.0,0.0,0,0.008899865671992302,0.0001550390152260661,0.008899865671992302,0.0005047298036515713,0.0,9.608234685409,0.0,0.0,0.0,0.0,0.0,0.0,-0.00038505796692334116,0.0004744498583022505,4.898126280750148e-05,0.9999997615814209,-0.001100921886973083,0.0002941795391961932,0.0019188148435205221,0.004988407250493765,0.08115651458501816,0.05072041228413582,-0.48907598853111267,0.495431125164032,0.5024932026863098,-2.02036452293396,-0.3581950068473816,2.429429769515991,1.0222290754318237,-0.0005012365290895104,0.000651479116640985,0.0010303155286237597,0.001361184404231608,-0.0007412095437757671,-0.00036506156902760267,0.0010942425578832626,0.6000614762306213,-3.4977720133611e-06,0.11700325459241867,5.011173925595358e-05,0.9999997615814209,0.00038568617310374975,-0.00047428940888494253,1.877993781818077e-06,-3.0499963941110764e-06,0.032391130924224854,1.6003544089926436e-07,-6.276620183598425e-07,0.9999998807907104,1.1308410421406734e-06,0.003404444782063365,7.554941839771345e-05,-0.008222631178796291,8.063446875894442e-05,1.32693621708313e-05,0.00013175394269637764,0.0034123000223189592,-7.209629256976768e-05,0.008219405077397823,9.102922194870189e-05,0.00047861685743555427,-0.000131877968669869,2.372264862060547e-05,2.4581970592407743e-06,0.024999991059303284,0.004063826985657215,0.004067332483828068,2.591485554148676e-06,3.6798155633732677e-06,,,,,0.048456642643301504,,,,,,,,,631,0.17083333333333334
2.8041666666665073,stop,2.804166812915355,-9.744337201118467,-9.61228311061859,0.032782554626464844,-0.0042774654502864,0.05595291190411357,0.0047892331167531665,0.06852804166478502,0.0,0.0,0.0,0.0,0,0.008693862706422806,0.00017382587247993797,0.008693859912455082,0.0005934140062890947,0.0,9.608383697020939,0.0,0.0,0.0,0.0,0.0,0.0,-0.0003899145813193172,0.0004742960736621171,5.0901900976896286e-05,0.9999998211860657,-0.0007374872220680118,0.0002972821530420333,0.001947850571013987,0.005938289221376181,0.06040053814649582,0.039012257009744644,-0.48907604813575745,0.495431125164032,0.5024934411048889,-2.02036452293396,-0.35819947719573975,2.429429769515991,1.0222290754318237,-0.0005632475367747247,0.0006160525372251868,0.0011132409563288093,0.0014156039105728269,-0.0007112858002074063,-0.0004858985776081681,0.001080382033251226,0.6000615358352661,-3.510257556627039e-06,0.11700320243835449,5.140663415659219e-05,0.9999997615814209,0.00038766360376030207,-0.00047390072722919285,1.9714389054570347e-06,-2.5733838810992893e-06,0.03239092975854874,3.9500190496255527e-07,2.251200385217089e-06,0.9999998807907104,5.038410790803027e-07,0.0037827445194125175,-5.250878166407347e-05,-0.00782760139554739,0.00011702041956596076,-2.288391624460928e-05,0.00012648312258534133,0.003790119895711541,5.6249140470754355e-05,0.007824002765119076,0.00010885335359489545,0.0005694335559383035,-0.0001266354083782062,2.372264862060547e-05,2.554341563154594e-06,0.024999991059303284,0.004063821397721767,0.004067352972924709,2.6022662495961413e-06,3.6925775930285454e-06,,,,,0.048456642643301504,,,,,,,,,631,0.175
2.8083333333331737,stop,2.8083334797993302,-9.744337201118467,-9.612394869327543,0.032961368560791016,-0.004358382284408435,0.05595291190411357,0.005016871909901965,0.03956468118525214,0.0,0.0,0.0,0.0,0,0.008141780272126198,0.00020552720525301993,0.008141781203448772,0.000447184283984825,0.0,9.608495455729892,0.0,0.0,0.0,0.0,0.0,0.0,-0.00039007942541502416,0.0004730089567601681,5.2159193728584796e-05,0.9999997615814209,-0.0007635902729816735,0.0002973366354126483,0.0019872577395290136,0.0057408553548157215,0.0626899003982544,0.040446605533361435,-0.489076167345047,0.495431125164032,0.502493679523468,-2.02036452293396,-0.35820162296295166,2.429429769515991,1.0222290754318237,-0.0006221575895324349,0.000582534761633724,0.0011918983655050397,0.0014693604316562414,-0.0006836485699750483,-0.0005891203763894737,0.0010686831083148718,0.6000615358352661,-3.6883907341689337e-06,0.11700326204299927,5.217389843892306e-05,0.9999997615814209,0.00038852624129503965,-0.00047372770495712757,2.139087882824242e-06,-2.720188149396563e-06,0.03239087760448456,-7.188581321315723e-07,1.5531343251495855e-06,1.0,1.371467117650127e-08,0.0023541185073554516,-5.699493704014458e-05,-0.007793809752911329,0.00014030589954927564,-6.515274435514584e-05,0.00013531743024941534,0.0023614566307514906,5.964027513982728e-05,0.007791570387780666,0.00013160788512323052,0.0004053378361277282,-0.00013547835987992585,2.3663043975830078e-05,2.617184463815647e-06,0.024999991059303284,0.004063818138092756,0.004067377187311649,2.6049483494716696e-06,3.6962737794965506e-06,,,,,0.048456642643301504,,,,,,,,,631,0.17916666666666667
2.81249999999984,stop,2.8125001466833055,-9.744337201118467,-9.612633287906645,0.0330805778503418,-0.00454093742519035,0.05595291190411357,0.006219414444785798,0.06852804166478502,0.0,0.0,0.0,0.0,0,0.0077879587188363075,0.00020515371579676867,0.007787959184497595,0.0004657454264815897,0.0,9.608733874308994,0.0,0.0,0.0,0.0,0.0,0.0,-0.00038905549445189536,0.00047305613406933844,5.2418032282730564e-05,0.9999997615814209,-0.0007828412926755846,0.0002969826746266335,0.0020242405589669943,0.006224487908184528,0.06446737796068192,0.04145846143364906,-0.48907944560050964,0.495431125164032,0.5024939179420471,-2.02036452293396,-0.3582017421722412,2.429429769515991,1.0222290754318237,-0.0006800428382121027,0.0005495349760167301,0.0012690657749772072,0.0015206900425255299,-0.0006554652354680002,-0.0006943399785086513,0.0010527260601520538,0.6000616550445557,-5.421988134912681e-06,0.117003433406353,5.2022558520548046e-05,0.9999997019767761,0.0003870949731208384,-0.00047362718032673,2.133701855200343e-06,-4.261382855474949e-06,0.03239080309867859,-5.71002146898536e-07,1.9602607608248945e-06,0.9999998807907104,-3.965747339407244e-07,0.002132162917405367,-4.34419016528409e-05,-0.007490280084311962,0.00013183541886974126,-0.00013240796397440135,8.470890315948054e-05,0.0021392228081822395,4.587461080518551e-05,0.007488252595067024,0.00012510648230090737,0.00044052829616703093,-8.486445585731417e-05,2.3663043975830078e-05,2.6301031539333053e-06,0.024999991059303284,0.004063819069415331,0.0040674046613276005,2.6044917831313796e-06,3.6950805224478245e-06,,,,,0.048456642643301504,,,,,,,,,631,0.18333333333333332
2.8166666666665066,stop,2.8166668135672808,-9.744337201118467,-9.612946212291716,0.03325939178466797,-0.006189419764268678,0.05595291190411357,0.006003791440889472,0.03956468118525214,0.0,0.0,0.0,0.0,0,0.008229576982557774,0.00018180363986175507,0.008229575119912624,0.0006284164846874774,0.0,9.609046798694065,0.0,0.0,0.0,0.0,0.0,0.0,-0.00038415324524976313,0.0004720147990155965,4.988638829672709e-05,0.9999998211860657,-0.0007920556818135083,-0.001122255576774478,0.0018849209882318974,0.008038433268666267,0.06635694205760956,0.04217918962240219,-0.4890851378440857,0.495431125164032,0.502497136592865,-2.02036452293396,-0.3582017719745636,2.429429769515991,1.0222290754318237,-0.000745684839785099,0.0005204108892939985,0.0013674974907189608,0.0015651730354875326,-0.0005961885908618569,-0.0007858182652853429,0.0010164427803829312,0.60006183385849,-6.8595941229432356e-06,0.11700374633073807,5.148362470208667e-05,0.9999998211860657,0.00038582656998187304,-0.0004732836678158492,2.1112700778758153e-06,-4.015569174953271e-06,0.03239081799983978,-1.2693942608166253e-06,-1.6726260128052672e-06,1.0,1.5975427913872409e-06,0.0020303779747337103,0.004533883649855852,-0.0065610515885055065,-0.0001572080800542608,-8.997601253213361e-05,-1.557233917992562e-05,0.0020400856155902147,-0.004531636834144592,0.006559590343385935,0.000497457105666399,0.0003836877876892686,1.5079747754498385e-05,2.3603439331054688e-05,2.503385303498362e-06,0.024999991059303284,0.004063818138092756,0.004067125730216503,-9.736395440995693e-07,-1.3811404642183334e-06,,,,,0.048456642643301504,,,,,,,,,631,0.1875
2.820833333333173,stop,2.820833480451256,-9.744337201118467,-9.613400697708128,0.03343820571899414,-0.007841929800633807,0.05595291190411357,0.002885175490519032,0.03956468118525214,0.0,0.0,0.0,0.0,0,0.009046594612300396,0.0004441064957063645,0.009046596474945545,0.0006807534373365343,0.0,9.609501284110477,0.0,0.0,0.0,0.0,0.0,0.0,-0.00038558043888770044,0.0004722874436993152,5.247410445008427e-05,0.9999998211860657,-0.0007819680031388998,0.0002559174026828259,0.002096709329634905,6.0324749938445166e-05,0.06575656682252884,0.04188808053731918,-0.48909085988998413,0.495431125164032,0.5025085210800171,-2.02036452293396,-0.358201801776886,2.429429769515991,1.0222290754318237,-0.0007921205833554268,0.0004853889113292098,0.0014210629742592573,0.0016159267397597432,-0.0006110879476182163,-0.0009092141408473253,0.0010117733618244529,0.600062370300293,-3.412208798181382e-06,0.11700522154569626,4.912560325465165e-05,0.9999997019767761,0.0003877620038110763,-0.00047205627197399735,1.6710855561541393e-06,1.2366203918645624e-06,0.03239182382822037,2.32448854831091e-07,-2.183188598792185e-06,1.0,-3.3474066185590345e-06,0.001707151415757835,-0.004649330396205187,-0.007570352405309677,0.00029956939397379756,-0.00031761653372086585,-8.129254274535924e-05,0.0017106913728639483,0.00465140026062727,0.007568283472210169,-0.00037243738188408315,0.0005639685550704598,8.157867705449462e-05,2.3603439331054688e-05,2.6328098101657815e-06,0.024999991059303284,0.004063820466399193,0.004067146219313145,2.5541824015817838e-06,3.6255805753171444e-06,,,,,0.048456642643301504,,,,,,,,,631,0.19166666666666665
2.8249999999998394,stop,2.8250001473352313,-9.744337201118467,-9.615010023117064,0.03409385681152344,-0.004281273959350074,0.05595291190411357,0.002861457005565171,0.055952909680744456,0.0,0.0,0.0,0.0,0,0.006742313038557768,0.00022318956325761974,0.0067423139698803425,0.0005625823396258056,0.0,9.611110609519413,0.0,0.0,0.0,0.0,0.0,0.0,-0.00038407082320190966,0.00047104712575674057,5.021807010052726e-05,0.9999998807907104,-0.0005449008313007653,0.00029612911748699844,0.00208712718449533,0.004832869861274958,0.05215480178594589,0.03453059494495392,-0.48909658193588257,0.495431125164032,0.5025193095207214,-2.02036452293396,-0.3582022786140442,2.429429769515991,1.0222290754318237,-0.0008444715640507638,0.00045222026528790593,0.0014892217004671693,0.0016581503441557288,-0.0005907999584451318,-0.0010219510877504945,0.0009998914320021868,0.6000629663467407,-1.465543419953974e-07,0.11700667440891266,4.700084537034854e-05,0.9999997019767761,0.00038981306715868413,-0.0004707323096226901,1.6449375834781677e-06,1.0792405191750731e-06,0.03239166736602783,3.162778909882036e-07,-5.743831934523769e-06,0.9999999403953552,-3.2144114356924547e-06,0.0023888475261628628,5.5491706007160246e-05,-0.006304690148681402,2.3731885448796675e-05,-0.00021317737991921604,6.16910110693425e-05,0.0023948245216161013,-5.303437137627043e-05,0.006302444264292717,3.126179217360914e-05,0.0005583058227784932,-6.177563045639545e-05,2.3543834686279297e-05,2.519949248380726e-06,0.024999991059303284,0.004063829313963652,0.004067172762006521,2.5662518510216614e-06,3.6420533433556557e-06,,,,,0.048456642643301504,,,,,,,,,631,0.19583333333333333
