case_id,family,group_id,split,severity,detector,shadow_alert_on_success,first_shadow_alert_s,shadow_branch,actual_intervention_on_nominal_success,actual_interventions,controlled_success,controlled_safety_stop,prefix_matched,prefix_time_s,prefix_position_mm,prefix_orientation_deg,prefix_depth_rmse_mm,endpoint_prefix_matched,prefix_samples,prefix_mismatched_samples
h000_easy_controls_easy_v0,easy_controls,h000_easy_controls_easy_v0,held_out,easy,v1,False,,,False,0,True,False,True,9.699999999991178,0.0,0.0,0.0,True,1165,0
h000_easy_controls_easy_v0,easy_controls,h000_easy_controls_easy_v0,held_out,easy,v2,False,,,False,0,True,False,True,9.699999999991178,0.0,0.0,0.0,True,1165,0
h001_easy_controls_easy_v1,easy_controls,h001_easy_controls_easy_v1,held_out,easy,v1,False,,,False,0,True,False,True,9.649999999991223,0.0,0.0,0.0,True,1159,0
h001_easy_controls_easy_v1,easy_controls,h001_easy_controls_easy_v1,held_out,easy,v2,False,,,False,0,True,False,True,9.649999999991223,0.0,0.0,0.0,True,1159,0
h002_easy_controls_easy_v2,easy_controls,h002_easy_controls_easy_v2,held_out,easy,v1,False,,,False,0,True,False,True,9.658333333456312,0.0,0.0,0.0,True,1160,0
h002_easy_controls_easy_v2,easy_controls,h002_easy_controls_easy_v2,held_out,easy,v2,False,,,False,0,True,False,True,9.658333333456312,0.0,0.0,0.0,True,1160,0
h003_easy_controls_easy_v3,easy_controls,h003_easy_controls_easy_v3,held_out,easy,v1,False,,,False,0,True,False,True,9.649999999859574,0.0,0.0,0.0,True,1159,0
h003_easy_controls_easy_v3,easy_controls,h003_easy_controls_easy_v3,held_out,easy,v2,False,,,False,0,True,False,True,9.649999999859574,0.0,0.0,0.0,True,1159,0
h004_easy_controls_easy_v0,easy_controls,h004_easy_controls_easy_v0,held_out,easy,v1,False,,,False,0,True,False,True,9.68333333345663,0.0,0.0,0.0,True,1163,0
h004_easy_controls_easy_v0,easy_controls,h004_easy_controls_easy_v0,held_out,easy,v2,False,,,False,0,True,False,True,9.68333333345663,0.0,0.0,0.0,True,1163,0
h005_easy_controls_easy_v1,easy_controls,h005_easy_controls_easy_v1,held_out,easy,v1,False,,,False,0,True,False,True,9.650000000122873,0.0,0.0,0.0,True,1159,0
h005_easy_controls_easy_v1,easy_controls,h005_easy_controls_easy_v1,held_out,easy,v2,False,,,False,0,True,False,True,9.650000000122873,0.0,0.0,0.0,True,1159,0
h006_easy_controls_easy_v2,easy_controls,h006_easy_controls_easy_v2,held_out,easy,v1,False,,,False,0,True,False,True,9.69166666679007,0.0,0.0,0.0,True,1164,0
h006_easy_controls_easy_v2,easy_controls,h006_easy_controls_easy_v2,held_out,easy,v2,False,,,False,0,True,False,True,9.69166666679007,0.0,0.0,0.0,True,1164,0
h007_easy_controls_easy_v3,easy_controls,h007_easy_controls_easy_v3,held_out,easy,v1,False,,,False,0,True,False,True,9.616666666526726,0.0,0.0,0.0,True,1155,0
h007_easy_controls_easy_v3,easy_controls,h007_easy_controls_easy_v3,held_out,easy,v2,False,,,False,0,True,False,True,9.616666666526726,0.0,0.0,0.0,True,1155,0
h008_axis_offset_moderate_v0,axis_offset,h008_axis_offset_moderate_v0,held_out,moderate,v1,False,,,False,0,True,False,True,9.749999999991132,0.0,0.0,0.0,True,1171,0
h008_axis_offset_moderate_v0,axis_offset,h008_axis_offset_moderate_v0,held_out,moderate,v2,False,,,False,0,True,False,False,9.749999999991132,0.011926051678375531,0.002985887035829948,0.007092503303388828,False,1171,148
h009_axis_offset_moderate_v1,axis_offset,h009_axis_offset_moderate_v1,held_out,moderate,v1,False,,,False,0,True,False,False,9.758333333191331,0.003161337135132697,0.006185172830087067,0.0016023655547734506,False,1172,97
h009_axis_offset_moderate_v1,axis_offset,h009_axis_offset_moderate_v1,held_out,moderate,v2,False,,,False,0,True,False,False,9.758333333191331,0.003161337135132697,0.006185172830087067,0.0016023655547734506,False,1172,97
h010_axis_offset_moderate_v2,axis_offset,h010_axis_offset_moderate_v2,held_out,moderate,v1,False,,,False,0,True,False,False,9.666666666525998,0.049169393255845746,0.00621751289239383,0.0044219755170550636,False,1161,50
h010_axis_offset_moderate_v2,axis_offset,h010_axis_offset_moderate_v2,held_out,moderate,v2,False,,,False,0,True,False,True,9.666666666525998,0.0,0.0,0.0,True,1161,0
h011_axis_offset_moderate_v3,axis_offset,h011_axis_offset_moderate_v3,held_out,moderate,v1,False,,,False,0,True,False,False,9.766666666791025,0.02313374490223571,0.02678442812124796,0.006619264341494769,False,1173,200
h011_axis_offset_moderate_v3,axis_offset,h011_axis_offset_moderate_v3,held_out,moderate,v2,False,,,False,0,True,False,False,9.766666666791025,0.02313374490223571,0.02678442812124796,0.006619264341494769,False,1173,200
h012_axis_offset_severe_v0,axis_offset,h012_axis_offset_severe_v0,held_out,severe,v1,False,,,False,0,True,False,True,10.216666666796755,0.0,0.0,0.0,True,1227,0
h012_axis_offset_severe_v0,axis_offset,h012_axis_offset_severe_v0,held_out,severe,v2,False,,,False,0,True,False,False,10.216666666796755,0.012031469904717965,0.009259990240508125,0.004758726229317601,False,1227,210
h013_axis_offset_severe_v1,axis_offset,h013_axis_offset_severe_v1,held_out,severe,v1,False,,,False,0,True,False,False,10.13333333346236,0.005272483702535991,0.002922180715272323,0.0018758181237204046,False,1217,131
h013_axis_offset_severe_v1,axis_offset,h013_axis_offset_severe_v1,held_out,severe,v2,False,,,False,0,True,False,True,10.13333333346236,0.0,0.0,0.0,True,1217,0
h014_axis_offset_severe_v2,axis_offset,h014_axis_offset_severe_v2,held_out,severe,v1,False,,,False,0,True,False,True,10.075000000128284,0.0,0.0,0.0,True,1210,0
h014_axis_offset_severe_v2,axis_offset,h014_axis_offset_severe_v2,held_out,severe,v2,False,,,False,0,True,False,False,10.075000000128284,0.01899916807294747,0.000542457433708123,0.005371827979024607,False,1210,311
h015_axis_offset_severe_v3,axis_offset,h015_axis_offset_severe_v3,held_out,severe,v1,False,,,False,0,True,False,False,10.308333333464589,0.018533752417633127,0.015048130005630368,0.007447025572086801,False,1238,290
h015_axis_offset_severe_v3,axis_offset,h015_axis_offset_severe_v3,held_out,severe,v2,False,,,False,0,True,False,False,10.308333333464589,0.018533752417633127,0.015048130005630368,0.007447025572086801,False,1238,290
h016_oblique_offset_moderate_v0,oblique_offset,h016_oblique_offset_moderate_v0,held_out,moderate,v1,False,,,False,0,True,False,False,9.716666666790388,0.006198059936615002,0.003354256632274902,0.0029296535980092957,False,1167,108
h016_oblique_offset_moderate_v0,oblique_offset,h016_oblique_offset_moderate_v0,held_out,moderate,v2,False,,,False,0,True,False,True,9.716666666790388,0.0,0.0,0.0,True,1167,0
h017_oblique_offset_moderate_v1,oblique_offset,h017_oblique_offset_moderate_v1,held_out,moderate,v1,False,,,False,0,True,False,False,9.716666666790388,0.01505174702571981,0.0035407523776967136,0.0021226338716050764,False,1167,61
h017_oblique_offset_moderate_v1,oblique_offset,h017_oblique_offset_moderate_v1,held_out,moderate,v2,False,,,False,0,True,False,True,9.733333333457267,0.0,0.0,0.0,True,1169,0
h018_oblique_offset_moderate_v2,oblique_offset,h018_oblique_offset_moderate_v2,held_out,moderate,v1,False,,,False,0,True,False,False,9.733333333457267,0.03954049014494398,0.02190032548715808,0.011686663910274864,False,1169,190
h018_oblique_offset_moderate_v2,oblique_offset,h018_oblique_offset_moderate_v2,held_out,moderate,v2,False,,,False,0,True,False,True,9.733333333457267,0.0,0.0,0.0,True,1169,0
h019_oblique_offset_moderate_v3,oblique_offset,h019_oblique_offset_moderate_v3,held_out,moderate,v1,False,,,False,0,True,False,False,9.791666666791343,0.017886873356932176,0.011683853392923074,0.0043568370618017604,False,1176,215
h019_oblique_offset_moderate_v3,oblique_offset,h019_oblique_offset_moderate_v3,held_out,moderate,v2,False,,,False,0,True,False,True,9.791666666791343,0.0,0.0,0.0,True,1176,0
h020_oblique_offset_severe_v0,oblique_offset,h020_oblique_offset_severe_v0,held_out,severe,v1,False,,,False,0,True,False,True,9.983333333188057,0.0,0.0,0.0,True,1199,0
h020_oblique_offset_severe_v0,oblique_offset,h020_oblique_offset_severe_v0,held_out,severe,v2,False,,,False,0,True,False,False,9.974999999854845,0.04302867090343823,0.0044289784194692,0.00446551620670301,False,1198,119
h021_oblique_offset_severe_v1,oblique_offset,h021_oblique_offset_severe_v1,held_out,severe,v1,False,,,False,0,True,False,False,10.633333333468727,0.04403394025929347,0.009975303050617485,0.007266232716650309,False,1277,366
h021_oblique_offset_severe_v1,oblique_offset,h021_oblique_offset_severe_v1,held_out,severe,v2,False,,,False,0,True,False,True,10.633333333468727,0.0,0.0,0.0,True,1277,0
h022_oblique_offset_severe_v2,oblique_offset,h022_oblique_offset_severe_v2,held_out,severe,v1,False,,,False,0,True,False,True,10.183333333185146,0.0,0.0,0.0,True,1223,0
h022_oblique_offset_severe_v2,oblique_offset,h022_oblique_offset_severe_v2,held_out,severe,v2,False,,,False,0,True,False,False,10.066666666520177,0.05616712721201035,0.0018572291019200305,0.01053789106614809,False,1209,259
h023_oblique_offset_severe_v3,oblique_offset,h023_oblique_offset_severe_v3,held_out,severe,v1,False,,,False,0,True,False,True,10.458333333466499,0.0,0.0,0.0,True,1256,0
h023_oblique_offset_severe_v3,oblique_offset,h023_oblique_offset_severe_v3,held_out,severe,v2,False,,,False,0,True,False,False,10.42500000013274,0.0013667296529176354,0.008775883121701064,0.0032462452623134297,False,1252,234
h024_axis_tilt_moderate_v0,axis_tilt,h024_axis_tilt_moderate_v0,held_out,moderate,v1,False,,,False,0,True,False,True,10.000000000007958,0.0,0.0,0.0,True,1201,0
h024_axis_tilt_moderate_v0,axis_tilt,h024_axis_tilt_moderate_v0,held_out,moderate,v2,False,,,False,0,True,False,False,9.958333333341258,0.05739302008738675,0.02547913755336151,0.010064850849587668,False,1196,113
h035_oblique_tilt_moderate_v3,oblique_tilt,h035_oblique_tilt_moderate_v3,held_out,moderate,v1,False,,,False,0,True,False,True,10.366666666515812,0.0,0.0,0.0,True,1245,0
h035_oblique_tilt_moderate_v3,oblique_tilt,h035_oblique_tilt_moderate_v3,held_out,moderate,v2,False,,,False,0,True,False,False,10.366666666515812,0.06048492216290566,0.024787873026059417,0.010704640260888677,False,1245,158
h041_combined_moderate_v1,combined,h041_combined_moderate_v1,held_out,moderate,v1,False,,,False,0,True,False,False,9.641666666657898,0.009795884157438445,0.015248167873933698,0.001354259567378456,False,1158,53
h041_combined_moderate_v1,combined,h041_combined_moderate_v1,held_out,moderate,v2,False,,,False,0,True,False,False,9.641666666657898,0.009795884157438445,0.015248167873933698,0.001354259567378456,False,1158,53
h042_combined_moderate_v2,combined,h042_combined_moderate_v2,held_out,moderate,v1,False,,,False,0,True,False,True,9.658333333192786,0.0,0.0,0.0,True,1160,0
h042_combined_moderate_v2,combined,h042_combined_moderate_v2,held_out,moderate,v2,False,,,False,0,True,False,False,9.658333333192786,0.04857272945658161,0.010011556995116227,0.0008676375906458417,False,1160,22
h048_terminal_band_moderate_v0,terminal_band,h048_terminal_band_moderate_v0,held_out,moderate,v1,False,,,False,0,True,False,False,9.85000000012542,0.03297703501446973,0.011673810262071422,0.0036473993801698222,False,1183,145
h048_terminal_band_moderate_v0,terminal_band,h048_terminal_band_moderate_v0,held_out,moderate,v2,False,,,False,0,True,False,True,9.875000000125738,0.0,0.0,0.0,True,1186,0
h049_terminal_band_moderate_v1,terminal_band,h049_terminal_band_moderate_v1,held_out,moderate,v1,False,,,False,0,True,False,False,9.816666666657738,0.055526078204915855,0.007279136318447556,0.008078909972686168,False,1179,76
h049_terminal_band_moderate_v1,terminal_band,h049_terminal_band_moderate_v1,held_out,moderate,v2,False,,,False,0,True,False,True,9.816666666657738,0.0,0.0,0.0,True,1179,0
h050_terminal_band_moderate_v2,terminal_band,h050_terminal_band_moderate_v2,held_out,moderate,v1,False,,,False,0,True,False,False,9.808333333332776,0.07874137386474125,0.012005797197962081,0.004462593456195366,False,1178,194
h050_terminal_band_moderate_v2,terminal_band,h050_terminal_band_moderate_v2,held_out,moderate,v2,False,,,False,0,True,False,True,9.816666666666109,0.0,0.0,0.0,True,1179,0
h051_terminal_band_moderate_v3,terminal_band,h051_terminal_band_moderate_v3,held_out,moderate,v1,False,,,False,0,True,False,False,9.816666666523815,0.08228657242592263,0.0062384508312036,0.015692296142016778,False,1179,208
h051_terminal_band_moderate_v3,terminal_band,h051_terminal_band_moderate_v3,held_out,moderate,v2,False,,,False,0,True,False,True,9.816666666523815,0.0,0.0,0.0,True,1179,0
h052_terminal_band_severe_v0,terminal_band,h052_terminal_band_severe_v0,held_out,severe,v1,False,,,False,0,True,False,False,9.783333333190967,0.00843258787050248,0.0045194044869091244,0.0021274953642868217,False,1175,80
h052_terminal_band_severe_v0,terminal_band,h052_terminal_band_severe_v0,held_out,severe,v2,False,,,False,0,True,False,True,9.783333333190967,0.0,0.0,0.0,True,1175,0
h057_late_combined_moderate_v1,late_combined,h057_late_combined_moderate_v1,held_out,moderate,v1,False,,,False,0,True,False,True,9.83333333332439,0.0,0.0,0.0,True,1181,0
h057_late_combined_moderate_v1,late_combined,h057_late_combined_moderate_v1,held_out,moderate,v2,False,,,False,0,True,False,False,9.799999999991087,0.010714220842730781,0.004573332237008478,0.004697079318303539,False,1177,89
h058_late_combined_moderate_v2,late_combined,h058_late_combined_moderate_v2,held_out,moderate,v1,False,,,False,0,True,False,False,9.849999999991041,0.0442476766559123,0.059545618327911144,0.004433259902395958,False,1183,72
h058_late_combined_moderate_v2,late_combined,h058_late_combined_moderate_v2,held_out,moderate,v2,False,,,False,0,True,False,False,9.849999999991041,0.0442476766559123,0.059545618327911144,0.004433259902395958,False,1183,72
h059_late_combined_moderate_v3,late_combined,h059_late_combined_moderate_v3,held_out,moderate,v1,False,,,False,0,True,False,False,9.941666666657625,0.0323795758491162,0.026233311528140967,0.006886914876748181,False,1194,56
h059_late_combined_moderate_v3,late_combined,h059_late_combined_moderate_v3,held_out,moderate,v2,False,,,False,0,True,False,False,9.941666666657625,0.0323795758491162,0.026233311528140967,0.006886914876748181,False,1194,56
