case_id,family,split,severity,nominal_success,nominal_outcome,v1_minus_nominal_success,v2_minus_nominal_success,v1_success,v2_success,v1_outcome,v2_outcome,success_delta,neither_intervenes,v2_new_branch_used,v2_trigger_branches,v1_first_trigger_s,v2_first_trigger_s,first_trigger_time_equal,prefix_matched,prefix_time_s,prefix_position_mm,prefix_orientation_deg,prefix_depth_rmse_mm,endpoint_prefix_matched,prefix_samples,prefix_mismatched_samples
h000_easy_controls_easy_v0,easy_controls,held_out,easy,True,insertion_success,0,0,True,True,insertion_success,insertion_success,0,True,False,,,,,True,9.699999999991178,0.0,0.0,0.0,True,1165,0
h001_easy_controls_easy_v1,easy_controls,held_out,easy,True,insertion_success,0,0,True,True,insertion_success,insertion_success,0,True,False,,,,,True,9.649999999991223,0.0,0.0,0.0,True,1159,0
h002_easy_controls_easy_v2,easy_controls,held_out,easy,True,insertion_success,0,0,True,True,insertion_success,insertion_success,0,True,False,,,,,True,9.658333333456312,0.0,0.0,0.0,True,1160,0
h003_easy_controls_easy_v3,easy_controls,held_out,easy,True,insertion_success,0,0,True,True,insertion_success,insertion_success,0,True,False,,,,,True,9.649999999859574,0.0,0.0,0.0,True,1159,0
h004_easy_controls_easy_v0,easy_controls,held_out,easy,True,insertion_success,0,0,True,True,insertion_success,insertion_success,0,True,False,,,,,True,9.68333333345663,0.0,0.0,0.0,True,1163,0
h005_easy_controls_easy_v1,easy_controls,held_out,easy,True,insertion_success,0,0,True,True,insertion_success,insertion_success,0,True,False,,,,,True,9.650000000122873,0.0,0.0,0.0,True,1159,0
h006_easy_controls_easy_v2,easy_controls,held_out,easy,True,insertion_success,0,0,True,True,insertion_success,insertion_success,0,True,False,,,,,True,9.69166666679007,0.0,0.0,0.0,True,1164,0
h007_easy_controls_easy_v3,easy_controls,held_out,easy,True,insertion_success,0,0,True,True,insertion_success,insertion_success,0,True,False,,,,,True,9.616666666526726,0.0,0.0,0.0,True,1155,0
h008_axis_offset_moderate_v0,axis_offset,held_out,moderate,True,insertion_success,0,0,True,True,insertion_success,insertion_success,0,True,False,,,,,False,9.749999999991132,0.011926051678375531,0.002985887035829948,0.007092503303388828,False,1171,148
h009_axis_offset_moderate_v1,axis_offset,held_out,moderate,True,insertion_success,0,0,True,True,insertion_success,insertion_success,0,True,False,,,,,True,9.774999999857755,0.0,0.0,0.0,True,1174,0
h010_axis_offset_moderate_v2,axis_offset,held_out,moderate,True,insertion_success,0,0,True,True,insertion_success,insertion_success,0,True,False,,,,,False,9.666666666525998,0.049169393255845746,0.00621751289239383,0.0044219755170550636,False,1161,50
h011_axis_offset_moderate_v3,axis_offset,held_out,moderate,True,insertion_success,0,0,True,True,insertion_success,insertion_success,0,True,False,,,,,True,9.766666666791025,0.0,0.0,0.0,True,1173,0
h012_axis_offset_severe_v0,axis_offset,held_out,severe,True,insertion_success,0,0,True,True,insertion_success,insertion_success,0,True,False,,,,,False,10.216666666796755,0.012031469904717965,0.009259990240508125,0.004758726229317601,False,1227,210
h013_axis_offset_severe_v1,axis_offset,held_out,severe,True,insertion_success,0,0,True,True,insertion_success,insertion_success,0,True,False,,,,,False,10.13333333346236,0.005272483702535991,0.002922180715272323,0.0018758181237204046,False,1217,131
h014_axis_offset_severe_v2,axis_offset,held_out,severe,True,insertion_success,0,0,True,True,insertion_success,insertion_success,0,True,False,,,,,False,10.075000000128284,0.01899916807294747,0.000542457433708123,0.005371827979024607,False,1210,311
h015_axis_offset_severe_v3,axis_offset,held_out,severe,True,insertion_success,0,0,True,True,insertion_success,insertion_success,0,True,False,,,,,True,10.800000000137516,0.0,0.0,0.0,True,1297,0
h016_oblique_offset_moderate_v0,oblique_offset,held_out,moderate,True,insertion_success,0,0,True,True,insertion_success,insertion_success,0,True,False,,,,,False,9.716666666790388,0.006198059936615002,0.003354256632274902,0.0029296535980092957,False,1167,108
h017_oblique_offset_moderate_v1,oblique_offset,held_out,moderate,True,insertion_success,0,0,True,True,insertion_success,insertion_success,0,True,False,,,,,False,9.716666666790388,0.01505174702571981,0.0035407523776967136,0.0021226338716050764,False,1167,61
h018_oblique_offset_moderate_v2,oblique_offset,held_out,moderate,True,insertion_success,0,0,True,True,insertion_success,insertion_success,0,True,False,,,,,False,9.733333333457267,0.03954049014494398,0.02190032548715808,0.011686663910274864,False,1169,190
h019_oblique_offset_moderate_v3,oblique_offset,held_out,moderate,True,insertion_success,0,0,True,True,insertion_success,insertion_success,0,True,False,,,,,False,9.791666666791343,0.017886873356932176,0.011683853392923074,0.0043568370618017604,False,1176,215
h020_oblique_offset_severe_v0,oblique_offset,held_out,severe,True,insertion_success,0,0,True,True,insertion_success,insertion_success,0,True,False,,,,,False,9.974999999854845,0.04302867090343823,0.0044289784194692,0.00446551620670301,False,1198,119
h021_oblique_offset_severe_v1,oblique_offset,held_out,severe,True,insertion_success,0,0,True,True,insertion_success,insertion_success,0,True,False,,,,,False,10.633333333468727,0.04403394025929347,0.009975303050617485,0.007266232716650309,False,1277,366
h022_oblique_offset_severe_v2,oblique_offset,held_out,severe,True,insertion_success,0,0,True,True,insertion_success,insertion_success,0,True,False,,,,,False,10.066666666520177,0.05616712721201035,0.0018572291019200305,0.01053789106614809,False,1209,259
h023_oblique_offset_severe_v3,oblique_offset,held_out,severe,True,insertion_success,0,0,True,True,insertion_success,insertion_success,0,True,False,,,,,False,10.42500000013274,0.0013667296529176354,0.008775883121701064,0.0032462452623134297,False,1252,234
h024_axis_tilt_moderate_v0,axis_tilt,held_out,moderate,True,insertion_success,0,0,True,True,insertion_success,insertion_success,0,True,False,,,,,False,9.958333333341258,0.05739302008738675,0.02547913755336151,0.010064850849587668,False,1196,113
h025_axis_tilt_moderate_v1,axis_tilt,held_out,moderate,False,time_budget_exhausted,1,1,True,True,insertion_success,insertion_success,0,False,False,normal,9.999999999990905,9.999999999990905,True,False,9.999999999990905,0.020718408240415438,0.017943459783562564,0.016005709216770598,False,1201,270
h026_axis_tilt_moderate_v2,axis_tilt,held_out,moderate,False,time_budget_exhausted,0,1,False,True,time_budget_exhausted,insertion_success,1,False,True,terminal,,10.899999999990087,,False,10.899999999990087,0.008272564379145102,0.004658268507178456,0.004081397962836409,False,1309,335
h027_axis_tilt_moderate_v3,axis_tilt,held_out,moderate,False,time_budget_exhausted,0,1,False,True,time_budget_exhausted,insertion_success,1,False,True,terminal,,10.999999999839929,,True,10.999999999839929,0.0,0.0,0.0,True,1321,0
h028_axis_tilt_severe_v0,axis_tilt,held_out,severe,False,time_budget_exhausted,1,1,True,True,insertion_success,insertion_success,0,False,False,normal,8.799999999991996,8.799999999991996,True,False,8.799999999991996,0.021286415066199084,0.007193636129069333,0.006994986089055317,False,1057,206
h029_axis_tilt_severe_v1,axis_tilt,held_out,severe,False,time_budget_exhausted,1,1,True,True,insertion_success,insertion_success,0,False,False,normal,9.099999999991724,9.099999999991724,True,False,9.099999999991724,0.017515180431096043,0.020866391011949596,0.0038023574516940902,False,1093,181
h030_axis_tilt_severe_v2,axis_tilt,held_out,severe,False,grasp_retention_limit,0,0,False,False,grasp_retention_limit,grasp_retention_limit,0,True,False,,,,,False,9.233333333324936,0.011082183258277348,0.004179914640324004,0.0019140471861273532,False,1109,112
h031_axis_tilt_severe_v3,axis_tilt,held_out,severe,False,grasp_retention_limit,0,0,False,False,grasp_retention_limit,grasp_retention_limit,0,True,False,,,,,False,9.68333333345663,0.04975384174340934,0.07363594827613229,0.008192837787202081,False,1163,81
h032_oblique_tilt_moderate_v0,oblique_tilt,held_out,moderate,False,time_budget_exhausted,1,1,True,True,insertion_success,insertion_success,0,False,False,normal,9.999999999990905,9.999999999990905,True,False,9.999999999990905,0.006441665161126361,0.04174206598504227,0.01123428801062702,False,1201,290
h033_oblique_tilt_moderate_v1,oblique_tilt,held_out,moderate,False,time_budget_exhausted,0,1,False,True,time_budget_exhausted,insertion_success,1,False,True,terminal,,10.800000000137516,,True,10.800000000137516,0.0,0.0,0.0,True,1297,0
h034_oblique_tilt_moderate_v2,oblique_tilt,held_out,moderate,False,time_budget_exhausted,0,1,False,True,time_budget_exhausted,insertion_success,1,False,True,terminal,,11.400000000145155,,False,11.400000000145155,0.005536504058106633,0.003891408495242667,0.0037318613072850324,False,1369,352
h035_oblique_tilt_moderate_v3,oblique_tilt,held_out,moderate,True,insertion_success,0,0,True,True,insertion_success,insertion_success,0,True,False,,,,,False,10.366666666515812,0.06048492216290566,0.024787873026059417,0.010704640260888677,False,1245,158
h036_oblique_tilt_severe_v0,oblique_tilt,held_out,severe,False,time_budget_exhausted,1,1,True,True,insertion_success,insertion_success,0,False,False,normal,9.099999999991724,9.099999999991724,True,True,9.099999999991724,0.0,0.0,0.0,True,1093,0
h037_oblique_tilt_severe_v1,oblique_tilt,held_out,severe,False,grasp_retention_limit,0,0,False,False,grasp_retention_limit,grasp_retention_limit,0,False,False,normal,,9.399999999863212,,False,9.399999999863212,0.019456095165459566,0.01730486297149825,0.005190238326569372,False,1129,136
h038_oblique_tilt_severe_v2,oblique_tilt,held_out,severe,False,time_budget_exhausted,1,1,True,True,insertion_success,insertion_success,0,False,True,urgent,9.499999999861757,9.399999999863212,False,False,9.399999999863212,0.017494763121580936,0.00798149141492722,0.0010671559752898517,False,1129,48
h039_oblique_tilt_severe_v3,oblique_tilt,held_out,severe,False,time_budget_exhausted,1,1,True,True,insertion_success,insertion_success,0,False,False,normal,8.799999999871943,8.799999999871943,True,True,8.799999999871943,0.0,0.0,0.0,True,1057,0
h040_combined_moderate_v0,combined,held_out,moderate,False,time_budget_exhausted,1,1,True,True,insertion_success,insertion_success,0,False,False,normal,9.899999999855936,9.899999999855936,True,False,9.899999999855936,0.002799558481721623,0.009310601531266621,0.0017205729452356312,False,1189,92
h041_combined_moderate_v1,combined,held_out,moderate,True,insertion_success,0,0,True,True,insertion_success,insertion_success,0,True,False,,,,,True,9.641666666657898,0.0,0.0,0.0,True,1158,0
h042_combined_moderate_v2,combined,held_out,moderate,True,insertion_success,0,0,True,True,insertion_success,insertion_success,0,True,False,,,,,False,9.658333333192786,0.04857272945658161,0.010011556995116227,0.0008676375906458417,False,1160,22
h043_combined_moderate_v3,combined,held_out,moderate,False,time_budget_exhausted,1,1,True,True,insertion_success,insertion_success,0,False,False,normal,9.800000000124783,9.800000000124783,True,True,9.800000000124783,0.0,0.0,0.0,True,1177,0
h044_combined_severe_v0,combined,held_out,severe,False,grasp_retention_limit,0,0,False,False,grasp_retention_limit,grasp_retention_limit,0,True,False,,,,,True,9.033333333325118,0.0,0.0,0.0,True,1085,0
h045_combined_severe_v1,combined,held_out,severe,False,grasp_retention_limit,0,0,False,False,grasp_retention_limit,grasp_retention_limit,0,True,False,,,,,False,9.641666666657898,0.05675210582241615,0.08242099256681185,0.003375481385163976,False,1158,61
h046_combined_severe_v2,combined,held_out,severe,False,time_budget_exhausted,1,1,True,True,insertion_success,insertion_success,0,False,False,normal,8.59999999999377,8.599999999992178,True,True,8.59999999999377,0.0,0.0,0.0,True,1033,0
h047_combined_severe_v3,combined,held_out,severe,False,grasp_retention_limit,0,0,False,False,grasp_retention_limit,grasp_retention_limit,0,True,False,,,,,True,8.716666666539822,0.0,0.0,0.0,True,1047,0
h048_terminal_band_moderate_v0,terminal_band,held_out,moderate,True,insertion_success,0,0,True,True,insertion_success,insertion_success,0,True,False,,,,,False,9.85000000012542,0.03297703501446973,0.011673810262071422,0.0036473993801698222,False,1183,145
h049_terminal_band_moderate_v1,terminal_band,held_out,moderate,True,insertion_success,0,0,True,True,insertion_success,insertion_success,0,True,False,,,,,False,9.816666666657738,0.055526078204915855,0.007279136318447556,0.008078909972686168,False,1179,76
h050_terminal_band_moderate_v2,terminal_band,held_out,moderate,True,insertion_success,0,0,True,True,insertion_success,insertion_success,0,True,False,,,,,False,9.808333333332776,0.07874137386474125,0.012005797197962081,0.004462593456195366,False,1178,194
h051_terminal_band_moderate_v3,terminal_band,held_out,moderate,True,insertion_success,0,0,True,True,insertion_success,insertion_success,0,True,False,,,,,False,9.816666666523815,0.08228657242592263,0.0062384508312036,0.015692296142016778,False,1179,208
h052_terminal_band_severe_v0,terminal_band,held_out,severe,True,insertion_success,0,0,True,True,insertion_success,insertion_success,0,True,False,,,,,False,9.783333333190967,0.00843258787050248,0.0045194044869091244,0.0021274953642868217,False,1175,80
h053_terminal_band_severe_v1,terminal_band,held_out,severe,False,time_budget_exhausted,1,1,True,True,insertion_success,insertion_success,0,False,False,normal,9.599999999991269,9.599999999991269,True,False,9.599999999991269,0.01070592900211587,0.017847492206890057,0.0029612966927766815,False,1153,167
h054_terminal_band_severe_v2,terminal_band,held_out,severe,False,time_budget_exhausted,1,1,True,True,insertion_success,insertion_success,0,False,False,normal,9.800000000124783,9.800000000124783,True,False,9.800000000124783,0.026555356459360697,0.03631156641276955,0.008509588090653426,False,1177,169
h055_terminal_band_severe_v3,terminal_band,held_out,severe,False,time_budget_exhausted,0,1,False,True,time_budget_exhausted,insertion_success,1,False,True,terminal,,10.59999999984575,,True,10.59999999984575,0.0,0.0,0.0,True,1273,0
h056_late_combined_moderate_v0,late_combined,held_out,moderate,False,grasp_retention_limit,0,0,False,False,grasp_retention_limit,grasp_retention_limit,0,True,False,,,,,True,9.766666666524543,0.0,0.0,0.0,True,1173,0
h057_late_combined_moderate_v1,late_combined,held_out,moderate,True,insertion_success,0,0,True,True,insertion_success,insertion_success,0,True,False,,,,,False,9.799999999991087,0.010714220842730781,0.004573332237008478,0.004697079318303539,False,1177,89
h058_late_combined_moderate_v2,late_combined,held_out,moderate,True,insertion_success,0,0,True,True,insertion_success,insertion_success,0,True,False,,,,,True,9.858333333324367,0.0,0.0,0.0,True,1184,0
h059_late_combined_moderate_v3,late_combined,held_out,moderate,True,insertion_success,0,0,True,True,insertion_success,insertion_success,0,True,False,,,,,True,9.974999999990928,0.0,0.0,0.0,True,1198,0
h060_late_combined_severe_v0,late_combined,held_out,severe,False,grasp_retention_limit,0,0,False,False,grasp_retention_limit,grasp_retention_limit,0,True,False,,,,,True,9.291666666784977,0.0,0.0,0.0,True,1116,0
h061_late_combined_severe_v1,late_combined,held_out,severe,False,grasp_retention_limit,0,0,False,False,grasp_retention_limit,grasp_retention_limit,0,True,False,,,,,False,9.50000000000756,0.015106499064433542,0.023414768361563924,0.0024985161822985444,False,1141,64
h062_late_combined_severe_v2,late_combined,held_out,severe,False,grasp_retention_limit,1,1,True,True,insertion_success,insertion_success,0,False,False,normal,9.70000000012351,9.70000000012351,True,False,9.70000000012351,0.018927090168542198,0.03233783936650763,0.0022151347355907156,False,1165,64
h063_late_combined_severe_v3,late_combined,held_out,severe,False,grasp_retention_limit,0,1,False,True,grasp_retention_limit,insertion_success,1,False,True,urgent,9.899999999855936,9.799999999857391,False,True,9.799999999857391,0.0,0.0,0.0,True,1177,0
