case_id,radial_clearance_mm,effective_radial_clearance_mm,hole_depth_mm,target_depth_mm,pair_static_friction,pair_dynamic_friction,peg_static_friction,peg_dynamic_friction,hole_static_friction,hole_dynamic_friction,friction_combine_mode,tilt_amplitude_deg,tilt_axis,tilt_sign,split_group_id,trajectory_id,folder,policy,origin,probe_present,reference_state,parent_numerically_valid,paired_state,label_eligible,safe_recovery,numerically_valid,grasp_retained,cleared,force_budget_exceeded,torque_budget_exceeded,max_force,max_torque,max_wrist_force_n,max_wrist_torque_nm,max_normal_load,max_penetration,recovery_work_j,clear_time_s,duration_s,force_axis_frame,wrist_axial_signal,retreat_contact_resistance_definition,moving_average_support_s,stop_observed,stop_sample_count,stop_duration_s,stop_peak_wrist_force_n,stop_peak_wrist_torque_nm,stop_peak_wrist_world_z_abs_n,stop_peak_contact_force_n,stop_peak_contact_downward_resistance_n,stop_peak_wrist_force_mean100ms_n,stop_peak_wrist_world_z_abs_mean100ms_n,stop_peak_contact_downward_resistance_mean100ms_n,stop_contact_resistive_work_j,realign_observed,realign_sample_count,realign_duration_s,realign_peak_wrist_force_n,realign_peak_wrist_torque_nm,realign_peak_wrist_world_z_abs_n,realign_peak_contact_force_n,realign_peak_contact_downward_resistance_n,realign_peak_wrist_force_mean100ms_n,realign_peak_wrist_world_z_abs_mean100ms_n,realign_peak_contact_downward_resistance_mean100ms_n,realign_contact_resistive_work_j,retreat_observed,retreat_sample_count,retreat_duration_s,retreat_peak_wrist_force_n,retreat_peak_wrist_torque_nm,retreat_peak_wrist_world_z_abs_n,retreat_peak_contact_force_n,retreat_peak_contact_downward_resistance_n,retreat_peak_wrist_force_mean100ms_n,retreat_peak_wrist_world_z_abs_mean100ms_n,retreat_peak_contact_downward_resistance_mean100ms_n,retreat_contact_resistive_work_j,clear_hold_observed,clear_hold_sample_count,clear_hold_duration_s,clear_hold_peak_wrist_force_n,clear_hold_peak_wrist_torque_nm,clear_hold_peak_wrist_world_z_abs_n,clear_hold_peak_contact_force_n,clear_hold_peak_contact_downward_resistance_n,clear_hold_peak_wrist_force_mean100ms_n,clear_hold_peak_wrist_world_z_abs_mean100ms_n,clear_hold_peak_contact_downward_resistance_mean100ms_n,clear_hold_contact_resistive_work_j,retreat_start_depth_mm,retreat_end_depth_mm,retreat_actual_withdrawal_mm,retreat_commanded_withdrawal_mm,retreat_max_depth_tracking_error_mm,stop_peak_wrist_torque_nm_mean100ms,stop_peak_force_norm_n,stop_peak_force_norm_mean100ms_n,stop_peak_normal_load_n,stop_peak_normal_load_mean100ms_n,stop_peak_contact_normal_force_norm_n,stop_peak_contact_normal_force_norm_mean100ms_n,stop_peak_contact_friction_force_norm_n,stop_peak_contact_friction_force_norm_mean100ms_n,stop_peak_contact_normal_axial_resistance_n,stop_peak_contact_normal_axial_resistance_mean100ms_n,stop_peak_contact_friction_axial_resistance_n,stop_peak_contact_friction_axial_resistance_mean100ms_n,stop_peak_contact_axial_span_mm,stop_peak_contact_axial_span_mm_mean100ms,stop_peak_wall_centroid_axial_span_mm,stop_peak_wall_centroid_axial_span_mm_mean100ms,stop_peak_geometry_overlap_estimate_mm,stop_peak_geometry_overlap_estimate_mm_mean100ms,stop_both_walls_loaded_fraction,realign_peak_wrist_torque_nm_mean100ms,realign_peak_force_norm_n,realign_peak_force_norm_mean100ms_n,realign_peak_normal_load_n,realign_peak_normal_load_mean100ms_n,realign_peak_contact_normal_force_norm_n,realign_peak_contact_normal_force_norm_mean100ms_n,realign_peak_contact_friction_force_norm_n,realign_peak_contact_friction_force_norm_mean100ms_n,realign_peak_contact_normal_axial_resistance_n,realign_peak_contact_normal_axial_resistance_mean100ms_n,realign_peak_contact_friction_axial_resistance_n,realign_peak_contact_friction_axial_resistance_mean100ms_n,realign_peak_contact_axial_span_mm,realign_peak_contact_axial_span_mm_mean100ms,realign_peak_wall_centroid_axial_span_mm,realign_peak_wall_centroid_axial_span_mm_mean100ms,realign_peak_geometry_overlap_estimate_mm,realign_peak_geometry_overlap_estimate_mm_mean100ms,realign_both_walls_loaded_fraction,retreat_peak_wrist_torque_nm_mean100ms,retreat_peak_force_norm_n,retreat_peak_force_norm_mean100ms_n,retreat_peak_normal_load_n,retreat_peak_normal_load_mean100ms_n,retreat_peak_contact_normal_force_norm_n,retreat_peak_contact_normal_force_norm_mean100ms_n,retreat_peak_contact_friction_force_norm_n,retreat_peak_contact_friction_force_norm_mean100ms_n,retreat_peak_contact_normal_axial_resistance_n,retreat_peak_contact_normal_axial_resistance_mean100ms_n,retreat_peak_contact_friction_axial_resistance_n,retreat_peak_contact_friction_axial_resistance_mean100ms_n,retreat_peak_contact_axial_span_mm,retreat_peak_contact_axial_span_mm_mean100ms,retreat_peak_wall_centroid_axial_span_mm,retreat_peak_wall_centroid_axial_span_mm_mean100ms,retreat_peak_geometry_overlap_estimate_mm,retreat_peak_geometry_overlap_estimate_mm_mean100ms,retreat_both_walls_loaded_fraction,clear_hold_peak_wrist_torque_nm_mean100ms,clear_hold_peak_force_norm_n,clear_hold_peak_force_norm_mean100ms_n,clear_hold_peak_normal_load_n,clear_hold_peak_normal_load_mean100ms_n,clear_hold_peak_contact_normal_force_norm_n,clear_hold_peak_contact_normal_force_norm_mean100ms_n,clear_hold_peak_contact_friction_force_norm_n,clear_hold_peak_contact_friction_force_norm_mean100ms_n,clear_hold_peak_contact_normal_axial_resistance_n,clear_hold_peak_contact_normal_axial_resistance_mean100ms_n,clear_hold_peak_contact_friction_axial_resistance_n,clear_hold_peak_contact_friction_axial_resistance_mean100ms_n,clear_hold_peak_contact_axial_span_mm,clear_hold_peak_contact_axial_span_mm_mean100ms,clear_hold_peak_wall_centroid_axial_span_mm,clear_hold_peak_wall_centroid_axial_span_mm_mean100ms,clear_hold_peak_geometry_overlap_estimate_mm,clear_hold_peak_geometry_overlap_estimate_mm_mean100ms,clear_hold_both_walls_loaded_fraction,retreat_at_wrist_peak_recovery_time_s,retreat_at_wrist_peak_normal_force_world_z_n,retreat_at_wrist_peak_friction_force_world_z_n,retreat_at_wrist_peak_normal_load_n,retreat_at_wrist_peak_wall_pos_normal_load_n,retreat_at_wrist_peak_wall_neg_normal_load_n,retreat_at_wrist_peak_wall_centroid_axial_span_mm,retreat_at_wrist_peak_contact_axial_span_mm,retreat_at_wrist_peak_geometry_overlap_estimate_mm,retreat_at_wrist_peak_depth_mm,retreat_at_wrist_peak_command_depth_mm,contact_components_definition,span_definition,reason,termination_reason,recovery_censored,termination_phase,replay_matched,replay_prefix_matched,replay_prefix_equal,replay_prefix_first_mismatch_index,reference_sample_count,replay_sample_count,replay_prefix_numerically_valid,replay_errors_position_mm,replay_errors_orientation_deg,replay_errors_joint_rad,replay_errors_joint_velocity_rad_s,replay_errors_linear_velocity_m_s,replay_errors_angular_velocity_rad_s,replay_errors_force_n,replay_errors_torque_nm,replay_errors_normal_load_n,replay_errors_min_separation_mm,replay_errors_wrist_torque_nm,replay_errors_finger_position,replay_errors_finger_velocity,replay_errors_grasp_position,replay_errors_hand_pose,replay_errors_wrist_raw_child,replay_errors_grasp_quat_angle_deg,replay_errors_hand_pose_angle_deg,replay_prefix_max_errors_position_mm,replay_prefix_max_errors_orientation_deg,replay_prefix_max_errors_joint_rad,replay_prefix_max_errors_joint_velocity_rad_s,replay_prefix_max_errors_linear_velocity_m_s,replay_prefix_max_errors_angular_velocity_rad_s,replay_prefix_max_errors_force_n,replay_prefix_max_errors_torque_nm,replay_prefix_max_errors_normal_load_n,replay_prefix_max_errors_min_separation_mm,replay_prefix_max_errors_wrist_torque_nm,replay_prefix_max_errors_finger_position,replay_prefix_max_errors_finger_velocity,replay_prefix_max_errors_grasp_position,replay_prefix_max_errors_hand_pose,replay_prefix_max_errors_wrist_raw_child,replay_prefix_max_errors_grasp_quat_angle_deg,replay_prefix_max_errors_hand_pose_angle_deg
m_d06_fs050_fd050_a00,0.2,0.19899400710569026,25.0,6.0,0.5,0.5,0.75,0.75,0.25,0.25,average,0.0,pitch,1,m_d06_fs050_fd050,m_d06_fs050_fd050_a00_try00,m_d06_fs050_fd050_a00_try00,straight,original_reference_continuation,True,valid_protocol_completed,True,matched_results_known,True,True,True,True,True,False,False,0.0,0.0,0.03249111771583557,0.009975590743124485,0.0,0.0,0.0,2.341666666666667,2.341666666666667,world_z_equals_fixed_hole_axis,absolute_raw_wrist_force_world_z_uncalibrated,"max(0,-world_contact_fz)",0.1,True,61,0.25,0.024779651314020157,0.009975590743124485,0.01062841061502695,0.0,0.0,0.009592893552811196,0.005855222135627021,0.0,0.0,False,0,0.0,,,,,,,,,,True,502,2.091666666666667,0.03249111771583557,0.0022375036496669054,0.01781539060175419,0.0,0.0,0.017902042871961992,0.01695975218899548,0.0,0.0,False,0,0.0,,,,,,,,,,5.901688337326052,-3.016492724418639,8.91818106174469,9.208333333333334,0.6743358174959813,0.0011623996312361367,0.0,0.0,0.0,0.0,0.0,0.0,0.0,0.0,0.0,0.0,0.0,0.0,,,,,0.0,0.0,0.0,,,,,,,,,,,,,,,,,,,,,0.0016407752749122058,0.0,0.0,0.0,0.0,0.0,0.0,0.0,0.0,0.0,0.0,0.0,0.0,,,,,0.0,0.0,0.0,,,,,,,,,,,,,,,,,,,,,1.6416666666666666,0.0,0.0,0.0,0.0,0.0,,,,0.6514802575111402,0.1973410646120728,"fixture_on_peg_world_frame; withdrawal resistance is max(0,-world_z) for each component",normal-load-weighted opposite-wall centroid span only when both walls loaded; all-contact span is a separate masked metric,cleared,cleared,False,retreat,,,,,,,,,,,,,,,,,,,,,,,,,,,,,,,,,,,,,,,,,,,
m_d06_fs050_fd050_a00,0.2,0.19899400710569026,25.0,6.0,0.5,0.5,0.75,0.75,0.25,0.25,average,0.0,pitch,1,m_d06_fs050_fd050,m_d06_fs050_fd050_a00_try00,m_d06_fs050_fd050_a00_try00,realign,independent_reference_replay,True,valid_protocol_completed,True,matched_results_known,True,True,True,True,True,False,False,0.4472815692424774,0.0006034260732121766,0.31300100684165955,0.02486143447458744,0.4000608026981354,4.63887275259367e-05,2.02863727275876e-05,4.329166666666667,4.329166666666667,world_z_equals_fixed_hole_axis,absolute_raw_wrist_force_world_z_uncalibrated,"max(0,-world_contact_fz)",0.1,True,61,0.25,0.024779651314020157,0.009975590743124485,0.01062841061502695,0.0,0.0,0.009592893552811196,0.005855222135627021,0.0,0.0,True,480,2.0,0.07579274475574493,0.007908857427537441,0.003286526771262288,0.0,0.0,0.008216184124952028,0.002831301865323136,0.0,0.0,True,499,2.0791666666666666,0.31300100684165955,0.02486143447458744,0.1535874307155609,0.4472815692424774,0.19991105794906616,0.06363162491470575,0.03781955665908754,0.022635126634744058,2.02863727275876e-05,False,0,0.0,,,,,,,,,,5.835735797882082,-3.0099511146545397,8.845686912536621,9.145833333333332,0.5334024429321294,0.0011623996312361367,0.0,0.0,0.0,0.0,0.0,0.0,0.0,0.0,0.0,0.0,0.0,0.0,,,,,0.0,0.0,0.0,0.0004223301039019134,0.0,0.0,0.0,0.0,0.0,0.0,0.0,0.0,0.0,0.0,0.0,0.0,,,,,0.0,0.0,0.0,0.007007151317035702,0.4472815692424774,0.050513965164393916,0.4000608026981354,0.04509256089416643,0.4000609455196906,0.045092580520987934,0.2000300760659687,0.022645199005791206,0.0,0.0,0.19991105794906616,0.022635126634744058,0.0,,,,0.0,0.0,0.0,,,,,,,,,,,,,,,,,,,,,2.725,0.0,-0.19991105794906616,0.4000608026981354,0.40006078872829676,0.0,,0.0,0.0,5.243198573589327,4.780369710445406,"fixture_on_peg_world_frame; withdrawal resistance is max(0,-world_z) for each component",normal-load-weighted opposite-wall centroid span only when both walls loaded; all-contact span is a separate masked metric,cleared,cleared,False,retreat,True,True,True,,2106,2106,True,0.0,0.0,0.0,0.0,0.0,0.0,0.0,0.0,0.0,0.0,0.0,0.0,0.0,0.0,0.0,0.0,0.0,0.0,0.0,0.0,0.0,0.0,0.0,0.0,0.0,0.0,0.0,0.0,0.0,0.0,0.0,0.0,0.0,0.0,0.0,0.0
m_d12_fs075_fd075_a00,0.2,0.19899400710569026,25.0,12.0,0.75,0.75,0.75,0.75,0.75,0.75,average,0.0,pitch,1,m_d12_fs075_fd075,m_d12_fs075_fd075_a00_try00,m_d12_fs075_fd075_a00_try00,straight,original_reference_continuation,True,valid_protocol_completed,True,replay_endpoint_unmatched,True,True,True,True,True,False,False,0.6119428873062134,0.001131019671447575,0.5781450271606445,0.04344399273395538,0.48955410718917847,0.00042640431274776347,6.139946128159158e-05,3.5625,3.5625,world_z_equals_fixed_hole_axis,absolute_raw_wrist_force_world_z_uncalibrated,"max(0,-world_contact_fz)",0.1,True,61,0.25,0.061339378356933594,0.03598153963685036,0.023535773158073425,0.0,0.0,0.007713986478241471,0.004168003411905374,0.0,0.0,False,0,0.0,,,,,,,,,,True,795,3.3125,0.5781450271606445,0.04344399273395538,0.3775286078453064,0.6119428873062134,0.36715278029441833,0.14434469336022934,0.09402680243996049,0.08152266805685333,6.139946128159158e-05,False,0,0.0,,,,,,,,,,12.072795629501345,-3.0183032155036913,15.091098845005035,15.3125,0.7287520368893947,0.0031661419531398374,0.0,0.0,0.0,0.0,0.0,0.0,0.0,0.0,0.0,0.0,0.0,0.0,,,,,0.0,0.0,0.0,,,,,,,,,,,,,,,,,,,,,0.016650004911449894,0.6119428873062134,0.13583062735089393,0.48955410718917847,0.10860479560991128,0.48955432696516415,0.10860484508844315,0.3671656874833405,0.08152813066712303,0.0,0.0,0.36715278029441833,0.08152266805685333,0.0,,,,5.204989542151317e-05,2.168745642563049e-06,0.0,,,,,,,,,,,,,,,,,,,,,0.7583333333333333,0.0,-0.36715278029441833,0.48955410718917847,0.0,0.48955410078633577,,0.0,0.0,11.455708742141725,10.774944980939232,"fixture_on_peg_world_frame; withdrawal resistance is max(0,-world_z) for each component",normal-load-weighted opposite-wall centroid span only when both walls loaded; all-contact span is a separate masked metric,cleared,cleared,False,retreat,,,,,,,,,,,,,,,,,,,,,,,,,,,,,,,,,,,,,,,,,,,
m_d12_fs075_fd075_a00,0.2,0.19899400710569026,25.0,12.0,0.75,0.75,0.75,0.75,0.75,0.75,average,0.0,pitch,1,m_d12_fs075_fd075,m_d12_fs075_fd075_a00_try00,m_d12_fs075_fd075_a00_try00,realign,independent_reference_replay,True,valid_protocol_completed,True,replay_endpoint_unmatched,False,,,,,,,,,,,,,,,,,,,,,,,,,,,,,,,,,,,,,,,,,,,,,,,,,,,,,,,,,,,,,,,,,,,,,,,,,,,,,,,,,,,,,,,,,,,,,,,,,,,,,,,,,,,,,,,,,,,,,,,,,,,,,,,,,,,,,,,,,,,,,,,,,,,,,,,,,,,,,,,,,,,,,,replay_mismatch,,,,False,False,False,1594,2473,2473,True,0.014173925631219648,0.017957162120219538,0.0002478361129760742,0.000912726391106844,0.0004504701204430934,0.020959033292061637,0.0,0.0,0.0,0.0,5.490064540936146e-05,1.8579885363578796e-07,5.924084689468145e-07,5.140900611877441e-07,1.0468065738677979e-05,0.0012155650474596769,0.0005719493316129372,0.01852523379500614,0.09867723679996704,0.027627126384180755,0.00032138824462890625,0.0030131174717098475,0.023171565755071497,1.5781239726482075,0.45527350662857785,0.0012107702753178606,0.3642188012599945,0.0,0.02215909492224455,4.294794052839279e-06,0.02278831132571213,3.402512811589986e-05,7.259845733642578e-05,0.25212401896715164,0.01797288465946019,0.020839776682598572
m_d12_fs075_fd075_a02,0.2,0.19899400710569026,25.0,12.0,0.75,0.75,0.75,0.75,0.75,0.75,average,2.0,pitch,1,m_d12_fs075_fd075,m_d12_fs075_fd075_a02_try00,m_d12_fs075_fd075_a02_try00,straight,original_reference_continuation,True,valid_protocol_completed,True,replay_endpoint_unmatched,True,True,True,True,True,False,False,0.9536260366439819,0.011257297359406948,0.7273893356323242,0.046190883964300156,0.9334797263145447,0.005055635483586229,7.411409395979099e-05,3.6083333333333334,3.6083333333333334,world_z_equals_fixed_hole_axis,absolute_raw_wrist_force_world_z_uncalibrated,"max(0,-world_contact_fz)",0.1,True,61,0.25,0.7273893356323242,0.046190883964300156,0.2288040667772293,0.9536260366439819,0.13639625906944275,0.10643827572251514,0.0385179479587047,0.011662115150405347,3.5491650279717566e-06,False,0,0.0,,,,,,,,,,True,806,3.3583333333333334,0.6034521460533142,0.04338381439447403,0.4202366769313812,0.7480080723762512,0.42731791734695435,0.14882735706244907,0.08856172409529488,0.08329912968037927,7.056492893181923e-05,False,0,0.0,,,,,,,,,,12.091086804866793,-3.1258821487426744,15.216968953609467,15.541666666666668,0.6159336368242894,0.011741261416924923,0.9536260366439819,0.12545195042882065,0.9334797263145447,0.11299459030851722,0.9334801533015396,0.11299464077261069,0.328365705059575,0.04814620092978119,0.0,0.0,0.13639625906944275,0.011736163056108731,0.0,,,,0.0056751579537595714,0.0028429528393702375,0.0,,,,,,,,,,,,,,,,,,,,,0.0161127905533552,0.7480080723762512,0.14583570451827654,0.598406195640564,0.1166404759666572,0.5984064426922835,0.11664052210268226,0.44880486093720184,0.08751848098738813,0.0,0.0,0.4482225179672241,0.08734992497969074,0.0,,,,0.004539400449120497,0.0025085992277994215,0.0,,,,,,,,,,,,,,,,,,,,,1.1541666666666666,0.0,-0.4200316071510315,0.5604113936424255,0.0,0.5604113835142925,,0.0,0.004139917221116125,9.198540449142458,8.828203241030376,"fixture_on_peg_world_frame; withdrawal resistance is max(0,-world_z) for each component",normal-load-weighted opposite-wall centroid span only when both walls loaded; all-contact span is a separate masked metric,cleared,cleared,False,retreat,,,,,,,,,,,,,,,,,,,,,,,,,,,,,,,,,,,,,,,,,,,
m_d12_fs075_fd075_a02,0.2,0.19899400710569026,25.0,12.0,0.75,0.75,0.75,0.75,0.75,0.75,average,2.0,pitch,1,m_d12_fs075_fd075,m_d12_fs075_fd075_a02_try00,m_d12_fs075_fd075_a02_try00,realign,independent_reference_replay,True,valid_protocol_completed,True,replay_endpoint_unmatched,False,,,,,,,,,,,,,,,,,,,,,,,,,,,,,,,,,,,,,,,,,,,,,,,,,,,,,,,,,,,,,,,,,,,,,,,,,,,,,,,,,,,,,,,,,,,,,,,,,,,,,,,,,,,,,,,,,,,,,,,,,,,,,,,,,,,,,,,,,,,,,,,,,,,,,,,,,,,,,,,,,,,,,,replay_mismatch,,,,False,False,False,1594,2493,2473,True,0.025459373567134083,0.029472119931743094,0.0008363723754882812,0.0030016942182555795,0.0005854747631015562,0.02004773021945146,0.021913640900588408,0.00011467762495637749,0.003899991512298584,2.5964370209408116e-05,0.007143764989450574,1.7462298274040222e-07,7.005291990935802e-08,1.6590529412496835e-06,2.385575044172583e-05,0.018930234014987946,0.0022674877910750704,0.030772718860876035,0.218168963489564,0.19679616270402694,0.005018472671508789,0.023941930383443832,0.023171565755071497,1.5781239726482075,3.518192146897794,0.03354246689150049,3.3694896697998047,0.00729099565432989,0.1441136673092842,4.4405460357666016e-06,0.02278831132571213,3.402512811589986e-05,0.0002136826515197754,2.3130976110696793,0.022903350840964013,0.19670942121496013
m_d18_fs100_fd100_a00,0.2,0.19899400710569026,25.0,18.0,1.0,1.0,0.75,0.75,1.25,1.25,average,0.0,pitch,1,m_d18_fs100_fd100,m_d18_fs100_fd100_a00_try00,m_d18_fs100_fd100_a00_try00,straight,original_reference_continuation,True,valid_protocol_completed,True,matched_results_known,True,True,True,True,True,False,False,0.5482773184776306,0.0015554934507235885,0.39565563201904297,0.023221805691719055,0.3876904845237732,0.0004897403300674341,0.00020089226294216632,4.733333333333333,4.733333333333333,world_z_equals_fixed_hole_axis,absolute_raw_wrist_force_world_z_uncalibrated,"max(0,-world_contact_fz)",0.1,True,61,0.25,0.014567820355296135,0.010338700376451015,0.005090564023703337,0.0,0.0,0.0067711333006930845,0.003360969446172627,0.0,0.0,False,0,0.0,,,,,,,,,,True,1076,4.483333333333333,0.39565563201904297,0.023221805691719055,0.30288031697273254,0.5482773184776306,0.3876436948776245,0.08199494498937081,0.046867601334573315,0.05120707081611423,0.00020089226294216632,False,0,0.0,,,,,,,,,,17.94562265276909,-3.002776205539702,20.948398858308792,21.166666666666668,0.6352790693442039,0.001026977573322559,0.0,0.0,0.0,0.0,0.0,0.0,0.0,0.0,0.0,0.0,0.0,0.0,,,,,0.0,0.0,0.0,,,,,,,,,,,,,,,,,,,,,0.00836687169309395,0.5482773184776306,0.07242710949230968,0.3876904845237732,0.05108299507992342,0.3876906591023956,0.051083017631972046,0.3876906201424496,0.05126816417664842,0.0,0.0,0.3876436948776245,0.05120707081611423,0.0006780028343200684,,,,0.0022142176115099235,9.225906714624681e-05,0.0,,,,,,,,,,,,,,,,,,,,,2.183333333333333,0.0,-0.3876436948776245,0.3876904845237732,0.3876904738135636,0.0,,0.0,0.0,9.855622053146364,9.531541337569555,"fixture_on_peg_world_frame; withdrawal resistance is max(0,-world_z) for each component",normal-load-weighted opposite-wall centroid span only when both walls loaded; all-contact span is a separate masked metric,cleared,cleared,False,retreat,,,,,,,,,,,,,,,,,,,,,,,,,,,,,,,,,,,,,,,,,,,
m_d18_fs100_fd100_a00,0.2,0.19899400710569026,25.0,18.0,1.0,1.0,0.75,0.75,1.25,1.25,average,0.0,pitch,1,m_d18_fs100_fd100,m_d18_fs100_fd100_a00_try00,m_d18_fs100_fd100_a00_try00,realign,independent_reference_replay,True,valid_protocol_completed,True,matched_results_known,True,True,True,True,True,False,False,0.6394330263137817,0.0014732807176187634,0.4724390208721161,0.030127840116620064,0.4521472454071045,0.0,2.8703625033454318e-05,6.733333333333333,6.733333333333333,world_z_equals_fixed_hole_axis,absolute_raw_wrist_force_world_z_uncalibrated,"max(0,-world_contact_fz)",0.1,True,61,0.25,0.014567820355296135,0.010338700376451015,0.005090564023703337,0.0,0.0,0.0067711333006930845,0.003360969446172627,0.0,0.0,True,480,2.0,0.011637894436717033,0.009944058023393154,0.0014501804253086448,0.0,0.0,0.0020218592283830126,0.0003593921444462467,0.0,0.0,True,1076,4.483333333333333,0.4724390208721161,0.030127840116620064,0.3613750636577606,0.6394330263137817,0.45214712619781494,0.07752776386526723,0.05920152187657853,0.04590630715544345,2.8703625033454318e-05,False,0,0.0,,,,,,,,,,17.930956184864044,-2.9993936419486986,20.930349826812744,21.166666666666668,0.5629241665204354,0.001026977573322559,0.0,0.0,0.0,0.0,0.0,0.0,0.0,0.0,0.0,0.0,0.0,0.0,,,,,0.0,0.0,0.0,0.00046548810769309057,0.0,0.0,0.0,0.0,0.0,0.0,0.0,0.0,0.0,0.0,0.0,0.0,,,,,0.0,0.0,0.0,0.007742603129978913,0.6394330263137817,0.06481399858663887,0.4521472454071045,0.04563482850790024,0.4521474447705363,0.04563484970521031,0.4521474099011111,0.045911338731585594,0.0,0.0,0.45214712619781494,0.04590630715544345,0.0,,,,0.0,0.0,0.0,,,,,,,,,,,,,,,,,,,,,2.6625,0.0,-0.4517906904220581,0.45183977484703064,0.45183977123815566,0.0,,0.0,0.0,17.459546774625778,17.12348193001747,"fixture_on_peg_world_frame; withdrawal resistance is max(0,-world_z) for each component",normal-load-weighted opposite-wall centroid span only when both walls loaded; all-contact span is a separate masked metric,cleared,cleared,False,retreat,True,True,True,,2811,2811,True,0.0,0.0,0.0,0.0,0.0,0.0,0.0,0.0,0.0,0.0,0.0,0.0,0.0,0.0,0.0,0.0,0.0,0.0,0.0,0.0,0.0,0.0,0.0,0.0,0.0,0.0,0.0,0.0,0.0,0.0,0.0,0.0,0.0,0.0,0.0,0.0
m_d18_fs100_fd050_a00,0.2,0.19899400710569026,25.0,18.0,1.0,0.5,0.75,0.75,1.25,0.25,average,0.0,pitch,1,m_d18_fs100_fd050,m_d18_fs100_fd050_a00_try00,m_d18_fs100_fd050_a00_try00,straight,original_reference_continuation,True,valid_protocol_completed,True,replay_endpoint_unmatched,True,True,True,True,True,False,False,1.0271738767623901,0.0018793544732034206,0.8721237778663635,0.05787486582994461,0.8394567370414734,0.001313107532041613,0.00010992565829160047,4.7625,4.7625,world_z_equals_fixed_hole_axis,absolute_raw_wrist_force_world_z_uncalibrated,"max(0,-world_contact_fz)",0.1,True,61,0.25,0.06167149543762207,0.03295515105128288,0.025000791996717453,0.0,0.0,0.008811960695311427,0.005293082280938203,0.0,0.0,False,0,0.0,,,,,,,,,,True,1083,4.5125,0.8721237778663635,0.05787486582994461,0.5861836671829224,1.0271738767623901,0.5908963680267334,0.15484815067611635,0.0983985264125901,0.07555481045877362,0.00010992565829160047,False,0,0.0,,,,,,,,,,18.093889206647873,-3.0028134584426867,21.09670266509056,21.3125,0.7241088151931763,0.0030322156120140185,0.0,0.0,0.0,0.0,0.0,0.0,0.0,0.0,0.0,0.0,0.0,0.0,,,,,0.0,0.0,0.0,,,,,,,,,,,,,,,,,,,,,0.018500796545898385,1.0271738767623901,0.14392952427639708,0.8394567370414734,0.12127832695841789,0.8394571950162264,0.12127838080362001,0.5919441530229957,0.07555860991460005,0.0,0.0,0.5908963680267334,0.07555481045877362,0.0,,,,0.0010794284432125156,7.6563181297355e-05,0.0,,,,,,,,,,,,,,,,,,,,,1.175,0.0,-0.5908963680267334,0.8394567370414734,0.0,0.8394567617215216,,0.0,0.0010794284432125156,15.096069872379305,14.711181581020355,"fixture_on_peg_world_frame; withdrawal resistance is max(0,-world_z) for each component",normal-load-weighted opposite-wall centroid span only when both walls loaded; all-contact span is a separate masked metric,cleared,cleared,False,retreat,,,,,,,,,,,,,,,,,,,,,,,,,,,,,,,,,,,,,,,,,,,
m_d18_fs100_fd050_a00,0.2,0.19899400710569026,25.0,18.0,1.0,0.5,0.75,0.75,1.25,0.25,average,0.0,pitch,1,m_d18_fs100_fd050,m_d18_fs100_fd050_a00_try00,m_d18_fs100_fd050_a00_try00,realign,independent_reference_replay,True,valid_protocol_completed,True,replay_endpoint_unmatched,False,,,,,,,,,,,,,,,,,,,,,,,,,,,,,,,,,,,,,,,,,,,,,,,,,,,,,,,,,,,,,,,,,,,,,,,,,,,,,,,,,,,,,,,,,,,,,,,,,,,,,,,,,,,,,,,,,,,,,,,,,,,,,,,,,,,,,,,,,,,,,,,,,,,,,,,,,,,,,,,,,,,,,,replay_mismatch,,,,False,False,False,1866,2876,2876,True,0.020993960361128522,0.00975713725394894,0.00016736984252929688,0.00041199091356247663,0.00023630568646135358,0.025880851639626896,0.0,0.0,0.0,0.0,7.527121397288283e-06,8.381903171539307e-08,9.284121915698051e-09,1.0313160601072013e-06,1.5437602996826172e-05,4.9460660193290096e-05,0.0006582013423556268,0.009919847235859373,0.11251269992842926,0.024332444833232846,0.00025069713592529297,0.0036135094705969095,0.026269736438519622,1.46103671351784,0.59409295171284,0.0019021149253233593,0.42583903670310974,0.0002997324770603882,0.02616300107911229,4.4084154069423676e-06,0.021613171775243245,3.420942448428832e-05,8.732080459594727e-05,0.31056447327136993,0.01764365438251417,0.01526876893350161
m_d18_fs100_fd100_a02,0.2,0.19899400710569026,25.0,18.0,1.0,1.0,0.75,0.75,1.25,1.25,average,2.0,pitch,1,m_d18_fs100_fd100,m_d18_fs100_fd100_a02_try00,m_d18_fs100_fd100_a02_try00,straight,original_reference_continuation,True,grasp_failed,True,reference_protocol_incomplete,True,False,True,False,False,False,False,6.320484638214111,0.07363883405923843,5.2136149406433105,0.20017407834529877,9.90617847442627,0.01436055845260853,0,,0.0,world_z_equals_fixed_hole_axis,absolute_raw_wrist_force_world_z_uncalibrated,"max(0,-world_contact_fz)",0.1,True,1,0.0,5.2136149406433105,0.20017407834529877,5.126888751983643,6.320484638214111,6.064206600189209,,,,,False,0,0.0,,,,,,,,,,False,0,0.0,,,,,,,,,,False,0,0.0,,,,,,,,,,,,,,,,6.320484638214111,,9.90617847442627,,1.0797893100443257,,6.228162264463948,,0.0,,6.064206600189209,,0.25527551770210266,,,,0.029302015567353977,,0.0,,,,,,,,,,,,,,,,,,,,,,,,,,,,,,,,,,,,,,,,,,,,,,,,,,,,,,,,,,,,,,,,,,,,,,,,"fixture_on_peg_world_frame; withdrawal resistance is max(0,-world_z) for each component",normal-load-weighted opposite-wall centroid span only when both walls loaded; all-contact span is a separate masked metric,grasp_retention_limit,grasp_retention_limit,True,stop,,,,,,,,,,,,,,,,,,,,,,,,,,,,,,,,,,,,,,,,,,,
m_d18_fs100_fd100_a02,0.2,0.19899400710569026,25.0,18.0,1.0,1.0,0.75,0.75,1.25,1.25,average,2.0,pitch,1,m_d18_fs100_fd100,m_d18_fs100_fd100_a02_try00,m_d18_fs100_fd100_a02_try00,realign,independent_reference_replay,True,grasp_failed,True,reference_protocol_incomplete,False,,,,,,,,,,,,,,,,,,,,,,,,,,,,,,,,,,,,,,,,,,,,,,,,,,,,,,,,,,,,,,,,,,,,,,,,,,,,,,,,,,,,,,,,,,,,,,,,,,,,,,,,,,,,,,,,,,,,,,,,,,,,,,,,,,,,,,,,,,,,,,,,,,,,,,,,,,,,,,,,,,,,,,reference_not_eligible,,,,,,,,,,,,,,,,,,,,,,,,,,,,,,,,,,,,,,,,,,,,,,
m_d18_fs100_fd050_a02,0.2,0.19899400710569026,25.0,18.0,1.0,0.5,0.75,0.75,1.25,0.25,average,2.0,pitch,1,m_d18_fs100_fd050,m_d18_fs100_fd050_a02_try00,m_d18_fs100_fd050_a02_try00,straight,original_reference_continuation,True,grasp_failed,True,reference_protocol_incomplete,True,False,True,False,False,False,False,6.330748081207275,0.143663227558136,5.2517290115356445,0.1925777643918991,15.211862564086914,0.023354385120910592,0,,0.0,world_z_equals_fixed_hole_axis,absolute_raw_wrist_force_world_z_uncalibrated,"max(0,-world_contact_fz)",0.1,True,1,0.0,5.2517290115356445,0.1925777643918991,5.172746658325195,6.330748081207275,6.07717752456665,,,,,False,0,0.0,,,,,,,,,,False,0,0.0,,,,,,,,,,False,0,0.0,,,,,,,,,,,,,,,,6.330748081207275,,15.211862564086914,,1.0779787982077285,,6.187800721765858,,0.0,,6.07717752456665,,0.0,,,,0.02412989132116912,,0.0,,,,,,,,,,,,,,,,,,,,,,,,,,,,,,,,,,,,,,,,,,,,,,,,,,,,,,,,,,,,,,,,,,,,,,,,"fixture_on_peg_world_frame; withdrawal resistance is max(0,-world_z) for each component",normal-load-weighted opposite-wall centroid span only when both walls loaded; all-contact span is a separate masked metric,grasp_retention_limit,grasp_retention_limit,True,stop,,,,,,,,,,,,,,,,,,,,,,,,,,,,,,,,,,,,,,,,,,,
m_d18_fs100_fd050_a02,0.2,0.19899400710569026,25.0,18.0,1.0,0.5,0.75,0.75,1.25,0.25,average,2.0,pitch,1,m_d18_fs100_fd050,m_d18_fs100_fd050_a02_try00,m_d18_fs100_fd050_a02_try00,realign,independent_reference_replay,True,grasp_failed,True,reference_protocol_incomplete,False,,,,,,,,,,,,,,,,,,,,,,,,,,,,,,,,,,,,,,,,,,,,,,,,,,,,,,,,,,,,,,,,,,,,,,,,,,,,,,,,,,,,,,,,,,,,,,,,,,,,,,,,,,,,,,,,,,,,,,,,,,,,,,,,,,,,,,,,,,,,,,,,,,,,,,,,,,,,,,,,,,,,,,reference_not_eligible,,,,,,,,,,,,,,,,,,,,,,,,,,,,,,,,,,,,,,,,,,,,,,
m_d06_fs075_fd075_a00,0.2,0.19899400710569026,25.0,6.0,0.75,0.75,0.75,0.75,0.75,0.75,average,0.0,pitch,1,m_d06_fs075_fd075,m_d06_fs075_fd075_a00_try00,m_d06_fs075_fd075_a00_try00,straight,original_reference_continuation,True,valid_protocol_completed,True,matched_results_known,True,True,True,True,True,False,False,7.109674334060401e-05,3.1983142889657756e-07,0.07641420513391495,0.00973969604820013,0.0,0.0,1.781489909295312e-09,2.3375,2.3375,world_z_equals_fixed_hole_axis,absolute_raw_wrist_force_world_z_uncalibrated,"max(0,-world_contact_fz)",0.1,True,61,0.25,0.028102032840251923,0.00973969604820013,0.012154597789049149,0.0,0.0,0.01027810548354561,0.0063062041299417615,0.0,0.0,False,0,0.0,,,,,,,,,,True,501,2.0875,0.07641420513391495,0.002759187249466777,0.017884036526083946,7.109674334060401e-05,7.108913268893957e-05,0.018310079506287973,0.016976406952987116,4.451586088786523e-06,1.781489909295312e-09,False,0,0.0,,,,,,,,,,5.895414948463442,-3.001300990581511,8.896715939044952,9.1875,0.6756173173586522,0.0012502988562725175,0.0,0.0,0.0,0.0,0.0,0.0,0.0,0.0,0.0,0.0,0.0,0.0,,,,,0.0,0.0,0.0,,,,,,,,,,,,,,,,,,,,,0.001628478229273848,7.109674334060401e-05,4.452044322533766e-06,0.0,0.0,0.0,0.0,7.109674262754034e-05,4.452044265641381e-06,0.0,0.0,7.108913268893957e-05,4.451586088786523e-06,,,,,0.0,0.0,0.0,,,,,,,,,,,,,,,,,,,,,0.42916666666666664,0.0,0.0,0.0,0.0,0.0,,,0.0,5.893746018409731,5.805504152974967,"fixture_on_peg_world_frame; withdrawal resistance is max(0,-world_z) for each component",normal-load-weighted opposite-wall centroid span only when both walls loaded; all-contact span is a separate masked metric,cleared,cleared,False,retreat,,,,,,,,,,,,,,,,,,,,,,,,,,,,,,,,,,,,,,,,,,,
m_d06_fs075_fd075_a00,0.2,0.19899400710569026,25.0,6.0,0.75,0.75,0.75,0.75,0.75,0.75,average,0.0,pitch,1,m_d06_fs075_fd075,m_d06_fs075_fd075_a00_try00,m_d06_fs075_fd075_a00_try00,realign,independent_reference_replay,True,valid_protocol_completed,True,matched_results_known,True,True,True,True,True,False,False,0.5093397498130798,0.001172378077171743,0.40922099351882935,0.02668048068881035,0.40747177600860596,0.0,2.932926184082788e-05,4.333333333333333,4.333333333333333,world_z_equals_fixed_hole_axis,absolute_raw_wrist_force_world_z_uncalibrated,"max(0,-world_contact_fz)",0.1,True,61,0.25,0.028102032840251923,0.00973969604820013,0.012154597789049149,0.0,0.0,0.01027810548354561,0.0063062041299417615,0.0,0.0,True,480,2.0,0.01162443682551384,0.00621394207701087,0.00398397957906127,0.0,0.0,0.004139901090335722,0.0030707273059912645,0.0,0.0,True,500,2.0833333333333335,0.40922099351882935,0.02668048068881035,0.23965147137641907,0.5093397498130798,0.3055991530418396,0.06210002411777774,0.04119200919133922,0.027871632911342203,2.932926184082788e-05,False,0,0.0,,,,,,,,,,5.831831693649294,-3.0162096023559557,8.848041296005249,9.166666666666664,0.5342588623364763,0.0012502988562725175,0.0,0.0,0.0,0.0,0.0,0.0,0.0,0.0,0.0,0.0,0.0,0.0,,,,,0.0,0.0,0.0,0.000354903400875628,0.0,0.0,0.0,0.0,0.0,0.0,0.0,0.0,0.0,0.0,0.0,0.0,,,,,0.0,0.0,0.0,0.0060637142608660115,0.5093397498130798,0.0464553846503577,0.40747177600860596,0.0371050372098883,0.40747197563425835,0.037105053861688796,0.30560358427847034,0.027909843934493705,0.0,0.0,0.3055991530418396,0.027871632911342203,0.0,,,,0.0,0.0,0.0,,,,,,,,,,,,,,,,,,,,,2.658333333333333,0.0,-0.3055991530418396,0.40747177600860596,0.4074717828189023,0.0,,0.0,0.0,5.418801307678224,5.094262923952976,"fixture_on_peg_world_frame; withdrawal resistance is max(0,-world_z) for each component",normal-load-weighted opposite-wall centroid span only when both walls loaded; all-contact span is a separate masked metric,cleared,cleared,False,retreat,True,True,True,,2070,2070,True,0.0,0.0,0.0,0.0,0.0,0.0,0.0,0.0,0.0,0.0,0.0,0.0,0.0,0.0,0.0,0.0,0.0,0.0,0.0,0.0,0.0,0.0,0.0,0.0,0.0,0.0,0.0,0.0,0.0,0.0,0.0,0.0,0.0,0.0,0.0,0.0
m_d06_fs100_fd100_a00,0.2,0.19899400710569026,25.0,6.0,1.0,1.0,0.75,0.75,1.25,1.25,average,0.0,pitch,1,m_d06_fs100_fd100,m_d06_fs100_fd100_a00_try00,m_d06_fs100_fd100_a00_try00,straight,original_reference_continuation,True,valid_protocol_completed,True,replay_endpoint_unmatched,True,True,True,True,True,False,False,0.7679842710494995,0.0020343256182968616,0.6972068548202515,0.04227851703763008,0.5430466532707214,0.00029973244863867876,0.00011645367431480737,2.3666666666666667,2.3666666666666667,world_z_equals_fixed_hole_axis,absolute_raw_wrist_force_world_z_uncalibrated,"max(0,-world_contact_fz)",0.1,True,61,0.25,0.06390371918678284,0.036048829555511475,0.02536020800471306,0.0,0.0,0.008833252116649723,0.005199588893447071,0.0,0.0,False,0,0.0,,,,,,,,,,True,508,2.1166666666666667,0.6972068548202515,0.04227851703763008,0.5370485186576843,0.7679842710494995,0.5430101156234741,0.16022605177325508,0.11919979145750403,0.10971603102098015,0.00011645367431480737,False,0,0.0,,,,,,,,,,6.0912609100341815,-3.0106365680694567,9.101897478103638,9.333333333333334,0.7733797033627825,0.0032276934246813957,0.0,0.0,0.0,0.0,0.0,0.0,0.0,0.0,0.0,0.0,0.0,0.0,,,,,0.0,0.0,0.0,,,,,,,,,,,,,,,,,,,,,0.016706415481166914,0.7679842710494995,0.1551265058763723,0.5430466532707214,0.10961779905483127,0.5430469266508078,0.10961785271499996,0.5430468258561568,0.10972130167736109,0.0,0.0,0.5430101156234741,0.10971603102098015,0.0,,,,3.764126941304541e-05,1.5683862255435586e-06,0.0,,,,,,,,,,,,,,,,,,,,,0.725,0.0,-0.5430101156234741,0.5430466532707214,0.0,0.5430466621182859,,0.0,0.0,5.5876240134239215,4.959086787223818,"fixture_on_peg_world_frame; withdrawal resistance is max(0,-world_z) for each component",normal-load-weighted opposite-wall centroid span only when both walls loaded; all-contact span is a separate masked metric,cleared,cleared,False,retreat,,,,,,,,,,,,,,,,,,,,,,,,,,,,,,,,,,,,,,,,,,,
m_d06_fs100_fd100_a00,0.2,0.19899400710569026,25.0,6.0,1.0,1.0,0.75,0.75,1.25,1.25,average,0.0,pitch,1,m_d06_fs100_fd100,m_d06_fs100_fd100_a00_try00,m_d06_fs100_fd100_a00_try00,realign,independent_reference_replay,True,valid_protocol_completed,True,replay_endpoint_unmatched,False,,,,,,,,,,,,,,,,,,,,,,,,,,,,,,,,,,,,,,,,,,,,,,,,,,,,,,,,,,,,,,,,,,,,,,,,,,,,,,,,,,,,,,,,,,,,,,,,,,,,,,,,,,,,,,,,,,,,,,,,,,,,,,,,,,,,,,,,,,,,,,,,,,,,,,,,,,,,,,,,,,,,,,replay_mismatch,,,,False,False,False,1324,2101,2101,True,0.019221875009111305,0.004721600151361387,6.952881813049316e-05,0.0005185215268284082,0.0002508517897004418,0.013538325701039704,0.0,0.0,0.0,0.0,7.799831564625492e-06,2.1886080503463745e-08,1.3547833077609539e-08,8.419156074523926e-07,1.837313175201416e-05,0.00017659065792940964,0.00021959084737523747,0.004591900100466136,0.08278033515778316,0.021168551485794634,0.00011420249938964844,0.002670206595212221,0.020636077405414333,1.400006510204222,0.4450881850156611,0.0014968342764097634,0.31472477316856384,0.0,0.019426991639193147,4.316214472055435e-06,0.021948231165879406,3.0372393666766584e-05,5.942583084106445e-05,0.23919050674885511,0.017019906709150465,0.008715236908549912
m_d06_fs100_fd050_a00,0.2,0.19899400710569026,25.0,6.0,1.0,0.5,0.75,0.75,1.25,0.25,average,0.0,pitch,1,m_d06_fs100_fd050,m_d06_fs100_fd050_a00_try00,m_d06_fs100_fd050_a00_try00,straight,original_reference_continuation,True,valid_protocol_completed,True,replay_endpoint_unmatched,True,True,True,True,True,False,False,0.7324671745300293,0.0016621865797787905,0.6374073624610901,0.04897664487361908,0.5890429019927979,0.0,1.7118275464437598e-05,2.3625,2.3625,world_z_equals_fixed_hole_axis,absolute_raw_wrist_force_world_z_uncalibrated,"max(0,-world_contact_fz)",0.1,True,61,0.25,0.05022108182311058,0.029994338750839233,0.018671534955501556,0.0,0.0,0.006669017820968293,0.0027893661863345187,0.0,0.0,False,0,0.0,,,,,,,,,,True,507,2.1125,0.6374073624610901,0.04897664487361908,0.4154505729675293,0.7324671745300293,0.4353488087654114,0.10365565381168078,0.05608224275056273,0.04115638712285848,1.7118275464437598e-05,False,0,0.0,,,,,,,,,,6.064289808273317,-2.996733784675597,9.061023592948914,9.3125,0.7003221313158665,0.0027312591555528343,0.0,0.0,0.0,0.0,0.0,0.0,0.0,0.0,0.0,0.0,0.0,0.0,,,,,0.0,0.0,0.0,,,,,,,,,,,,,,,,,,,,,0.011234903322474565,0.7324671745300293,0.0819347409525714,0.5890429019927979,0.07049237657338381,0.5890431681468596,0.07049240853805352,0.4353576477731173,0.04115834592656775,0.0,0.0,0.4353488087654114,0.04115638712285848,0.0,,,,0.0,0.0,0.0,,,,,,,,,,,,,,,,,,,,,0.7583333333333333,0.0,-0.4353488087654114,0.5890429019927979,0.0,0.5890429127030075,,0.0,0.0,5.414822697639467,4.753832777341209,"fixture_on_peg_world_frame; withdrawal resistance is max(0,-world_z) for each component",normal-load-weighted opposite-wall centroid span only when both walls loaded; all-contact span is a separate masked metric,cleared,cleared,False,retreat,,,,,,,,,,,,,,,,,,,,,,,,,,,,,,,,,,,,,,,,,,,
m_d06_fs100_fd050_a00,0.2,0.19899400710569026,25.0,6.0,1.0,0.5,0.75,0.75,1.25,0.25,average,0.0,pitch,1,m_d06_fs100_fd050,m_d06_fs100_fd050_a00_try00,m_d06_fs100_fd050_a00_try00,realign,independent_reference_replay,True,valid_protocol_completed,True,replay_endpoint_unmatched,False,,,,,,,,,,,,,,,,,,,,,,,,,,,,,,,,,,,,,,,,,,,,,,,,,,,,,,,,,,,,,,,,,,,,,,,,,,,,,,,,,,,,,,,,,,,,,,,,,,,,,,,,,,,,,,,,,,,,,,,,,,,,,,,,,,,,,,,,,,,,,,,,,,,,,,,,,,,,,,,,,,,,,,replay_mismatch,,,,False,False,False,1325,2087,2087,True,0.18104582206395406,0.07739092120193397,0.0017282962799072266,0.0026797157479450107,0.002770394921174846,0.2676118183250482,0.0,0.0,0.0,0.0,9.566760854795575e-05,2.421438694000244e-07,4.084722604602575e-08,7.241295861604158e-06,0.00012511014938354492,0.0004810449609067291,0.001912712131351116,0.07921745513192754,0.3252369781275125,0.077710547207853,0.0017282962799072266,0.004851663485169411,0.03477035331557481,1.0461723632144977,0.3990676243307615,0.0011894409636136825,0.3569367825984955,0.00017306061295130348,0.02740642800927162,4.418659955263138e-06,0.02118530438747257,3.084082709392533e-05,0.00022923946380615234,0.26401807740330696,0.019574015712870763,0.07929104223486207
m_d12_fs050_fd050_a00,0.2,0.19899400710569026,25.0,12.0,0.5,0.5,0.75,0.75,0.25,0.25,average,0.0,pitch,1,m_d12_fs050_fd050,m_d12_fs050_fd050_a00_try00,m_d12_fs050_fd050_a00_try00,straight,original_reference_continuation,True,valid_protocol_completed,True,matched_results_known,True,True,True,True,True,False,False,0.5622984766960144,0.0017603655578568578,0.3798487186431885,0.026906393468379974,0.5029349327087402,0.00023639654500584584,3.744645204760733e-05,3.5458333333333334,3.5458333333333334,world_z_equals_fixed_hole_axis,absolute_raw_wrist_force_world_z_uncalibrated,"max(0,-world_contact_fz)",0.1,True,61,0.25,0.011724141426384449,0.01028926856815815,0.0035986220464110374,0.0,0.0,0.005261173384496942,0.0023403013086256883,0.0,0.0,False,0,0.0,,,,,,,,,,True,791,3.2958333333333334,0.3798487186431885,0.026906393468379974,0.16416418552398682,0.5622984766960144,0.2514387369155884,0.045994951971806586,0.01617888392259677,0.011643351462647425,3.744645204760733e-05,False,0,0.0,,,,,,,,,,11.967600882053377,-3.018832206726073,14.98643308877945,15.229166666666668,0.6480784614880886,0.0008356282911942495,0.0,0.0,0.0,0.0,0.0,0.0,0.0,0.0,0.0,0.0,0.0,0.0,,,,,0.0,0.0,0.0,,,,,,,,,,,,,,,,,,,,,0.004767096568684792,0.5622984766960144,0.025685891030479507,0.5029349327087402,0.02271271971828052,0.502935172215678,0.02271273025390318,0.25146719614857505,0.011652090328290387,0.0,0.0,0.2514387369155884,0.011643351462647425,0.0,,,,0.001852198002386292,0.00012539550694112486,0.0,,,,,,,,,,,,,,,,,,,,,1.4083333333333332,0.0,-0.2514387369155884,0.5029349327087402,0.5029349327087402,0.0,,,0.0,7.724979519844057,7.42763294776281,"fixture_on_peg_world_frame; withdrawal resistance is max(0,-world_z) for each component",normal-load-weighted opposite-wall centroid span only when both walls loaded; all-contact span is a separate masked metric,cleared,cleared,False,retreat,,,,,,,,,,,,,,,,,,,,,,,,,,,,,,,,,,,,,,,,,,,
m_d12_fs050_fd050_a00,0.2,0.19899400710569026,25.0,12.0,0.5,0.5,0.75,0.75,0.25,0.25,average,0.0,pitch,1,m_d12_fs050_fd050,m_d12_fs050_fd050_a00_try00,m_d12_fs050_fd050_a00_try00,realign,independent_reference_replay,True,valid_protocol_completed,True,matched_results_known,True,True,True,True,True,False,False,0.6227524280548096,0.0007697143591940403,0.44263648986816406,0.03174298256635666,0.5570064783096313,0.0,1.3103239106089283e-05,5.5375,5.5375,world_z_equals_fixed_hole_axis,absolute_raw_wrist_force_world_z_uncalibrated,"max(0,-world_contact_fz)",0.1,True,61,0.25,0.011724141426384449,0.01028926856815815,0.0035986220464110374,0.0,0.0,0.005261173384496942,0.0023403013086256883,0.0,0.0,True,480,2.0,0.07639418542385101,0.010351670905947685,0.0014666530769318342,0.0,0.0,0.009104593393810015,0.0005321314899902063,0.0,0.0,True,789,3.2875,0.44263648986816406,0.03174298256635666,0.20548105239868164,0.6227524280548096,0.27850258350372314,0.05289739870931953,0.03067789172443251,0.01368401675002436,1.3103239106089283e-05,False,0,0.0,,,,,,,,,,11.94904148578644,-2.9911905527114855,14.940232038497925,15.187499999999998,0.5376405119895953,0.0008356282911942495,0.0,0.0,0.0,0.0,0.0,0.0,0.0,0.0,0.0,0.0,0.0,0.0,,,,,0.0,0.0,0.0,0.0005643977816968496,0.0,0.0,0.0,0.0,0.0,0.0,0.0,0.0,0.0,0.0,0.0,0.0,,,,,0.0,0.0,0.0,0.005561273291580922,0.6227524280548096,0.030500641883312102,0.5570064783096313,0.027208426346381504,0.5570067386651604,0.027208438114366084,0.27850329622451026,0.013684894357267432,0.0,0.0,0.27850258350372314,0.01368401675002436,0.0,,,,0.0,0.0,0.0,,,,,,,,,,,,,,,,,,,,,2.6458333333333335,0.0,-0.27850258350372314,0.5570064783096313,0.5570064741186798,0.0,,0.0,0.0,11.518129706382753,11.219882085735417,"fixture_on_peg_world_frame; withdrawal resistance is max(0,-world_z) for each component",normal-load-weighted opposite-wall centroid span only when both walls loaded; all-contact span is a separate masked metric,cleared,cleared,False,retreat,True,True,True,,2441,2441,True,0.0,0.0,0.0,0.0,0.0,0.0,0.0,0.0,0.0,0.0,0.0,0.0,0.0,0.0,0.0,0.0,0.0,0.0,0.0,0.0,0.0,0.0,0.0,0.0,0.0,0.0,0.0,0.0,0.0,0.0,0.0,0.0,0.0,0.0,0.0,0.0
m_d12_fs100_fd100_a00,0.2,0.19899400710569026,25.0,12.0,1.0,1.0,0.75,0.75,1.25,1.25,average,0.0,pitch,1,m_d12_fs100_fd100,m_d12_fs100_fd100_a00_try00,m_d12_fs100_fd100_a00_try00,straight,original_reference_continuation,True,valid_protocol_completed,True,replay_endpoint_unmatched,True,True,True,True,True,False,False,0.7391213178634644,0.0019787808414548635,0.6566100716590881,0.04415935277938843,0.5226393342018127,0.0002997324770603882,0.00011834384342043573,3.558333333333333,3.558333333333333,world_z_equals_fixed_hole_axis,absolute_raw_wrist_force_world_z_uncalibrated,"max(0,-world_contact_fz)",0.1,True,61,0.25,0.05640092119574547,0.03475802391767502,0.020915042608976364,0.0,0.0,0.006864086751496264,0.0032155438433013237,0.0,0.0,False,0,0.0,,,,,,,,,,True,794,3.308333333333333,0.6566100716590881,0.04415935277938843,0.5091532468795776,0.7391213178634644,0.5184421539306641,0.1652549598754073,0.11346415990192327,0.1066979714247888,0.00011834384342043573,False,0,0.0,,,,,,,,,,12.05168813467026,-3.0168950557708727,15.068583190441132,15.291666666666666,0.7449231147766113,0.002996794948103343,0.0,0.0,0.0,0.0,0.0,0.0,0.0,0.0,0.0,0.0,0.0,0.0,,,,,0.0,0.0,0.0,,,,,,,,,,,,,,,,,,,,,0.015651718191899516,0.7391213178634644,0.15104284527978962,0.5226393342018127,0.10669570711130898,0.52263957986282,0.10669575428064988,0.5226357992097247,0.1068479011791185,0.0,0.0,0.5184421539306641,0.1066979714247888,0.0,,,,7.306022624126857e-05,3.0441760933861903e-06,0.0,,,,,,,,,,,,,,,,,,,,,1.35,0.0,-0.5184421539306641,0.5226393342018127,0.0,0.5226393191842362,,0.0,7.306022624126857e-05,8.13736915588379,7.7995200157165545,"fixture_on_peg_world_frame; withdrawal resistance is max(0,-world_z) for each component",normal-load-weighted opposite-wall centroid span only when both walls loaded; all-contact span is a separate masked metric,cleared,cleared,False,retreat,,,,,,,,,,,,,,,,,,,,,,,,,,,,,,,,,,,,,,,,,,,
m_d12_fs100_fd100_a00,0.2,0.19899400710569026,25.0,12.0,1.0,1.0,0.75,0.75,1.25,1.25,average,0.0,pitch,1,m_d12_fs100_fd100,m_d12_fs100_fd100_a00_try00,m_d12_fs100_fd100_a00_try00,realign,independent_reference_replay,True,valid_protocol_completed,True,replay_endpoint_unmatched,False,,,,,,,,,,,,,,,,,,,,,,,,,,,,,,,,,,,,,,,,,,,,,,,,,,,,,,,,,,,,,,,,,,,,,,,,,,,,,,,,,,,,,,,,,,,,,,,,,,,,,,,,,,,,,,,,,,,,,,,,,,,,,,,,,,,,,,,,,,,,,,,,,,,,,,,,,,,,,,,,,,,,,,replay_mismatch,,,,False,False,False,1595,2455,2455,True,0.024559858637290183,0.005376176517631214,6.172060966491699e-05,0.0006526889774249867,0.0003555589961995608,0.03337137907402828,0.0,0.0,0.0,0.0,1.1494020327518228e-05,2.8032809495925903e-07,2.1784217096865177e-07,1.0830408427864313e-06,1.7940998077392578e-05,0.000140913702580292,0.0007285846379685207,0.005065461708219192,0.078974168163362,0.01748793720923026,0.00022792816162109375,0.004277084139175713,0.020720835988320634,1.4353479371265803,0.4750841420769602,0.00143035766289977,0.3359350562095642,0.0,0.020471587748033926,4.4191256165504456e-06,0.022779595106840134,3.24419052049052e-05,5.6743621826171875e-05,0.2557836472260533,0.016665419102042146,0.012537774343325382
m_d12_fs100_fd050_a00,0.2,0.19899400710569026,25.0,12.0,1.0,0.5,0.75,0.75,1.25,0.25,average,0.0,pitch,1,m_d12_fs100_fd050,m_d12_fs100_fd050_a00_try00,m_d12_fs100_fd050_a00_try00,straight,original_reference_continuation,True,valid_protocol_completed,True,replay_endpoint_unmatched,True,True,True,True,True,False,False,0.8239486813545227,0.0017321516061201692,0.6532878279685974,0.04814424738287926,0.6174185872077942,0.00010972466668590641,0.00011210082658581198,3.5625,3.5625,world_z_equals_fixed_hole_axis,absolute_raw_wrist_force_world_z_uncalibrated,"max(0,-world_contact_fz)",0.1,True,61,0.25,0.060008540749549866,0.033658284693956375,0.023690680041909218,0.0,0.0,0.0078266204703444,0.0046899888111511245,0.0,0.0,False,0,0.0,,,,,,,,,,True,795,3.3125,0.6532878279685974,0.04814424738287926,0.4412328898906708,0.8239486813545227,0.5455183982849121,0.13310983323026448,0.08569253866638367,0.061211046213429654,0.00011210082658581198,False,0,0.0,,,,,,,,,,12.082488834857942,-2.99740433692932,15.079893171787262,15.3125,0.724719762802124,0.0030131661248257537,0.0,0.0,0.0,0.0,0.0,0.0,0.0,0.0,0.0,0.0,0.0,0.0,,,,,0.0,0.0,0.0,,,,,,,,,,,,,,,,,,,,,0.015683991827245336,0.8239486813545227,0.12021612664436059,0.6174185872077942,0.10241646474848191,0.6174188478471101,0.10241650796832628,0.5456054990863918,0.061220953378889297,0.0,0.0,0.5455183982849121,0.061211046213429654,0.0,,,,0.0,0.0,0.0,,,,,,,,,,,,,,,,,,,,,0.7458333333333333,0.0,-0.5455183982849121,0.6174185872077942,0.0,0.617418596171774,,0.0,0.0,11.50508373975754,10.846242675893102,"fixture_on_peg_world_frame; withdrawal resistance is max(0,-world_z) for each component",normal-load-weighted opposite-wall centroid span only when both walls loaded; all-contact span is a separate masked metric,cleared,cleared,False,retreat,,,,,,,,,,,,,,,,,,,,,,,,,,,,,,,,,,,,,,,,,,,
m_d12_fs100_fd050_a00,0.2,0.19899400710569026,25.0,12.0,1.0,0.5,0.75,0.75,1.25,0.25,average,0.0,pitch,1,m_d12_fs100_fd050,m_d12_fs100_fd050_a00_try00,m_d12_fs100_fd050_a00_try00,realign,independent_reference_replay,True,valid_protocol_completed,True,replay_endpoint_unmatched,False,,,,,,,,,,,,,,,,,,,,,,,,,,,,,,,,,,,,,,,,,,,,,,,,,,,,,,,,,,,,,,,,,,,,,,,,,,,,,,,,,,,,,,,,,,,,,,,,,,,,,,,,,,,,,,,,,,,,,,,,,,,,,,,,,,,,,,,,,,,,,,,,,,,,,,,,,,,,,,,,,,,,,,replay_mismatch,,,,False,False,False,1590,2487,2479,True,0.23605615035752783,0.08736254003408184,0.0018062591552734375,0.004002942630904727,0.0035380481431819782,0.3386480294221455,0.0,0.0,0.0,0.0,1.953502942342311e-05,1.1408701539039612e-07,5.0684320740401745e-08,9.546984074404463e-06,0.00016266107559204102,4.37096314271912e-05,0.002419939131553153,0.08976982266882655,0.3753406101089335,0.08766293655414976,0.0018062591552734375,0.006207143465871923,0.031929152928097226,1.2377046117348929,0.6071047495342964,0.0018659701493301101,0.4500601887702942,0.00023639654500584584,0.024728018324822187,4.280358552932739e-06,0.02235673625546042,3.333807580929715e-05,0.0002684593200683594,0.2837146623060107,0.01760532800645519,0.08977621467121272
m_d18_fs050_fd050_a00,0.2,0.19899400710569026,25.0,18.0,0.5,0.5,0.75,0.75,0.25,0.25,average,0.0,pitch,1,m_d18_fs050_fd050,m_d18_fs050_fd050_a00_try00,m_d18_fs050_fd050_a00_try00,straight,original_reference_continuation,True,valid_protocol_completed,True,matched_results_known,True,True,True,True,True,False,False,0.6521511673927307,0.0009584128274582326,0.46421462297439575,0.028010087087750435,0.583301842212677,0.0002363965165841364,5.792045254666064e-05,4.804166666666666,4.804166666666666,world_z_equals_fixed_hole_axis,absolute_raw_wrist_force_world_z_uncalibrated,"max(0,-world_contact_fz)",0.1,True,61,0.25,0.07630221545696259,0.011727947741746902,0.003028296399861574,0.0,0.0,0.00902678804898945,0.0021077829126928314,0.0,0.0,False,0,0.0,,,,,,,,,,True,1093,4.554166666666666,0.46421462297439575,0.028010087087750435,0.19797798991203308,0.6521511673927307,0.291449636220932,0.0761692620581016,0.021556653096922673,0.024986114497702754,5.792045254666064e-05,False,0,0.0,,,,,,,,,,17.971748113632202,-2.9758125543594347,20.947560667991638,21.520833333333332,0.6341875592867545,0.0009444520739331589,0.0,0.0,0.0,0.0,0.0,0.0,0.0,0.0,0.0,0.0,0.0,0.0,,,,,0.0,0.0,0.0,,,,,,,,,,,,,,,,,,,,,0.007987919569131918,0.6521511673927307,0.055834751537607495,0.583301842212677,0.049898954263577856,0.5833020729050519,0.049898976065022416,0.2916502104243507,0.024995468152520517,0.0,0.0,0.291449636220932,0.024986114497702754,0.0,,,,0.0,0.0,0.0,,,,,,,,,,,,,,,,,,,,,3.5833333333333335,0.0,-0.291449636220932,0.583301842212677,0.5833018131088465,0.0,,0.0,0.0,2.8126031160354628,2.5565492113431283,"fixture_on_peg_world_frame; withdrawal resistance is max(0,-world_z) for each component",normal-load-weighted opposite-wall centroid span only when both walls loaded; all-contact span is a separate masked metric,cleared,cleared,False,retreat,,,,,,,,,,,,,,,,,,,,,,,,,,,,,,,,,,,,,,,,,,,
m_d18_fs050_fd050_a00,0.2,0.19899400710569026,25.0,18.0,0.5,0.5,0.75,0.75,0.25,0.25,average,0.0,pitch,1,m_d18_fs050_fd050,m_d18_fs050_fd050_a00_try00,m_d18_fs050_fd050_a00_try00,realign,independent_reference_replay,True,valid_protocol_completed,True,matched_results_known,True,True,True,True,True,False,False,0.6174935102462769,0.0008381999214179814,0.43469834327697754,0.034458693116903305,0.5522844195365906,0.0,1.8211052044901655e-05,6.741666666666666,6.741666666666666,world_z_equals_fixed_hole_axis,absolute_raw_wrist_force_world_z_uncalibrated,"max(0,-world_contact_fz)",0.1,True,61,0.25,0.07630221545696259,0.011727947741746902,0.003028296399861574,0.0,0.0,0.00902678804898945,0.0021077829126928314,0.0,0.0,True,480,2.0,0.07642701268196106,0.011829297058284283,0.002473314292728901,0.0,0.0,0.007230966186398291,0.0004174851264148553,0.0,0.0,True,1078,4.491666666666666,0.43469834327697754,0.034458693116903305,0.20975877344608307,0.6174935102462769,0.27603814005851746,0.08366286009550095,0.04367460388069352,0.029983609752396962,1.8211052044901655e-05,False,0,0.0,,,,,,,,,,17.96794831752777,-3.0060544610023485,20.97400277853012,21.208333333333332,0.5568429827690125,0.0009444520739331589,0.0,0.0,0.0,0.0,0.0,0.0,0.0,0.0,0.0,0.0,0.0,0.0,,,,,0.0,0.0,0.0,0.0007981943225559007,0.0,0.0,0.0,0.0,0.0,0.0,0.0,0.0,0.0,0.0,0.0,0.0,,,,,0.0,0.0,0.0,0.010170683582449177,0.6174935102462769,0.06700118930215619,0.5522844195365906,0.05986029701307416,0.5522846617584127,0.05986032132016991,0.27618647748545366,0.030005986359604834,0.0,0.0,0.27603814005851746,0.029983609752396962,0.0,,,,0.0,0.0,0.0,,,,,,,,,,,,,,,,,,,,,2.716666666666667,0.0,-0.27603814005851746,0.5522844195365906,0.5522844443330541,0.0,,0.0,0.0,17.320839315652847,16.889166495293747,"fixture_on_peg_world_frame; withdrawal resistance is max(0,-world_z) for each component",normal-load-weighted opposite-wall centroid span only when both walls loaded; all-contact span is a separate masked metric,cleared,cleared,False,retreat,True,True,True,,2801,2801,True,0.0,0.0,0.0,0.0,0.0,0.0,0.0,0.0,0.0,0.0,0.0,0.0,0.0,0.0,0.0,0.0,0.0,0.0,0.0,0.0,0.0,0.0,0.0,0.0,0.0,0.0,0.0,0.0,0.0,0.0,0.0,0.0,0.0,0.0,0.0,0.0
m_d18_fs075_fd075_a00,0.2,0.19899400710569026,25.0,18.0,0.75,0.75,0.75,0.75,0.75,0.75,average,0.0,pitch,1,m_d18_fs075_fd075,m_d18_fs075_fd075_a00_try00,m_d18_fs075_fd075_a00_try00,straight,original_reference_continuation,True,valid_protocol_completed,True,replay_endpoint_unmatched,True,True,True,True,True,False,False,0.9530411958694458,0.008451038040220737,0.6744449734687805,0.03363402560353279,0.7624340057373047,0.0007524566854044679,0.00017137640201604116,4.7875,4.7875,world_z_equals_fixed_hole_axis,absolute_raw_wrist_force_world_z_uncalibrated,"max(0,-world_contact_fz)",0.1,True,61,0.25,0.013331635855138302,0.01024208590388298,0.004561557900160551,0.0,0.0,0.00575227037188597,0.002880265213510332,0.0,0.0,False,0,0.0,,,,,,,,,,True,1089,4.5375,0.6744449734687805,0.03363402560353279,0.4261350631713867,0.9530411958694458,0.5717825889587402,0.09067519348658,0.03690366056495501,0.04338994341499832,0.00017137640201604116,False,0,0.0,,,,,,,,,,17.958620190620422,-2.9370918869972216,20.895712077617645,21.4375,0.6312259534994773,0.0008849899938165132,0.0,0.0,0.0,0.0,0.0,0.0,0.0,0.0,0.0,0.0,0.0,0.0,,,,,0.0,0.0,0.0,,,,,,,,,,,,,,,,,,,,,0.008357243041245965,0.9530411958694458,0.07230117768752582,0.7624340057373047,0.05778225278481841,0.7624344061519357,0.05778227599729663,0.5718227504635874,0.04341003073621669,0.0,0.0,0.5717825889587402,0.04338994341499832,0.0,,,,0.0,0.0,0.0,,,,,,,,,,,,,,,,,,,,,1.1208333333333333,0.0,-0.5717825889587402,0.7624340057373047,0.0,0.0,,,0.0,15.104660391807558,14.856513609488804,"fixture_on_peg_world_frame; withdrawal resistance is max(0,-world_z) for each component",normal-load-weighted opposite-wall centroid span only when both walls loaded; all-contact span is a separate masked metric,cleared,cleared,False,retreat,,,,,,,,,,,,,,,,,,,,,,,,,,,,,,,,,,,,,,,,,,,
m_d18_fs075_fd075_a00,0.2,0.19899400710569026,25.0,18.0,0.75,0.75,0.75,0.75,0.75,0.75,average,0.0,pitch,1,m_d18_fs075_fd075,m_d18_fs075_fd075_a00_try00,m_d18_fs075_fd075_a00_try00,realign,independent_reference_replay,True,valid_protocol_completed,True,replay_endpoint_unmatched,False,,,,,,,,,,,,,,,,,,,,,,,,,,,,,,,,,,,,,,,,,,,,,,,,,,,,,,,,,,,,,,,,,,,,,,,,,,,,,,,,,,,,,,,,,,,,,,,,,,,,,,,,,,,,,,,,,,,,,,,,,,,,,,,,,,,,,,,,,,,,,,,,,,,,,,,,,,,,,,,,,,,,,,replay_mismatch,,,,False,False,False,1867,2801,2801,True,0.08301388022272059,0.021092933629754236,0.00046443939208984375,0.0011985565070062876,0.0009770687355490975,0.04747529697848724,0.0,0.0,0.0,0.0,1.2162259281467414e-05,2.2398307919502258e-07,2.284068614244461e-07,2.995133399963379e-06,6.08786940574646e-05,0.00017390513022519372,0.000697354871922455,0.021715622944137678,0.2732822790994997,0.0752111693067188,0.0016064643859863281,0.005635529494611546,0.019832381589624196,1.3386248918948513,0.4725214230241051,0.0012566704907479133,0.37801697850227356,0.0,0.02670493524055928,4.381872713565826e-06,0.022952825223910622,3.0110670195426792e-05,0.00019854307174682617,0.2563152499496937,0.01708469445056354,0.07675746510877086
m_d06_fs050_fd050_a02,0.2,0.19899400710569026,25.0,6.0,0.5,0.5,0.75,0.75,0.25,0.25,average,2.0,pitch,1,m_d06_fs050_fd050,m_d06_fs050_fd050_a02_try00,m_d06_fs050_fd050_a02_try00,straight,original_reference_continuation,True,valid_protocol_completed,True,replay_endpoint_unmatched,True,True,True,True,True,False,False,0.6357023119926453,0.001483656233176589,0.4652673006057739,0.04012290760874748,0.5685892701148987,0.00041715247789397836,3.2852905925327224e-05,2.425,2.425,world_z_equals_fixed_hole_axis,absolute_raw_wrist_force_world_z_uncalibrated,"max(0,-world_contact_fz)",0.1,True,61,0.25,0.011490021832287312,0.005717049818485975,0.002115135546773672,0.0,0.0,0.003306037799726861,0.0013850653079619708,0.0,0.0,False,0,0.0,,,,,,,,,,True,522,2.175,0.4652673006057739,0.04012290760874748,0.19265428185462952,0.6357023119926453,0.26447275280952454,0.1302806589131554,0.062041808695842825,0.05439247851897259,3.2852905925327224e-05,False,0,0.0,,,,,,,,,,6.0424447059631365,-3.2745510339736925,9.316995739936829,9.625,0.5873920718828831,0.0004819983188705616,0.0,0.0,0.0,0.0,0.0,0.0,0.0,0.0,0.0,0.0,0.0,0.0,,,,,0.0,0.0,0.0,,,,,,,,,,,,,,,,,,,,,0.016327617312830018,0.6357023119926453,0.13060528838013852,0.5685892701148987,0.11673926996688049,0.5685894940805354,0.11673931977706797,0.2842944757867552,0.05845630480917933,0.0,0.0,0.2840481996536255,0.05836821441865444,,,,,0.0029631574892117,0.001075866533613901,0.0,,,,,,,,,,,,,,,,,,,,,0.6791666666666667,0.019575444981455803,-0.2840481996536255,0.5685892701148987,0.0,0.0,,,0.0019134580733397646,5.655625462532045,5.1389116872917,"fixture_on_peg_world_frame; withdrawal resistance is max(0,-world_z) for each component",normal-load-weighted opposite-wall centroid span only when both walls loaded; all-contact span is a separate masked metric,cleared,cleared,False,retreat,,,,,,,,,,,,,,,,,,,,,,,,,,,,,,,,,,,,,,,,,,,
m_d06_fs050_fd050_a02,0.2,0.19899400710569026,25.0,6.0,0.5,0.5,0.75,0.75,0.25,0.25,average,2.0,pitch,1,m_d06_fs050_fd050,m_d06_fs050_fd050_a02_try00,m_d06_fs050_fd050_a02_try00,realign,independent_reference_replay,True,valid_protocol_completed,True,replay_endpoint_unmatched,False,,,,,,,,,,,,,,,,,,,,,,,,,,,,,,,,,,,,,,,,,,,,,,,,,,,,,,,,,,,,,,,,,,,,,,,,,,,,,,,,,,,,,,,,,,,,,,,,,,,,,,,,,,,,,,,,,,,,,,,,,,,,,,,,,,,,,,,,,,,,,,,,,,,,,,,,,,,,,,,,,,,,,,replay_mismatch,,,,False,False,False,1324,2106,2106,True,0.01216625178639918,0.010762083103696207,0.00010895729064941406,0.0006199132767505944,0.0014702412896821077,0.01571920429516429,0.0,0.0,0.0,0.0,0.0002953034863821813,1.5972182154655457e-07,5.379359208745882e-06,4.3115886683153803e-07,9.045004844665527e-06,0.004621357526048087,0.0006017232879321823,0.010359751627049064,0.21277245909454143,0.1352034076732631,0.003596067428588867,0.01963532343506813,0.019207684181479175,1.3033170814911959,1.9494499703846735,0.007417207649165779,1.7435671091079712,0.002876158760045655,0.11219008977059275,4.365108907222748e-06,0.021837039341335185,3.187325273756869e-05,0.00022709369659423828,1.1660707257688046,0.01735305680687057,0.13823273206892853
m_d06_fs075_fd075_a02,0.2,0.19899400710569026,25.0,6.0,0.75,0.75,0.75,0.75,0.75,0.75,average,2.0,pitch,1,m_d06_fs075_fd075,m_d06_fs075_fd075_a02_try00,m_d06_fs075_fd075_a02_try00,straight,original_reference_continuation,True,valid_protocol_completed,True,matched_results_known,True,True,True,True,True,False,False,0.7347327470779419,0.001052174367941916,0.543053925037384,0.03950568288564682,0.587786853313446,0.0006965726697671926,4.6094900185665e-05,2.3875,2.3875,world_z_equals_fixed_hole_axis,absolute_raw_wrist_force_world_z_uncalibrated,"max(0,-world_contact_fz)",0.1,True,61,0.25,0.010904083028435707,0.0092588160187006,0.001025031553581357,0.0,0.0,0.0019454562079772586,0.00029396054075429373,0.0,0.0,False,0,0.0,,,,,,,,,,True,513,2.1375,0.543053925037384,0.03950568288564682,0.33592137694358826,0.7347327470779419,0.41987353563308716,0.15191539485628405,0.0932113464611272,0.08807607630690957,4.6094900185665e-05,False,0,0.0,,,,,,,,,,5.992376804351808,-3.1351506710052477,9.127527475357056,9.4375,0.6207079490025835,0.0006349214819844443,0.0,0.0,0.0,0.0,0.0,0.0,0.0,0.0,0.0,0.0,0.0,0.0,,,,,0.0,0.0,0.0,,,,,,,,,,,,,,,,,,,,,0.017385453982569743,0.7347327470779419,0.15402339195497916,0.587786853313446,0.12310914063709788,0.5877870985403058,0.12310919350428551,0.44083844061124017,0.0924687324011831,0.0,0.0,0.4401637315750122,0.09232473854747998,,,,,0.0028491385363075064,0.0010958398238898315,0.0,,,,,,,,,,,,,,,,,,,,,0.6166666666666667,0.020290197804570198,-0.4401637315750122,0.587786853313446,0.0,0.0,,,0.0027399911368703594,5.819359421730043,5.3680017547489705,"fixture_on_peg_world_frame; withdrawal resistance is max(0,-world_z) for each component",normal-load-weighted opposite-wall centroid span only when both walls loaded; all-contact span is a separate masked metric,cleared,cleared,False,retreat,,,,,,,,,,,,,,,,,,,,,,,,,,,,,,,,,,,,,,,,,,,
m_d06_fs075_fd075_a02,0.2,0.19899400710569026,25.0,6.0,0.75,0.75,0.75,0.75,0.75,0.75,average,2.0,pitch,1,m_d06_fs075_fd075,m_d06_fs075_fd075_a02_try00,m_d06_fs075_fd075_a02_try00,realign,independent_reference_replay,True,valid_protocol_completed,True,matched_results_known,True,True,True,True,True,False,False,0.9106236696243286,0.0028617458883672953,0.711024284362793,0.0654095932841301,0.7284986972808838,0.0012497715715653612,1.522728557107322e-05,4.35,4.35,world_z_equals_fixed_hole_axis,absolute_raw_wrist_force_world_z_uncalibrated,"max(0,-world_contact_fz)",0.1,True,61,0.25,0.010904083028435707,0.0092588160187006,0.001025031553581357,0.0,0.0,0.0019454562079772586,0.00029396054075429373,0.0,0.0,True,480,2.0,0.711024284362793,0.0654095932841301,0.42647889256477356,0.9106236696243286,0.26696786284446716,0.1832391780723507,0.10397326651339729,0.05027654916436101,1.522728557107322e-05,True,504,2.1,0.07825027406215668,0.003170916112139821,0.023975804448127747,0.0025557687040418386,0.0,0.025606801112492878,0.020348477875813842,0.0,0.0,False,0,0.0,,,,,,,,,,5.819746851921083,-3.0068218708038317,8.826568722724915,9.249999999999998,0.5664856433868408,0.0006349214819844443,0.0,0.0,0.0,0.0,0.0,0.0,0.0,0.0,0.0,0.0,0.0,0.0,,,,,0.0,0.0,0.0,0.02470297990172791,0.9106236696243286,0.20061204435099475,0.7284986972808838,0.16221752483397722,0.7284990360119735,0.16221760206767807,0.5463740705490665,0.1176148551681031,0.0,0.0,0.28171688318252563,0.053294986117786415,0.0,,,,0.003054650452290718,0.0010730553787985332,0.0,0.0020823473120496296,0.0025557687040418386,0.00013972703861024152,0.0020446169655770063,8.519237356570859e-05,0.002044617992792407,8.51924163663503e-05,0.001533457587275565,9.71307426626965e-05,0.0,0.0,0.0,0.0,,,,,0.0004416529158545249,1.840220482727187e-05,0.0,,,,,,,,,,,,,,,,,,,,,2.9125,0.0,0.0,0.0,0.0,0.0,,,0.0,4.416631162166597,3.9299215078353895,"fixture_on_peg_world_frame; withdrawal resistance is max(0,-world_z) for each component",normal-load-weighted opposite-wall centroid span only when both walls loaded; all-contact span is a separate masked metric,cleared,cleared,False,retreat,True,True,True,,2070,2070,True,0.0,0.0,0.0,0.0,0.0,0.0,0.0,0.0,0.0,0.0,0.0,0.0,0.0,0.0,0.0,0.0,0.0,0.0,0.0,0.0,0.0,0.0,0.0,0.0,0.0,0.0,0.0,0.0,0.0,0.0,0.0,0.0,0.0,0.0,0.0,0.0
m_d06_fs100_fd100_a02,0.2,0.19899400710569026,25.0,6.0,1.0,1.0,0.75,0.75,1.25,1.25,average,2.0,pitch,1,m_d06_fs100_fd100,m_d06_fs100_fd100_a02_try00,m_d06_fs100_fd100_a02_try00,straight,original_reference_continuation,True,valid_protocol_completed,True,replay_endpoint_unmatched,True,True,True,True,True,False,False,0.7047044038772583,0.00032274104887619615,0.5584460496902466,0.04641174152493477,0.4983016848564148,0.0005848045816492231,5.66451980767146e-05,2.404166666666667,2.404166666666667,world_z_equals_fixed_hole_axis,absolute_raw_wrist_force_world_z_uncalibrated,"max(0,-world_contact_fz)",0.1,True,61,0.25,0.012198139913380146,0.011597524397075176,0.0021083427127450705,0.0,0.0,0.0026760561546931663,0.001174120593987027,0.0,0.0,False,0,0.0,,,,,,,,,,True,517,2.154166666666667,0.5584460496902466,0.04641174152493477,0.3972647488117218,0.7047044038772583,0.4804634749889374,0.15159486280754209,0.10773456942600508,0.10213437422157767,5.66451980767146e-05,False,0,0.0,,,,,,,,,,6.040433049201967,-3.1277149915695177,9.168148040771484,9.520833333333334,0.6493717432022095,0.0008678449041023365,0.0,0.0,0.0,0.0,0.0,0.0,0.0,0.0,0.0,0.0,0.0,0.0,,,,,0.0,0.0,0.0,,,,,,,,,,,,,,,,,,,,,0.01468749836809972,0.7047044038772583,0.1497532015308328,0.4983016848564148,0.10576405465447654,0.49830192835888437,0.10576410335206347,0.49830060286942873,0.10594415415621082,0.0,0.0,0.49766385555267334,0.10578201286163373,,,,,0.00303614632171309,0.0008175033548858375,0.0,,,,,,,,,,,,,,,,,,,,,0.6375,0.017200374975800514,-0.49766385555267334,0.4983016848564148,0.0,0.0,,,0.0012246685543657043,5.831921100616457,5.326847986698152,"fixture_on_peg_world_frame; withdrawal resistance is max(0,-world_z) for each component",normal-load-weighted opposite-wall centroid span only when both walls loaded; all-contact span is a separate masked metric,cleared,cleared,False,retreat,,,,,,,,,,,,,,,,,,,,,,,,,,,,,,,,,,,,,,,,,,,
m_d06_fs100_fd100_a02,0.2,0.19899400710569026,25.0,6.0,1.0,1.0,0.75,0.75,1.25,1.25,average,2.0,pitch,1,m_d06_fs100_fd100,m_d06_fs100_fd100_a02_try00,m_d06_fs100_fd100_a02_try00,realign,independent_reference_replay,True,valid_protocol_completed,True,replay_endpoint_unmatched,False,,,,,,,,,,,,,,,,,,,,,,,,,,,,,,,,,,,,,,,,,,,,,,,,,,,,,,,,,,,,,,,,,,,,,,,,,,,,,,,,,,,,,,,,,,,,,,,,,,,,,,,,,,,,,,,,,,,,,,,,,,,,,,,,,,,,,,,,,,,,,,,,,,,,,,,,,,,,,,,,,,,,,,replay_mismatch,,,,False,False,False,1324,2101,2101,True,0.007154961306432099,0.016786135017635234,0.0003161132335662842,0.0008329268603119999,0.00024269578943837756,0.006419509026653751,0.0,0.0,0.0,0.0,0.00043367120815673843,1.685693860054016e-07,7.337075658142567e-08,2.933474661404034e-06,1.4503625152428867e-05,0.0033206093939952552,0.00025893421906413234,0.01655154517762686,0.21084872050564865,0.3501193883629185,0.009244203567504883,0.02933083474636078,0.020636077405414333,2.7261487575744425,2.3117292679422152,0.013017768860547955,1.6409389972686768,0.006340967047435697,0.17688902979716659,4.316214472055435e-06,0.021948231165879406,3.0372393666766584e-05,0.0003720521926879883,1.2983081480488181,0.017019906709150465,0.35116266136800256
m_d06_fs100_fd050_a02,0.2,0.19899400710569026,25.0,6.0,1.0,0.5,0.75,0.75,1.25,0.25,average,2.0,pitch,1,m_d06_fs100_fd050,m_d06_fs100_fd050_a02_try00,m_d06_fs100_fd050_a02_try00,straight,original_reference_continuation,True,valid_protocol_completed,True,replay_endpoint_unmatched,True,True,True,True,True,False,False,0.9120523929595947,0.0018767225556075573,0.6308520436286926,0.046405814588069916,0.7185750603675842,0.0006406885972864984,0.00010936013668706076,2.3875,2.3875,world_z_equals_fixed_hole_axis,absolute_raw_wrist_force_world_z_uncalibrated,"max(0,-world_contact_fz)",0.1,True,61,0.25,0.011602095328271389,0.013943910598754883,0.0015292661264538765,0.0,0.0,0.002660232933218746,0.0006956549950700719,0.0,0.0,False,0,0.0,,,,,,,,,,True,513,2.1375,0.6308520436286926,0.046405814588069916,0.3754589557647705,0.9120523929595947,0.5579121112823486,0.162415717728436,0.10193997256768246,0.09770896912020059,0.00010936013668706076,False,0,0.0,,,,,,,,,,6.013312935829164,-3.1043499708175646,9.117662906646729,9.4375,0.6212145884831743,0.001006539293636403,0.0,0.0,0.0,0.0,0.0,0.0,0.0,0.0,0.0,0.0,0.0,0.0,,,,,0.0,0.0,0.0,,,,,,,,,,,,,,,,,,,,,0.018138155224733055,0.9120523929595947,0.16430943130368783,0.7185750603675842,0.1280361555206279,0.7185754529510383,0.12803621545205734,0.582698315064735,0.10230214152645063,0.0,0.0,0.5820289254188538,0.10210808453393838,,,,,0.0032282469668984057,0.0012299376467188924,0.0,,,,,,,,,,,,,,,,,,,,,0.6666666666666666,0.024601319804787636,-0.35899215936660767,0.7185750603675842,0.0,0.0,,,0.002466820971610585,5.70703446865082,5.168431261439384,"fixture_on_peg_world_frame; withdrawal resistance is max(0,-world_z) for each component",normal-load-weighted opposite-wall centroid span only when both walls loaded; all-contact span is a separate masked metric,cleared,cleared,False,retreat,,,,,,,,,,,,,,,,,,,,,,,,,,,,,,,,,,,,,,,,,,,
m_d06_fs100_fd050_a02,0.2,0.19899400710569026,25.0,6.0,1.0,0.5,0.75,0.75,1.25,0.25,average,2.0,pitch,1,m_d06_fs100_fd050,m_d06_fs100_fd050_a02_try00,m_d06_fs100_fd050_a02_try00,realign,independent_reference_replay,True,valid_protocol_completed,True,replay_endpoint_unmatched,False,,,,,,,,,,,,,,,,,,,,,,,,,,,,,,,,,,,,,,,,,,,,,,,,,,,,,,,,,,,,,,,,,,,,,,,,,,,,,,,,,,,,,,,,,,,,,,,,,,,,,,,,,,,,,,,,,,,,,,,,,,,,,,,,,,,,,,,,,,,,,,,,,,,,,,,,,,,,,,,,,,,,,,replay_mismatch,,,,False,False,False,1325,2087,2087,True,0.05219125961231961,0.021745192638160323,0.0002880096435546875,0.004440201912075281,0.003202964541049731,0.1403826599268175,0.0,0.0,0.0,0.0,0.0009497903738520108,5.3551048040390015e-08,1.2587406672537327e-08,4.317727871239185e-06,5.2578747272491455e-05,0.006298273277934641,0.001335292156669487,0.020868662663013487,0.19612973765114095,0.30694315142546164,0.007926225662231445,0.02321074903011322,0.08456988441395878,26.55764327523902,2.6955084339994206,0.009473620813245133,1.943820595741272,0.00606154799243086,0.12508654594421387,4.418659955263138e-06,0.02118530438747257,3.084082709392533e-05,0.0002868175506591797,2.5080087184906006,0.04060143453286248,0.30213215393190535
m_d12_fs050_fd050_a02,0.2,0.19899400710569026,25.0,12.0,0.5,0.5,0.75,0.75,0.25,0.25,average,2.0,pitch,1,m_d12_fs050_fd050,m_d12_fs050_fd050_a02_try00,m_d12_fs050_fd050_a02_try00,straight,original_reference_continuation,True,valid_protocol_completed,True,matched_results_known,True,True,True,True,True,False,False,1.3170804977416992,0.01161210797727108,0.9235904216766357,0.06624247133731842,1.196865439414978,0.0005848045248058042,3.6755955768864175e-05,3.6,3.6,world_z_equals_fixed_hole_axis,absolute_raw_wrist_force_world_z_uncalibrated,"max(0,-world_contact_fz)",0.1,True,61,0.25,0.9235904216766357,0.06624247133731842,0.30361899733543396,1.3170804977416992,0.4718397855758667,0.05248515299657205,0.01790187550189633,0.019659991065661114,6.460737495217472e-06,False,0,0.0,,,,,,,,,,True,804,3.35,0.7201170921325684,0.052017830312252045,0.30373942852020264,1.0077928304672241,0.4185766279697418,0.159274011462306,0.07429158478043973,0.07078953754156221,3.0295218273646696e-05,False,0,0.0,,,,,,,,,,12.073525786399843,-3.1282141804695116,15.201739966869354,15.5,0.5967766841252651,0.008037870713148246,1.3170804977416992,0.054889604238269385,1.196865439414978,0.04986939330895742,1.196865866197336,0.04986941109155566,0.5497392049949678,0.022917050373646917,0.0,0.0,0.5132315754890442,0.021384648978710175,,,,,0.0011778613859397824,3.7604952149937997e-05,0.0,,,,,,,,,,,,,,,,,,,,,0.01926238724020853,1.0077928304672241,0.17044499927972842,0.9013978242874146,0.15238467200348774,0.9013982110901407,0.15238473511905995,0.4506968629473417,0.07626565806739692,0.0,0.0,0.4501152038574219,0.07605536312485128,,,,,0.002626808787164342,0.0012312283314457398,0.0,,,,,,,,,,,,,,,,,,,,,0.6208333333333333,0.03153858333826065,-0.4501152038574219,0.9013978242874146,0.0,0.0,,,0.0010990961392658843,11.892305314540865,11.43014946966407,"fixture_on_peg_world_frame; withdrawal resistance is max(0,-world_z) for each component",normal-load-weighted opposite-wall centroid span only when both walls loaded; all-contact span is a separate masked metric,cleared,cleared,False,retreat,,,,,,,,,,,,,,,,,,,,,,,,,,,,,,,,,,,,,,,,,,,
m_d12_fs050_fd050_a02,0.2,0.19899400710569026,25.0,12.0,0.5,0.5,0.75,0.75,0.25,0.25,average,2.0,pitch,1,m_d12_fs050_fd050,m_d12_fs050_fd050_a02_try00,m_d12_fs050_fd050_a02_try00,realign,independent_reference_replay,True,valid_protocol_completed,True,matched_results_known,True,True,True,True,True,False,False,1.3170804977416992,0.01161210797727108,0.9235904216766357,0.07598713040351868,1.196865439414978,0.0014397791119336034,5.345246593485566e-05,5.5625,5.5625,world_z_equals_fixed_hole_axis,absolute_raw_wrist_force_world_z_uncalibrated,"max(0,-world_contact_fz)",0.1,True,61,0.25,0.9235904216766357,0.06624247133731842,0.30361899733543396,1.3170804977416992,0.4718397855758667,0.05248515299657205,0.01790187550189633,0.019659991065661114,6.460737495217472e-06,True,480,2.0,0.8124499917030334,0.07598713040351868,0.35318824648857117,1.1811729669570923,0.4768870770931244,0.18770170724019408,0.06783523036089416,0.05204096726307247,4.688361638386651e-05,True,795,3.3125,0.5679383873939514,0.04427332431077957,0.22153349220752716,0.8601967692375183,0.0003606025129556656,0.04587109918550899,0.02429567652870901,0.00013165046796833244,1.081120557716586e-07,False,0,0.0,,,,,,,,,,11.998520791530611,-3.007581830024718,15.006102621555328,15.3125,0.5876079400380441,0.008037870713148246,1.3170804977416992,0.054889604238269385,1.196865439414978,0.04986939330895742,1.196865866197336,0.04986941109155566,0.5497392049949678,0.022917050373646917,0.0,0.0,0.5132315754890442,0.021384648978710175,,,,,0.0011778613859397824,3.7604952149937997e-05,0.0,0.026381233086188633,1.1811729669570923,0.2077453654880325,1.0564727783203125,0.18784916726872325,1.0564732496021507,0.1878492517744658,0.5282365532835608,0.08815860257115093,0.0,0.0,0.5133808851242065,0.0559224633299209,0.0,,,,0.00509377899147144,0.0012833780156052174,0.0,0.006471519824117422,0.8601967692375183,0.03859189941234339,0.7695753574371338,0.03449898911640048,0.7695757411684963,0.03449900614828721,0.38430684015071664,0.01725864619845803,0.0,0.0,0.0003606025129556656,0.00013165046796833244,0.0,,,,0.000990611185615331,4.8284624099423475e-05,0.0,,,,,,,,,,,,,,,,,,,,,2.5666666666666664,0.0,0.3672224283218384,0.7695753574371338,0.0,0.7695753572043031,,0.0,0.000990611185615331,11.981436610221865,11.637869467493932,"fixture_on_peg_world_frame; withdrawal resistance is max(0,-world_z) for each component",normal-load-weighted opposite-wall centroid span only when both walls loaded; all-contact span is a separate masked metric,cleared,cleared,False,retreat,True,True,True,,2441,2441,True,0.0,0.0,0.0,0.0,0.0,0.0,0.0,0.0,0.0,0.0,0.0,0.0,0.0,0.0,0.0,0.0,0.0,0.0,0.0,0.0,0.0,0.0,0.0,0.0,0.0,0.0,0.0,0.0,0.0,0.0,0.0,0.0,0.0,0.0,0.0,0.0
m_d12_fs100_fd100_a02,0.2,0.19899400710569026,25.0,12.0,1.0,1.0,0.75,0.75,1.25,1.25,average,2.0,pitch,1,m_d12_fs100_fd100,m_d12_fs100_fd100_a02_try00,m_d12_fs100_fd100_a02_try00,straight,original_reference_continuation,True,valid_protocol_completed,True,replay_endpoint_unmatched,True,True,True,True,True,False,False,0.9658108353614807,0.004970130976289511,0.8372119069099426,0.06413814425468445,0.6829311847686768,0.0015908261730146478,0.0005353378122912245,3.6416666666666666,3.6416666666666666,world_z_equals_fixed_hole_axis,absolute_raw_wrist_force_world_z_uncalibrated,"max(0,-world_contact_fz)",0.1,True,61,0.25,0.09391576796770096,0.01087817084044218,0.06158759444952011,0.08681267499923706,0.05896986648440361,0.01630703578121029,0.004705443236161955,9.646681869905175e-06,1.4506031102238618e-08,False,0,0.0,,,,,,,,,,True,814,3.3916666666666666,0.8372119069099426,0.06413814425468445,0.6229338645935059,0.9658108353614807,0.6621599197387695,0.19112787853615978,0.1307940921493961,0.12117872567617383,0.0005353233062601223,False,0,0.0,,,,,,,,,,12.149640917778017,-3.1402543187141405,15.289895236492157,15.708333333333332,0.6758736570676174,0.001413944303446139,0.08681267499923706,0.006138210878513443,0.06138601526618004,0.004332163715541053,0.06138604041694323,0.004332165842631572,0.06138562057154845,0.004343768781531168,0.0,0.0,0.06106395274400711,1.105338519854134e-05,,,,,0.003724463929232792,0.003393149006939608,0.0,,,,,,,,,,,,,,,,,,,,,0.020203901124962915,0.9658108353614807,0.21568081205809145,0.6829311847686768,0.15926131202528873,0.6829313722258692,0.15926138106639193,0.6829314403112003,0.14380065556631763,0.0,0.0,0.6819135546684265,0.12549489482386397,0.0,,,,0.007888844545774626,0.0050062218884710285,0.0,,,,,,,,,,,,,,,,,,,,,1.1208333333333333,0.0,-0.6621599197387695,0.6622084975242615,0.0,0.6622085244162008,,0.0,0.004152147816442568,9.459385275840761,9.043671210606895,"fixture_on_peg_world_frame; withdrawal resistance is max(0,-world_z) for each component",normal-load-weighted opposite-wall centroid span only when both walls loaded; all-contact span is a separate masked metric,cleared,cleared,False,retreat,,,,,,,,,,,,,,,,,,,,,,,,,,,,,,,,,,,,,,,,,,,
m_d12_fs100_fd100_a02,0.2,0.19899400710569026,25.0,12.0,1.0,1.0,0.75,0.75,1.25,1.25,average,2.0,pitch,1,m_d12_fs100_fd100,m_d12_fs100_fd100_a02_try00,m_d12_fs100_fd100_a02_try00,realign,independent_reference_replay,True,valid_protocol_completed,True,replay_endpoint_unmatched,False,,,,,,,,,,,,,,,,,,,,,,,,,,,,,,,,,,,,,,,,,,,,,,,,,,,,,,,,,,,,,,,,,,,,,,,,,,,,,,,,,,,,,,,,,,,,,,,,,,,,,,,,,,,,,,,,,,,,,,,,,,,,,,,,,,,,,,,,,,,,,,,,,,,,,,,,,,,,,,,,,,,,,,replay_mismatch,,,,False,False,False,1595,2455,2455,True,0.03670305982611741,0.010667705572926888,0.0002014636993408203,0.0013633378548547626,0.0009506191507269239,0.03993250986545112,0.27937094526513473,0.0028021815050042124,0.26827821508049965,0.00128544172639522,0.010069141164422035,6.193295121192932e-08,7.216294761747122e-08,3.6209821701049805e-06,3.1184801628114656e-05,0.19935383647680283,0.0014872364428658619,0.01001153238571195,0.1447978287606274,0.10995283255199988,0.0027964115142822266,0.021142389625310898,0.020720835988320634,2.4525930211478544,3.506385396064079,0.039152590516574236,2.618609666824341,0.00790572175901616,0.13624547328799963,4.4191256165504456e-06,0.022779595106840134,3.24419052049052e-05,0.0001499652862548828,2.3602526262402534,0.019893060827121282,0.10888878664035696
m_d12_fs100_fd050_a02,0.2,0.19899400710569026,25.0,12.0,1.0,0.5,0.75,0.75,1.25,0.25,average,2.0,pitch,1,m_d12_fs100_fd050,m_d12_fs100_fd050_a02_try00,m_d12_fs100_fd050_a02_try00,straight,original_reference_continuation,True,valid_protocol_completed,True,replay_endpoint_unmatched,True,True,True,True,True,False,False,1.1787782907485962,0.0072207325138151646,0.7783370614051819,0.05008406564593315,0.9423844814300537,0.0003053844750411372,0.00014572321071015782,3.6125,3.6125,world_z_equals_fixed_hole_axis,absolute_raw_wrist_force_world_z_uncalibrated,"max(0,-world_contact_fz)",0.1,True,61,0.25,0.16726373136043549,0.0226740762591362,0.04639049246907234,0.16596533358097076,0.04179174825549126,0.04149160999804735,0.006848487794438067,0.0031473982014299886,1.6553186411136695e-06,False,0,0.0,,,,,,,,,,True,807,3.3625,0.7783370614051819,0.05008406564593315,0.39704474806785583,1.1787782907485962,0.6748295426368713,0.13935382508983216,0.08489993936382234,0.0730583284516797,0.00014406789206904412,False,0,0.0,,,,,,,,,,12.126491963863375,-3.1246900558471666,15.25118201971054,15.5625,0.6101267139116917,0.004892518646859874,0.16596533358097076,0.027870075876914296,0.1517646312713623,0.022716051649088815,0.1517647171586418,0.02271606109608974,0.08271121104662198,0.015584882582058833,0.0,0.0,0.0469168983399868,0.003614124751384414,,,,,0.001632595259983341,0.0014278311029619758,0.0,,,,,,,,,,,,,,,,,,,,,0.014062947694280107,1.1787782907485962,0.13381939936887952,0.9423844814300537,0.10825802040441583,0.9423847254390593,0.1082580637046463,0.7081165339156694,0.07695040461282537,0.0,0.0,0.70759117603302,0.07678313343406747,,,,,0.0036143545526891654,0.0015730327001204367,0.0,,,,,,,,,,,,,,,,,,,,,0.6458333333333334,0.03276165947318077,-0.70759117603302,0.9423844814300537,0.0,0.0,,,0.0018269673196097402,11.858978867530825,11.376962676460362,"fixture_on_peg_world_frame; withdrawal resistance is max(0,-world_z) for each component",normal-load-weighted opposite-wall centroid span only when both walls loaded; all-contact span is a separate masked metric,cleared,cleared,False,retreat,,,,,,,,,,,,,,,,,,,,,,,,,,,,,,,,,,,,,,,,,,,
m_d12_fs100_fd050_a02,0.2,0.19899400710569026,25.0,12.0,1.0,0.5,0.75,0.75,1.25,0.25,average,2.0,pitch,1,m_d12_fs100_fd050,m_d12_fs100_fd050_a02_try00,m_d12_fs100_fd050_a02_try00,realign,independent_reference_replay,True,valid_protocol_completed,True,replay_endpoint_unmatched,False,,,,,,,,,,,,,,,,,,,,,,,,,,,,,,,,,,,,,,,,,,,,,,,,,,,,,,,,,,,,,,,,,,,,,,,,,,,,,,,,,,,,,,,,,,,,,,,,,,,,,,,,,,,,,,,,,,,,,,,,,,,,,,,,,,,,,,,,,,,,,,,,,,,,,,,,,,,,,,,,,,,,,,replay_mismatch,,,,False,False,False,1590,2487,2479,True,0.0024821958174168902,0.003963064606516492,7.748603820800781e-05,0.0008605009643360972,0.00032237204242526986,0.1243739955577004,0.05328400604135296,0.0006322514135099653,0.026795700192451477,2.5964370209408116e-05,0.004369633970782161,1.448206603527069e-07,1.4380202628672123e-07,9.712182418297743e-07,1.4966853996156715e-06,0.0370613057166338,0.0014741889788229075,0.004083167264005313,0.13245291456680963,0.10963153713071416,0.002193450927734375,0.02323899418115616,0.10062251471498065,18.898208415372057,3.3915895429989362,0.031695620109427725,2.8435685634613037,0.006259009865061671,0.15072065964341164,6.953254342079163e-06,0.02235673625546042,3.333807580929715e-05,0.00013870000839233398,1.8998820036649704,0.06492997142353958,0.0884290528252239
m_d18_fs050_fd050_a02,0.2,0.19899400710569026,25.0,18.0,0.5,0.5,0.75,0.75,0.25,0.25,average,2.0,pitch,1,m_d18_fs050_fd050,m_d18_fs050_fd050_a02_try00,m_d18_fs050_fd050_a02_try00,straight,original_reference_continuation,True,grasp_failed,True,reference_protocol_incomplete,True,False,True,False,False,False,False,3.171600580215454,0.12607672810554504,2.7291157245635986,0.11947643011808395,14.901399612426758,0.02386107371421531,0,,0.0,world_z_equals_fixed_hole_axis,absolute_raw_wrist_force_world_z_uncalibrated,"max(0,-world_contact_fz)",0.1,True,1,0.0,2.7291157245635986,0.11947643011808395,2.705409288406372,3.171600580215454,3.1052117347717285,,,,,False,0,0.0,,,,,,,,,,False,0,0.0,,,,,,,,,,False,0,0.0,,,,,,,,,,,,,,,,3.171600580215454,,14.901399612426758,,0.6918439084797255,,3.136517053820339,,0.0,,3.1052117347717285,,0.0,,,,0.025278530158765085,,0.0,,,,,,,,,,,,,,,,,,,,,,,,,,,,,,,,,,,,,,,,,,,,,,,,,,,,,,,,,,,,,,,,,,,,,,,,"fixture_on_peg_world_frame; withdrawal resistance is max(0,-world_z) for each component",normal-load-weighted opposite-wall centroid span only when both walls loaded; all-contact span is a separate masked metric,grasp_retention_limit,grasp_retention_limit,True,stop,,,,,,,,,,,,,,,,,,,,,,,,,,,,,,,,,,,,,,,,,,,
m_d18_fs050_fd050_a02,0.2,0.19899400710569026,25.0,18.0,0.5,0.5,0.75,0.75,0.25,0.25,average,2.0,pitch,1,m_d18_fs050_fd050,m_d18_fs050_fd050_a02_try00,m_d18_fs050_fd050_a02_try00,realign,independent_reference_replay,True,grasp_failed,True,reference_protocol_incomplete,False,,,,,,,,,,,,,,,,,,,,,,,,,,,,,,,,,,,,,,,,,,,,,,,,,,,,,,,,,,,,,,,,,,,,,,,,,,,,,,,,,,,,,,,,,,,,,,,,,,,,,,,,,,,,,,,,,,,,,,,,,,,,,,,,,,,,,,,,,,,,,,,,,,,,,,,,,,,,,,,,,,,,,,reference_not_eligible,,,,,,,,,,,,,,,,,,,,,,,,,,,,,,,,,,,,,,,,,,,,,,
m_d18_fs075_fd075_a02,0.2,0.19899400710569026,25.0,18.0,0.75,0.75,0.75,0.75,0.75,0.75,average,2.0,pitch,1,m_d18_fs075_fd075,m_d18_fs075_fd075_a02_try00,m_d18_fs075_fd075_a02_try00,straight,original_reference_continuation,True,grasp_failed,True,reference_protocol_incomplete,True,False,True,False,False,False,False,4.449309349060059,0.05621977895498276,3.6047585010528564,0.11778457462787628,8.09280014038086,0.01987078576348722,0,,0.0,world_z_equals_fixed_hole_axis,absolute_raw_wrist_force_world_z_uncalibrated,"max(0,-world_contact_fz)",0.1,True,1,0.0,3.6047585010528564,0.11778457462787628,3.577092170715332,4.449309349060059,0.0,,,,,False,0,0.0,,,,,,,,,,False,0,0.0,,,,,,,,,,False,0,0.0,,,,,,,,,,,,,,,,4.449309349060059,,8.09280014038086,,1.3544984583025084,,4.369238514399477,,0.0,,0.0,,0.0,,,,0.023271573382298294,,0.0,,,,,,,,,,,,,,,,,,,,,,,,,,,,,,,,,,,,,,,,,,,,,,,,,,,,,,,,,,,,,,,,,,,,,,,,"fixture_on_peg_world_frame; withdrawal resistance is max(0,-world_z) for each component",normal-load-weighted opposite-wall centroid span only when both walls loaded; all-contact span is a separate masked metric,grasp_retention_limit,grasp_retention_limit,True,stop,,,,,,,,,,,,,,,,,,,,,,,,,,,,,,,,,,,,,,,,,,,
m_d18_fs075_fd075_a02,0.2,0.19899400710569026,25.0,18.0,0.75,0.75,0.75,0.75,0.75,0.75,average,2.0,pitch,1,m_d18_fs075_fd075,m_d18_fs075_fd075_a02_try00,m_d18_fs075_fd075_a02_try00,realign,independent_reference_replay,True,grasp_failed,True,reference_protocol_incomplete,False,,,,,,,,,,,,,,,,,,,,,,,,,,,,,,,,,,,,,,,,,,,,,,,,,,,,,,,,,,,,,,,,,,,,,,,,,,,,,,,,,,,,,,,,,,,,,,,,,,,,,,,,,,,,,,,,,,,,,,,,,,,,,,,,,,,,,,,,,,,,,,,,,,,,,,,,,,,,,,,,,,,,,,reference_not_eligible,,,,,,,,,,,,,,,,,,,,,,,,,,,,,,,,,,,,,,,,,,,,,,
