evaluation,horizon_s,model,hidden_load,definition,windows,groups,trajectories,mae,rmse,r2,degradation_auc,degraded_weight,eta_mean,prediction_outside_0_1_fraction
stage4,0.25,force_only,True,instant_10N_sensitivity,8,5,5,1.1190690296783696,1.1422961802557483,-3121.0793368988316,,1.0,-0.0068292303588399555,0.7000000000000001
stage4,0.25,force_only,True,mean_5N_sensitivity,7,7,7,1.1036480194679907,1.1265185473090809,-2631.2092483782094,,1.0,-0.008055406983436403,0.5714285714285714
stage4,0.25,torque_only,True,instant_10N_sensitivity,8,5,5,1.0670460373714121,1.0769144394657757,-2773.9098981415495,,1.0,-0.0068292303588399555,0.8
stage4,0.25,torque_only,True,mean_5N_sensitivity,7,7,7,1.0336503516852278,1.043492984792712,-2257.5139908803017,,1.0,-0.008055406983436403,0.5714285714285714
stage4,0.25,current_progress,True,instant_10N_sensitivity,8,5,5,0.34865024840251607,0.3855608855080767,-354.69062939634887,,1.0,-0.0068292303588399555,0.0
stage4,0.25,current_progress,True,mean_5N_sensitivity,7,7,7,0.31040307968601144,0.33221924379594125,-227.92503458690715,,1.0,-0.008055406983436403,0.0
stage4,0.25,wrench_history,True,instant_10N_sensitivity,8,5,5,1.2463312694709296,1.4526069710958343,-5047.736837106332,,1.0,-0.0068292303588399555,0.6000000000000001
stage4,0.25,wrench_history,True,mean_5N_sensitivity,7,7,7,1.468965317179844,1.6735498952754742,-5808.263122616211,,1.0,-0.008055406983436403,0.7142857142857142
stage4,0.25,progress_wrench_motion,True,instant_10N_sensitivity,8,5,5,1.1270547651665463,1.213105304062167,-3520.14159042842,,1.0,-0.0068292303588399555,0.9
stage4,0.25,progress_wrench_motion,True,mean_5N_sensitivity,7,7,7,1.2666090267041976,1.343771655436685,-3744.3695047029246,,1.0,-0.008055406983436403,0.8571428571428571
stage4,0.5,force_only,True,instant_10N_sensitivity,8,5,5,1.2368848252992852,1.247892294018849,-2497.1909088754282,,1.0,-0.013102149311915055,0.8
stage4,0.5,force_only,True,mean_5N_sensitivity,7,7,7,1.1881514095543069,1.199692221195738,-2310.505007605966,,1.0,-0.011368012706643836,0.7142857142857142
stage4,0.5,torque_only,True,instant_10N_sensitivity,8,5,5,1.0511032915284213,1.0633036338063697,-1812.7858687988132,,1.0,-0.013102149311915055,0.6000000000000001
stage4,0.5,torque_only,True,mean_5N_sensitivity,7,7,7,1.0053255299698696,1.0174745635227307,-1661.6555045860139,,1.0,-0.011368012706643836,0.42857142857142855
stage4,0.5,current_progress,True,instant_10N_sensitivity,8,5,5,0.2994442863432522,0.3305089471573769,-174.24186208387835,,1.0,-0.013102149311915055,0.2
stage4,0.5,current_progress,True,mean_5N_sensitivity,7,7,7,0.21547121061953173,0.23209296728277407,-85.51255030297166,,1.0,-0.011368012706643836,0.14285714285714285
stage4,0.5,wrench_history,True,instant_10N_sensitivity,8,5,5,1.3050564238127187,1.716067998116795,-4723.331924042907,,1.0,-0.013102149311915055,1.0
stage4,0.5,wrench_history,True,mean_5N_sensitivity,7,7,7,1.4321541401358262,1.8050806681693137,-5231.9716628980805,,1.0,-0.011368012706643836,1.0
stage4,0.5,progress_wrench_motion,True,instant_10N_sensitivity,8,5,5,1.0624821163716929,1.2795295077064315,-2625.4674890332067,,1.0,-0.013102149311915055,1.0
stage4,0.5,progress_wrench_motion,True,mean_5N_sensitivity,7,7,7,1.2183033031912782,1.3650040665007812,-2991.4234072545064,,1.0,-0.011368012706643836,1.0
stage4,1.0,force_only,True,instant_10N_sensitivity,5,3,3,1.1413221051018692,1.1427853972811342,-3967.666838551026,,1.0,-0.009138041267302797,1.0
stage4,1.0,force_only,True,mean_5N_sensitivity,4,4,4,1.1327254373775548,1.1340792632097083,-4851.927755147135,,1.0,-0.008087512530155265,1.0
stage4,1.0,torque_only,True,instant_10N_sensitivity,5,3,3,1.0498565336866421,1.0503236083600938,-3351.4440033193705,,1.0,-0.009138041267302797,1.0
stage4,1.0,torque_only,True,mean_5N_sensitivity,4,4,4,1.039455600659874,1.0399280436499014,-4079.595884404981,,1.0,-0.008087512530155265,1.0
stage4,1.0,current_progress,True,instant_10N_sensitivity,5,3,3,0.1731654053199817,0.21234818872346492,-136.02897200187377,,1.0,-0.009138041267302797,0.0
stage4,1.0,current_progress,True,mean_5N_sensitivity,4,4,4,0.07320022233308537,0.08507884166817939,-26.312417607326626,,1.0,-0.008087512530155265,0.0
stage4,1.0,wrench_history,True,instant_10N_sensitivity,5,3,3,2.490288248534063,2.660909066776588,-21515.68413543881,,1.0,-0.009138041267302797,1.0
stage4,1.0,wrench_history,True,mean_5N_sensitivity,4,4,4,2.130914806819125,2.4310819847051275,-22299.583026834585,,1.0,-0.008087512530155265,0.75
stage4,1.0,progress_wrench_motion,True,instant_10N_sensitivity,5,3,3,0.8478001730753886,0.943498438185145,-2704.1892254041086,,1.0,-0.009138041267302797,1.0
stage4,1.0,progress_wrench_motion,True,mean_5N_sensitivity,4,4,4,0.6845829759554667,0.7649282476247102,-2206.793271315232,,1.0,-0.008087512530155265,1.0
quarantined_shared_path,0.25,force_only,True,instant_10N_sensitivity,1,1,1,0.8248682964524771,0.8248682964524771,,,1.0,0.026285213275547444,0.0
quarantined_shared_path,0.25,force_only,True,mean_5N_sensitivity,4,4,4,1.113261893771171,1.1310355511546049,-6852.143381080781,,1.0,0.006793363881337841,0.75
quarantined_shared_path,0.25,torque_only,True,instant_10N_sensitivity,1,1,1,1.0164696057444942,1.0164696057444942,,,1.0,0.026285213275547444,1.0
quarantined_shared_path,0.25,torque_only,True,mean_5N_sensitivity,4,4,4,1.0850266087841371,1.0888784096248916,-6350.789242476249,,1.0,0.006793363881337841,0.75
quarantined_shared_path,0.25,current_progress,True,instant_10N_sensitivity,1,1,1,0.17360923456812738,0.17360923456812738,,,1.0,0.026285213275547444,1.0
quarantined_shared_path,0.25,current_progress,True,mean_5N_sensitivity,4,4,4,0.08285728994115492,0.0981452839561569,-50.60314582212936,,1.0,0.006793363881337841,0.25
quarantined_shared_path,0.25,wrench_history,True,instant_10N_sensitivity,1,1,1,1.0054959525476028,1.0054959525476028,,,1.0,0.026285213275547444,1.0
quarantined_shared_path,0.25,wrench_history,True,mean_5N_sensitivity,4,4,4,0.7809927642788439,0.9746197895199921,-5087.710648229109,,1.0,0.006793363881337841,0.75
quarantined_shared_path,0.25,progress_wrench_motion,True,instant_10N_sensitivity,1,1,1,0.15559514842987443,0.15559514842987443,,,1.0,0.026285213275547444,0.0
quarantined_shared_path,0.25,progress_wrench_motion,True,mean_5N_sensitivity,4,4,4,0.7880033682868246,0.8874021066964498,-4217.69586123057,,1.0,0.006793363881337841,0.5
quarantined_shared_path,0.5,force_only,True,instant_10N_sensitivity,1,1,1,1.1328812497757816,1.1328812497757816,,,1.0,0.014838619508605072,1.0
quarantined_shared_path,0.5,force_only,True,mean_5N_sensitivity,4,4,4,1.2202543714553582,1.2239725388871996,-23896.26102431908,,1.0,0.004852904564864494,1.0
quarantined_shared_path,0.5,torque_only,True,instant_10N_sensitivity,1,1,1,1.0046837913228968,1.0046837913228968,,,1.0,0.014838619508605072,1.0
quarantined_shared_path,0.5,torque_only,True,mean_5N_sensitivity,4,4,4,1.067570119344314,1.0728095037772856,-18358.041499087507,,1.0,0.004852904564864494,0.75
quarantined_shared_path,0.5,current_progress,True,instant_10N_sensitivity,1,1,1,0.3808929340655559,0.3808929340655559,,,1.0,0.014838619508605072,1.0
quarantined_shared_path,0.5,current_progress,True,mean_5N_sensitivity,4,4,4,0.18705875636809963,0.21816675430209412,-758.244964773804,,1.0,0.004852904564864494,1.0
quarantined_shared_path,0.5,wrench_history,True,instant_10N_sensitivity,1,1,1,2.4375424920651567,2.4375424920651567,,,1.0,0.014838619508605072,1.0
quarantined_shared_path,0.5,wrench_history,True,mean_5N_sensitivity,4,4,4,1.390646379297075,1.7898127517217182,-51098.89115192496,,1.0,0.004852904564864494,1.0
quarantined_shared_path,0.5,progress_wrench_motion,True,instant_10N_sensitivity,1,1,1,1.1807894127490952,1.1807894127490952,,,1.0,0.014838619508605072,1.0
quarantined_shared_path,0.5,progress_wrench_motion,True,mean_5N_sensitivity,4,4,4,1.584847875380765,1.603905393056903,-41034.74047743917,,1.0,0.004852904564864494,1.0
