evaluation,horizon_s,model,windows,groups,trajectories,mae,rmse,r2,degradation_auc,degraded_weight,eta_mean,prediction_outside_0_1_fraction
development_oof,0.25,force_only,4549,104,118,0.10676341518062496,0.21688313314587923,0.05027246357498916,0.4550785652416786,0.013298616067786935,1.0531514487256217,0.9527205140101243
stage4,0.25,force_only,332,13,13,0.23135311763449362,0.3967623831654549,-0.21284131689862096,0.6956901608729774,0.1450647457336421,0.8493941848565743,0.8035274276076955
quarantined_shared_path,0.25,force_only,1110,13,39,0.14281477145067095,0.28196393315121865,-0.10449620895199563,0.5455657762270668,0.06394221039303663,0.957410623948951,0.9075417987495207
development_oof,0.25,torque_only,4549,104,118,0.1084110488693193,0.22258466545378933,-0.00031770434182099017,0.34874635279454325,0.013298616067786935,1.0531514487256217,0.9950750469043255
stage4,0.25,torque_only,332,13,13,0.25612989010069886,0.4187945265026028,-0.35127890453411426,0.5840431341075123,0.1450647457336421,0.8493941848565743,0.9770216962524659
quarantined_shared_path,0.25,torque_only,1110,13,39,0.15381757587612704,0.29016435746143837,-0.16967508352573324,0.4686727989888472,0.06394221039303663,0.957410623948951,0.9882569690531704
development_oof,0.25,current_progress,4549,104,118,0.07763694073590974,0.15488225469957423,0.5156594868531041,0.7568560023162477,0.013298616067786935,1.0531514487256217,0.6267833517721688
stage4,0.25,current_progress,332,13,13,0.1770239927811429,0.2975301217095977,0.3179677941196508,0.8262656514613036,0.1450647457336421,0.8493941848565743,0.45555341165709057
quarantined_shared_path,0.25,current_progress,1110,13,39,0.11099440406578667,0.20121353108544596,0.43754021736484294,0.8209751886298262,0.06394221039303663,0.957410623948951,0.4885032583441783
development_oof,0.25,wrench_history,4549,104,118,0.10792439650024105,0.219821989991407,0.02435967261610905,0.4977366048157719,0.013298616067786935,1.0531514487256217,0.858544009758144
stage4,0.25,wrench_history,332,13,13,0.26037967431375186,0.49452092605740344,-0.8841364465452302,0.5887711660260521,0.1450647457336421,0.8493941848565743,0.7328137952719894
quarantined_shared_path,0.25,wrench_history,1110,13,39,0.13693606393482757,0.2669688606976743,0.009856078097489562,0.6659202550906657,0.06394221039303663,0.957410623948951,0.8126809273644
development_oof,0.25,progress_wrench_motion,4549,104,118,0.07850612593156074,0.1630643959552492,0.46313416766187765,0.6675968695489343,0.013298616067786935,1.0531514487256217,0.665995741648995
stage4,0.25,progress_wrench_motion,332,13,13,0.20847270502301304,0.3889035028786018,-0.16527039449731706,0.7078754273629598,0.1450647457336421,0.8493941848565743,0.5845676828745392
quarantined_shared_path,0.25,progress_wrench_motion,1110,13,39,0.11294428015088961,0.21998867369880537,0.32767733475152494,0.8003773850423874,0.06394221039303663,0.957410623948951,0.6887301279109848
development_oof,0.25,contact_wrench_history,4549,104,118,0.10182755469843965,0.23662154100083124,-0.13046216011475287,0.5644472523013097,0.013298616067786935,1.0531514487256217,0.8769203047251075
stage4,0.25,contact_wrench_history,332,13,13,0.21767274500721676,0.4652750143017702,-0.6678710296156192,0.9283582136909563,0.1450647457336421,0.8493941848565743,0.6793401437841238
quarantined_shared_path,0.25,contact_wrench_history,1110,13,39,0.11609854724634129,0.2304763099760367,0.2620453158079722,0.927449101224854,0.06394221039303663,0.957410623948951,0.7689994612468816
development_oof,0.25,progress_contact_motion,4549,104,118,0.07899418767341011,0.18343272384343642,0.3206382312578576,0.6265651281986144,0.013298616067786935,1.0531514487256217,0.6923430298658159
stage4,0.25,progress_contact_motion,332,13,13,0.21331503073350455,0.48836655171343296,-0.837531639529784,0.9291145290644799,0.1450647457336421,0.8493941848565743,0.5281922648143385
quarantined_shared_path,0.25,progress_contact_motion,1110,13,39,0.10790504359474726,0.22694142346258808,0.2845082033384626,0.9205863711385911,0.06394221039303663,0.957410623948951,0.6152759721907782
development_oof,0.25,persistence,4549,104,118,0.11210977627988561,0.27838146660892055,-0.5646892906483811,0.8547489403899531,0.013298616067786935,1.0531514487256217,0.7038355111550736
stage4,0.25,persistence,332,13,13,0.14368262501811613,0.2595517644995031,0.4809717766570427,0.9593034400805318,0.1450647457336421,0.8493941848565743,0.3626618643341051
quarantined_shared_path,0.25,persistence,1110,13,39,0.09980755677852379,0.19624872986614614,0.4649543729480018,0.9324697939805896,0.06394221039303663,0.957410623948951,0.5498865974326909
development_oof,0.5,force_only,4314,104,118,0.0737037704348896,0.1531307068029109,0.025440491030068735,0.13042776310982343,0.009305438151592002,1.039971702138848,0.9669590025359287
stage4,0.5,force_only,320,13,13,0.2641239576754732,0.44935582380720607,-0.5966132129974626,0.430315521046947,0.1725866849612669,0.8147290934747227,0.9557222691838081
quarantined_shared_path,0.5,force_only,1047,13,39,0.14095215035591455,0.29108320283586575,-0.3175878316759486,0.33475339967163587,0.06850498624914528,0.9443429744375057,0.9852019477358493
development_oof,0.5,torque_only,4314,104,118,0.0756545480424998,0.15471792899446338,0.0051328840653577235,0.41448974441133846,0.009305438151592002,1.039971702138848,0.9832347140039479
stage4,0.5,torque_only,320,13,13,0.2566389845937078,0.4208352705372404,-0.4003713987908164,0.662659056678953,0.1725866849612669,0.8147290934747227,0.9446745562130181
quarantined_shared_path,0.5,torque_only,1047,13,39,0.13872422767595452,0.27618103822809964,-0.18613194180829873,0.5591288409117344,0.06850498624914528,0.9443429744375057,0.9883080026435316
development_oof,0.5,current_progress,4314,104,118,0.05313471401347708,0.10893475779779652,0.5068071936001215,0.7122804078990832,0.009305438151592002,1.039971702138848,0.6745791067906475
stage4,0.5,current_progress,320,13,13,0.1858989647391976,0.31728095119083244,0.2040111810036005,0.8137222200430319,0.1725866849612669,0.8147290934747227,0.45331344612281066
quarantined_shared_path,0.5,current_progress,1047,13,39,0.10530448151708233,0.2061497866026912,0.3391375673201602,0.7456572024228902,0.06850498624914528,0.9443429744375057,0.5198906504034313
development_oof,0.5,wrench_history,4314,104,118,0.07808232065918821,0.1675584570520685,-0.16685393262626302,0.2666451202430133,0.009305438151592002,1.039971702138848,0.8638665821358157
stage4,0.5,wrench_history,320,13,13,0.26178448241902463,0.5316480384015253,-1.2349478885980179,0.5372768815819837,0.1725866849612669,0.8147290934747227,0.762630114218743
quarantined_shared_path,0.5,wrench_history,1047,13,39,0.13288128513564576,0.3054808247939658,-0.45115296861327714,0.5288938915197685,0.06850498624914528,0.9443429744375057,0.8270789373994365
development_oof,0.5,progress_wrench_motion,4314,104,118,0.060748728034534,0.13575178261996626,0.23409505838592748,0.37141884622008964,0.009305438151592002,1.039971702138848,0.7136358833474241
stage4,0.5,progress_wrench_motion,320,13,13,0.1907297223589442,0.3637992137218339,-0.046507829428936276,0.8271440479195312,0.1725866849612669,0.8147290934747227,0.5115685782073742
quarantined_shared_path,0.5,progress_wrench_motion,1047,13,39,0.1088248028405179,0.23120203064709785,0.16875590360102988,0.8090918632547349,0.06850498624914528,0.9443429744375057,0.6238525019347305
development_oof,0.5,contact_wrench_history,4314,104,118,0.06747241831929564,0.13465219158372124,0.24645248529154407,0.548235465029158,0.009305438151592002,1.039971702138848,0.8698999718230516
stage4,0.5,contact_wrench_history,320,13,13,0.4743872238078452,1.477614121469891,-16.26398442893036,0.9180649416792913,0.1725866849612669,0.8147290934747227,0.6866666870847473
quarantined_shared_path,0.5,contact_wrench_history,1047,13,39,0.15263709280563165,0.5284588319000254,-3.3427777742597033,0.8896204728916256,0.06850498624914528,0.9443429744375057,0.7579556778416059
development_oof,0.5,progress_contact_motion,4314,104,118,0.054912194135406406,0.11737319913272902,0.4274391183233889,0.4701708428183526,0.009305438151592002,1.039971702138848,0.6792230205691766
stage4,0.5,progress_contact_motion,320,13,13,0.394686710336172,1.2071682426591444,-10.522708446391931,0.9396969409049382,0.1725866849612669,0.8147290934747227,0.49711860046308204
quarantined_shared_path,0.5,progress_contact_motion,1047,13,39,0.1373776439437912,0.4681475884138066,-2.4080885218026777,0.8965269684576087,0.06850498624914528,0.9443429744375057,0.5884418261728298
development_oof,0.5,persistence,4314,104,118,0.089306000982637,0.22782377280174168,-1.157157564633735,0.8302990186555701,0.009305438151592002,1.039971702138848,0.695417723302341
stage4,0.5,persistence,320,13,13,0.15046492921514454,0.2682846821106443,0.4308709893750281,0.9181599020701124,0.1725866849612669,0.8147290934747227,0.34891763754640004
quarantined_shared_path,0.5,persistence,1047,13,39,0.09440625055645174,0.1938270738369972,0.415783034932797,0.884034280116624,0.06850498624914528,0.9443429744375057,0.5426985743133259
development_oof,1.0,force_only,3724,104,118,0.04155697624144393,0.08187994670213808,-0.016264263802680645,0.042386107027459076,0.0035859728506787325,1.0243753980258026,0.9863192873303136
stage4,1.0,force_only,283,13,13,0.2655840393250136,0.4392544314887843,-0.6096096392656705,0.33466716401153984,0.21142976588628765,0.7716698800563817,0.9921153846153843
quarantined_shared_path,1.0,force_only,867,13,39,0.10724594677731858,0.22130588849685165,-0.21845131144134977,0.3402305642653759,0.051666666666666666,0.9423249870049782,0.994743589743589
development_oof,1.0,torque_only,3724,104,118,0.04262889894174768,0.08178332352482562,-0.013867175178528646,0.18005344364225415,0.0035859728506787325,1.0243753980258026,0.9997171945701326
stage4,1.0,torque_only,283,13,13,0.2615372874022497,0.4280383571112211,-0.5284584522340761,0.6980340848606363,0.21142976588628765,0.7716698800563817,0.9907692307692305
quarantined_shared_path,1.0,torque_only,867,13,39,0.10480279083710929,0.21717506902284828,-0.17338944319895844,0.6012721105162738,0.051666666666666666,0.9423249870049782,0.9999999999999993
development_oof,1.0,current_progress,3724,104,118,0.027926241521585057,0.05785767938147819,0.49257299944966937,0.8533541152807885,0.0035859728506787325,1.0243753980258026,0.892186085972848
stage4,1.0,current_progress,283,13,13,0.2022269850427697,0.3327718629978765,0.07619255679499504,0.8727981524410331,0.21142976588628765,0.7716698800563817,0.6709030100334445
quarantined_shared_path,1.0,current_progress,867,13,39,0.08719553530031178,0.18352193628734226,0.16208839463997193,0.7283742218611268,0.051666666666666666,0.9423249870049782,0.7914743589743585
development_oof,1.0,wrench_history,3724,104,118,0.043754275778356944,0.08365916925277003,-0.060910253791526925,0.09618859314689242,0.0035859728506787325,1.0243753980258026,0.8960244626696805
stage4,1.0,wrench_history,283,13,13,0.29552802542162904,0.5945344460235562,-1.9487795391209843,0.5463266090140814,0.21142976588628765,0.7716698800563817,0.7607357859531769
quarantined_shared_path,1.0,wrench_history,867,13,39,0.103240398152528,0.24828232528705574,-0.5336061745819329,0.5208787111400246,0.051666666666666666,0.9423249870049782,0.8429487179487174
development_oof,1.0,progress_wrench_motion,3724,104,118,0.03565553511649432,0.08086795536762437,0.008701436010847607,0.06457828651790316,0.0035859728506787325,1.0243753980258026,0.7898402149321244
stage4,1.0,progress_wrench_motion,283,13,13,0.20594568030508936,0.35544640779011516,-0.05399007168965353,0.7934587367628341,0.21142976588628765,0.7716698800563817,0.4257023411371237
quarantined_shared_path,1.0,progress_wrench_motion,867,13,39,0.08318053789112004,0.1760526338671594,0.2289060533411703,0.730729059564427,0.051666666666666666,0.9423249870049782,0.49929487179487175
development_oof,1.0,contact_wrench_history,3724,104,118,0.03951948225960111,0.07620308440826314,0.11976901490049763,0.23760366978578482,0.0035859728506787325,1.0243753980258026,0.8916218891402687
stage4,1.0,contact_wrench_history,283,13,13,0.4554514785557814,1.492735115510176,-17.588902936171905,0.9332093572803387,0.21142976588628765,0.7716698800563817,0.6314604236343364
quarantined_shared_path,1.0,contact_wrench_history,867,13,39,0.10248573632295811,0.43381471466761773,-3.681993408355762,0.9139978114660582,0.051666666666666666,0.9423249870049782,0.7292948717948713
development_oof,1.0,progress_contact_motion,3724,104,118,0.0316373203504495,0.07281903332517875,0.1962122736513593,0.1753399996153612,0.0035859728506787325,1.0243753980258026,0.7860004242081425
stage4,1.0,progress_contact_motion,283,13,13,0.37123009462468015,1.1245973306022656,-9.550726312978208,0.9342686179688635,0.21142976588628765,0.7716698800563817,0.44448160535117043
quarantined_shared_path,1.0,progress_contact_motion,867,13,39,0.09161161639236187,0.3453672865786969,-1.9674583850334617,0.8399196777179201,0.051666666666666666,0.9423249870049782,0.49794871794871787
development_oof,1.0,persistence,3724,104,118,0.06865577021579602,0.17155063471183682,-3.4610409519443914,0.896889621260216,0.0035859728506787325,1.0243753980258026,0.6778139140271474
stage4,1.0,persistence,283,13,13,0.18491732942460515,0.30796260509464873,0.20880373146782738,0.8667394159500684,0.21142976588628765,0.7716698800563817,0.3485590858416945
quarantined_shared_path,1.0,persistence,867,13,39,0.08190288024120199,0.17499957163575947,0.2381030913838782,0.7800819425486423,0.051666666666666666,0.9423249870049782,0.5581410256410255
