trajectory_id,slot,retry,family,offset_x_mm,offset_y_mm,roll_deg,pitch_deg,insertion_duration_s,folder,status,sampling_slot,sample_role,split_group_id,insertion_success,max_force,max_torque,max_normal_load,max_penetration,max_depth,stalled,force_budget_exceeded,torque_budget_exceeded,numerically_valid,outcome_trustworthy,grasp_retained,max_grasp_slip_mm,max_grasp_slip_deg,max_wrist_force_n,max_wrist_torque_nm
slot000_try00,0,0,centered,0.0,0.0,0.0,0.0,8.0,slot000_try00,complete,0,repeatability_control,centered_controls,True,0.0,0.0,0.0,0.0,20.109952986240387,False,False,False,True,True,True,0.02177998612751253,0.07912936237050427,0.015257937833666801,0.009302901104092598
slot001_try00,1,0,x_offset,0.3823904438697262,0.0,0.0,0.0,8.0,slot001_try00,complete,1,characterization,slot001,True,0.0,0.0,0.0,0.0,20.110176503658295,False,False,False,True,True,True,0.02312017750227824,0.07912936237050427,0.01309523917734623,0.009485963732004166
slot002_try00,2,0,y_offset,0.0,0.8762014952037551,0.0,0.0,8.0,slot002_try00,complete,2,characterization,slot002,True,2.57635235786438,0.012009711004793644,2.0610899925231934,0.0068521562752721366,19.821593165397644,False,False,False,True,True,True,0.021837837266502902,0.08846931922527276,2.2929275035858154,0.05819055438041687
slot003_try00,3,0,diagonal_offset,0.3504299223919435,0.3504299223919435,0.0,0.0,8.0,slot003_try00,complete,3,characterization,slot003,True,0.06062667816877365,0.0009629838750697672,0.04850141331553459,0.000363294873295672,20.111219584941864,False,False,False,True,True,True,0.021255918909446336,0.07912936237050427,0.09423258900642395,0.009191812947392464
slot004_try00,4,0,tilt_only,0.0,0.0,2.4412919942861073,0.0,8.0,slot004_try00,complete,4,characterization,slot004,True,1.9754562377929688,0.03405498340725899,1.5803649425506592,0.022379901565727778,19.90734562277794,False,False,False,True,True,True,0.02779659189400263,0.07912936237050427,1.5525493621826172,0.09711236506700516
slot005_try00,5,0,offset_tilt,0.6601368025127385,0.6601368025127385,1.4125851942457595,0.0,8.0,slot005_try00,complete,5,characterization,slot005,True,2.706774950027466,0.010327452793717384,2.230252742767334,0.00888411159394309,20.042461901903152,False,False,False,True,True,True,0.02230617064924445,0.07912936237050427,2.423314094543457,0.08988377451896667
slot006_try00,6,0,centered,0.0,0.0,0.0,0.0,8.0,slot006_try00,complete,6,repeatability_control,centered_controls,True,0.0,0.0,0.0,0.0,20.109952986240387,False,False,False,True,True,True,0.02177998612751253,0.07912936237050427,0.015257937833666801,0.009302901104092598
slot007_try00,7,0,x_offset,-0.3984945774498705,0.0,0.0,0.0,8.0,slot007_try00,complete,7,characterization,slot007,True,0.0515911690890789,0.00013875406875740737,0.041273970156908035,0.0,20.099779218435287,False,False,False,True,True,True,0.022338943381328136,0.07912936237050427,0.08514108508825302,0.009499790146946907
slot008_try00,8,0,y_offset,0.0,-0.9365808593593947,0.0,0.0,8.0,slot008_try00,complete,8,characterization,slot008,True,4.162585258483887,0.018998287618160248,3.3300952911376953,0.007905720849521458,20.043035596609116,False,False,False,True,True,True,0.02683940329006873,0.07912936237050427,3.638387680053711,0.09388583898544312
slot009_try00,9,0,diagonal_offset,-0.21137713502455524,0.21137713502455524,0.0,0.0,8.0,slot009_try00,complete,9,characterization,slot009,True,0.0,0.0,0.0,0.0,20.11021003127098,False,False,False,True,True,True,0.02028467679338064,0.07912936237050427,0.013311867602169514,0.009319425560534
slot010_try00,10,0,tilt_only,0.0,0.0,0.0,3.2818242358445744,8.0,slot010_try00,complete,10,characterization,slot010,False,2.7885069847106934,0.047348178923130035,2.24344539642334,0.033892229112097993,19.29496005177498,False,False,False,True,True,True,0.019693392459885217,0.07912936237050427,2.4865756034851074,0.17076194286346436
slot011_try00,11,0,offset_tilt,-0.5190247299273111,0.5190247299273111,2.0058962341409394,0.0,8.0,slot011_try00,complete,11,characterization,slot011,True,1.9724701642990112,0.007796235382556915,1.5781645774841309,0.009605081686459016,19.930706918239594,False,False,False,True,True,True,0.024598555683041923,0.07912936237050427,1.6773818731307983,0.08868159353733063
slot012_try00,12,0,centered,0.0,0.0,0.0,0.0,8.0,slot012_try00,complete,12,repeatability_control,centered_controls,True,0.0,0.0,0.0,0.0,20.109952986240387,False,False,False,True,True,True,0.02177998612751253,0.07912936237050427,0.015257937833666801,0.009302901104092598
slot013_try00,13,0,x_offset,0.6214455116061409,0.0,0.0,0.0,8.0,slot013_try00,complete,13,characterization,slot013,True,1.4515197277069092,0.021005280315876007,1.1612157821655273,0.010457138159836177,20.091870427131653,False,False,False,True,True,True,0.02273479367431719,0.07912936237050427,1.3240426778793335,0.09268144518136978
slot014_try00,14,0,y_offset,0.0,0.9523299869510955,0.0,0.0,8.0,slot014_try00,complete,14,characterization,slot014,True,4.67907190322876,0.017697887495160103,3.743281126022339,0.0069832426561333705,19.761701673269272,False,False,False,True,True,True,0.020976769519620575,0.07912936237050427,4.085176944732666,0.09917613118886948
slot015_try00,15,0,diagonal_offset,-0.2103109424436911,-0.2103109424436911,0.0,0.0,8.0,slot015_try00,complete,15,characterization,slot015,True,0.0,0.0,0.0,0.0,20.1108880341053,False,False,False,True,True,True,0.02113785558321979,0.08846931922527276,0.014552251435816288,0.009430982172489166
slot016_try00,16,0,tilt_only,0.0,0.0,-2.638548240615676,0.0,8.0,slot016_try00,complete,16,characterization,slot016,True,1.9924941062927246,0.03466102108359337,1.5939953327178955,0.01930627695401199,19.801271706819534,False,False,False,True,True,True,0.023530563339591026,0.08846931922527276,1.6552103757858276,0.08831228315830231
slot017_try00,17,0,offset_tilt,-0.13760597750199008,-0.13760597750199008,0.7193775002040874,0.0,8.0,slot017_try00,complete,17,characterization,slot017,True,0.0,0.0,0.0,0.0,20.11202797293663,False,False,False,True,True,True,0.020758096070494503,0.07912936237050427,0.01463707908987999,0.007978076115250587
slot018_try00,18,0,centered,0.0,0.0,0.0,0.0,8.0,slot018_try00,complete,18,repeatability_control,centered_controls,True,0.0,0.0,0.0,0.0,20.109952986240387,False,False,False,True,True,True,0.02177998612751253,0.07912936237050427,0.015257937833666801,0.009302901104092598
slot019_try00,19,0,x_offset,-0.479059669365712,0.0,0.0,0.0,8.0,slot019_try00,complete,19,characterization,slot019,True,0.5210602283477783,0.0020284170750528574,0.41684824228286743,0.005737930223403964,20.044458657503128,False,False,False,True,True,True,0.02436613976897206,0.08846931922527276,0.4152781069278717,0.03180356323719025
slot020_try00,20,0,y_offset,0.0,-0.8643880387897888,0.0,0.0,8.0,slot020_try00,complete,20,characterization,slot020,True,4.172361373901367,0.016861706972122192,3.3378889560699463,0.007235111297632102,20.068326592445374,False,False,False,True,True,True,0.022458361854660325,0.07912936237050427,3.6260714530944824,0.11218579858541489
slot021_try00,21,0,diagonal_offset,0.25379694678442294,-0.25379694678442294,0.0,0.0,8.0,slot021_try00,complete,21,characterization,slot021,True,0.0,0.0,0.0,0.0,20.109975337982178,False,False,False,True,True,True,0.021034351448179223,0.08846931922527276,0.014023379422724247,0.009447933174669743
slot022_try00,22,0,tilt_only,0.0,0.0,0.0,-1.324075679349383,8.0,slot022_try00,complete,22,characterization,slot022,True,0.059050917625427246,0.0010217729723080993,0.0472407341003418,0.0020937823137501255,20.088141411542892,False,False,False,True,True,True,0.023459273506887257,0.07912936237050427,0.0971551239490509,0.007988998666405678
slot023_try00,23,0,offset_tilt,0.20530769903472781,-0.20530769903472781,0.4385134509550665,0.0,8.0,slot023_try00,complete,23,characterization,slot023,True,0.0,0.0,0.0,0.0,20.111431926488876,False,False,False,True,True,True,0.022358830392477103,0.07912936237050427,0.013488933444023132,0.007979366928339005
slot024_try00,24,0,centered,0.0,0.0,0.0,0.0,8.0,slot024_try00,complete,24,repeatability_control,centered_controls,True,0.0,0.0,0.0,0.0,20.109952986240387,False,False,False,True,True,True,0.02177998612751253,0.07912936237050427,0.015257937833666801,0.009302901104092598
slot025_try00,25,0,x_offset,0.6388830293335381,0.0,0.0,0.0,8.0,slot025_try00,complete,25,characterization,slot025,True,2.6068522930145264,0.019994301721453667,2.085481643676758,0.0152417578647146,20.13159692287445,False,False,False,True,True,True,0.02355300421186257,0.07912936237050427,2.3821828365325928,0.13882237672805786
slot026_try00,26,0,y_offset,0.0,0.8916297505745929,0.0,0.0,8.0,slot026_try00,complete,26,characterization,slot026,True,4.0938544273376465,0.016539763659238815,3.2750842571258545,0.00665552897771704,19.789455085992813,False,False,False,True,True,True,0.021518379071494564,0.07912936237050427,3.577914237976074,0.09181042015552521
slot027_try00,27,0,diagonal_offset,0.135732475495545,0.135732475495545,0.0,0.0,8.0,slot027_try00,complete,27,characterization,slot027,True,0.0,0.0,0.0,0.0,20.110560208559036,False,False,False,True,True,True,0.021080633814563043,0.07912936237050427,0.013236867263913155,0.009440148249268532
slot028_try00,28,0,tilt_only,0.0,0.0,0.6294643138950999,0.0,8.0,slot028_try00,complete,28,characterization,slot028,True,0.0,0.0,0.0,0.0,20.11139467358589,False,False,False,True,True,True,0.021731053493567742,0.07912936237050427,0.01339338906109333,0.007977787405252457
slot029_try00,29,0,offset_tilt,0.5904029390776221,0.5904029390776221,0.0,2.0098296927076067,8.0,slot029_try00,complete,29,characterization,slot029,False,3.521705150604248,0.04465682804584503,2.820145606994629,0.0331657356582582,19.504839181900024,False,False,False,True,True,True,0.021437104805954732,0.07912936237050427,3.137535333633423,0.1994582563638687
slot030_try00,30,0,centered,0.0,0.0,0.0,0.0,8.0,slot030_try00,complete,30,repeatability_control,centered_controls,True,0.0,0.0,0.0,0.0,20.109952986240387,False,False,False,True,True,True,0.02177998612751253,0.07912936237050427,0.015257937833666801,0.009302901104092598
slot031_try00,31,0,x_offset,-0.12137003647308198,0.0,0.0,0.0,8.0,slot031_try00,complete,31,characterization,slot031,True,0.0,0.0,0.0,0.0,20.11030688881874,False,False,False,True,True,True,0.020191957446513698,0.07912936237050427,0.01293968129903078,0.009485535323619843
slot032_try00,32,0,y_offset,0.0,-0.31920378050750464,0.0,0.0,8.0,slot032_try00,complete,32,characterization,slot032,True,0.0,0.0,0.0,0.0,20.110932737588882,False,False,False,True,True,True,0.02065152693830896,0.08846931922527276,0.01315280981361866,0.009531054645776749
slot033_try00,33,0,diagonal_offset,-0.5309461048793502,0.5309461048793502,0.0,0.0,8.0,slot033_try00,complete,33,characterization,slot033,True,3.673689603805542,0.015733420848846436,2.938955783843994,0.008228555088862777,19.90652233362198,False,False,False,True,True,True,0.025186378479702398,0.08846931922527276,3.1543383598327637,0.10636161267757416
slot034_try00,34,0,tilt_only,0.0,0.0,0.0,1.6793571591321752,8.0,slot034_try00,complete,34,characterization,slot034,True,1.4530906677246094,0.027728009968996048,1.3164926767349243,0.017517990272608586,20.04735693335533,False,False,False,True,True,True,0.019711304048541933,0.07912936237050427,1.2004696130752563,0.11356149613857269
slot035_try00,35,0,offset_tilt,-0.5731300583743123,0.5731300583743123,0.0,3.2577068427549563,8.0,slot035_try00,complete,35,characterization,slot035,False,3.4735636711120605,0.06399860978126526,5.4755167961120605,0.02562128247518558,18.970628827810287,False,False,False,True,True,True,0.02536432475608308,0.07912936237050427,3.1523823738098145,0.10039343684911728
slot036_try00,36,0,centered,0.0,0.0,0.0,0.0,8.0,slot036_try00,complete,36,repeatability_control,centered_controls,True,0.0,0.0,0.0,0.0,20.109952986240387,False,False,False,True,True,True,0.02177998612751253,0.07912936237050427,0.015257937833666801,0.009302901104092598
slot037_try00,37,0,x_offset,0.41044764992045735,0.0,0.0,0.0,8.0,slot037_try00,complete,37,characterization,slot037,True,0.0,0.0,0.0,0.0,20.11084333062172,False,False,False,True,True,True,0.02065137778117787,0.07912936237050427,0.012947344221174717,0.009491764940321445
slot038_try00,38,0,y_offset,0.0,0.1037401129469758,0.0,0.0,8.0,slot038_try00,complete,38,characterization,slot038,True,0.0,0.0,0.0,0.0,20.1096810400486,False,False,False,True,True,True,0.020889428924419917,0.07912936237050427,0.014704456552863121,0.009325754828751087
slot039_try00,39,0,diagonal_offset,-0.5545869176486454,-0.5545869176486454,0.0,0.0,8.0,slot039_try00,complete,39,characterization,slot039,True,2.975618362426758,0.012035469524562359,2.3804986476898193,0.009473996215092484,19.95318904519081,False,False,False,True,True,True,0.02327334186702501,0.07912936237050427,2.5425760746002197,0.10321316868066788
slot040_try00,40,0,tilt_only,0.0,0.0,-2.8917407894625375,0.0,8.0,slot040_try00,complete,40,characterization,slot040,True,6.033288955688477,0.10831572115421295,4.827573776245117,0.06580255285371095,19.810976088047028,False,False,False,True,True,True,0.03636087421909906,0.08846931922527276,4.885272979736328,0.26200687885284424
slot041_try00,41,0,offset_tilt,-0.5460242782687923,-0.5460242782687923,0.0,2.496296987074211,8.0,slot041_try00,complete,41,characterization,slot041,True,3.6956090927124023,0.013769208453595638,2.9564943313598633,0.009135278560279403,19.894307106733322,False,False,False,True,True,True,0.02076384589599911,0.07912936237050427,3.132606029510498,0.12173663824796677
slot042_try00,42,0,centered,0.0,0.0,0.0,0.0,8.0,slot042_try00,complete,42,repeatability_control,centered_controls,True,0.0,0.0,0.0,0.0,20.109952986240387,False,False,False,True,True,True,0.02177998612751253,0.07912936237050427,0.015257937833666801,0.009302901104092598
slot043_try00,43,0,x_offset,-0.9633753823147281,0.0,0.0,0.0,8.0,slot043_try00,complete,43,characterization,slot043,True,3.004607677459717,0.015788601711392403,2.4058260917663574,0.012161250197095796,19.821801781654358,False,False,False,True,True,True,0.02398737342446111,0.07912936237050427,2.6508119106292725,0.13856428861618042
slot044_try00,44,0,y_offset,0.0,-0.31704289433961996,0.0,0.0,8.0,slot044_try00,complete,44,characterization,slot044,True,0.0,0.0,0.0,0.0,20.110925287008286,False,False,False,True,True,True,0.020133566067670472,0.07912936237050427,0.01400810293853283,0.009297507815063
slot045_try00,45,0,diagonal_offset,0.6353102155056013,-0.6353102155056013,0.0,0.0,8.0,slot045_try00,complete,45,characterization,slot045,True,6.296152114868164,0.025844363495707512,5.046942710876465,0.0070487853918166365,20.11265754699707,False,False,False,True,True,True,0.022732656361768022,0.08846931922527276,5.585379600524902,0.16349655389785767
slot046_try00,46,0,tilt_only,0.0,0.0,0.0,-1.27621950222687,8.0,slot046_try00,complete,46,characterization,slot046,True,0.0007694669766351581,3.4891554605565034e-06,0.0,0.0,20.098326355218887,False,False,False,True,True,True,0.02198428410338238,0.07912936237050427,0.01709272898733616,0.007988156750798225
slot047_try00,47,0,offset_tilt,0.25560670769822824,-0.25560670769822824,0.0,1.4389780416962616,8.0,slot047_try00,complete,47,characterization,slot047,True,1.428287148475647,0.025162754580378532,1.1426019668579102,0.012711857380054425,20.021838694810867,False,False,False,True,True,True,0.020916642824886367,0.07912936237050427,1.2494581937789917,0.07592818886041641
slot048_try00,48,0,x_offset,0.5367323167498425,0.0,0.0,0.0,8.0,slot048_try00,complete,49,characterization,slot048,True,1.8915989130618982e-05,8.524093431105939e-08,0.0,0.0,20.11018767952919,False,False,False,True,True,True,0.02139515163435135,0.07912936237050427,0.013444962911307812,0.009538744576275349
slot049_try00,49,0,y_offset,0.0,0.4771642268969194,0.0,0.0,8.0,slot049_try00,complete,50,characterization,slot049,True,0.6471665501594543,0.0022746422328054905,0.5177331566810608,0.003050676468774327,20.103824883699417,False,False,False,True,True,True,0.023758992028888315,0.07912936237050427,0.5403605103492737,0.030039669945836067
slot050_try00,50,0,diagonal_offset,0.5516971156315889,0.5516971156315889,0.0,0.0,8.0,slot050_try00,complete,51,characterization,slot050,True,6.231853008270264,0.023790040984749794,5.033565521240234,0.005148045147507219,19.997013360261917,False,False,False,True,True,True,0.022308789993985556,0.08846931922527276,5.540461540222168,0.15567843616008759
slot051_try00,51,0,tilt_only,0.0,0.0,0.5550446918630467,0.0,8.0,slot051_try00,complete,52,characterization,slot051,True,0.0,0.0,0.0,0.0,20.115559548139572,False,False,False,True,True,True,0.021381363694672473,0.07912936237050427,0.015545525588095188,0.007977326400578022
slot052_try00,52,0,offset_tilt,0.08129874896641769,0.08129874896641769,-3.135280371826983,0.0,8.0,slot052_try00,complete,53,characterization,slot052,True,6.813978672027588,0.13036520779132843,6.426990509033203,0.10251889762002975,19.84431743621826,False,False,False,True,True,True,0.06217410555109382,0.10467831195095843,5.321119785308838,0.3835667073726654
slot053_try00,53,0,x_offset,-0.6138493531231427,0.0,0.0,0.0,8.0,slot053_try00,complete,55,characterization,slot053,True,1.966554880142212,0.0077382102608680725,1.5732439756393433,0.003312847638881067,19.95622143149376,False,False,False,True,True,True,0.022382500901585445,0.07912936237050427,1.6687544584274292,0.07159531116485596
slot054_try00,54,0,y_offset,0.0,-0.17519738870331208,0.0,0.0,8.0,slot054_try00,complete,56,characterization,slot054,True,0.0,0.0,0.0,0.0,20.11100724339485,False,False,False,True,True,True,0.02324380329810083,0.08846931922527276,0.014772417955100536,0.00947815366089344
slot055_try00,55,0,diagonal_offset,-0.4274381922989471,0.4274381922989471,0.0,0.0,8.0,slot055_try00,complete,57,characterization,slot055,True,2.3732388019561768,0.00959419272840023,1.8986066579818726,0.005344673354557017,19.972985237836838,False,False,False,True,True,True,0.024357050278922543,0.08846931922527276,2.036573886871338,0.06716111302375793
slot056_try00,56,0,tilt_only,0.0,0.0,0.0,1.075885572800923,8.0,slot056_try00,complete,58,characterization,slot056,True,0.0,0.0,0.0,0.0,20.07877603173256,False,False,False,True,True,True,0.024913799279602244,0.07912936237050427,0.01936272718012333,0.007967302575707436
slot057_try00,57,0,offset_tilt,-0.08898289024451483,0.08898289024451483,-2.0306901981813117,0.0,8.0,slot057_try00,complete,59,characterization,slot057,True,3.1601436138153076,0.05530107766389847,2.528125047683716,0.041269027860835195,19.87421289086342,False,False,False,True,True,True,0.022342235752148554,0.08846931922527276,2.562838077545166,0.13704070448875427
slot058_try00,58,0,x_offset,0.5585542623690949,0.0,0.0,0.0,8.0,slot058_try00,complete,61,characterization,slot058,True,1.1031244993209839,0.017499824985861778,0.882587194442749,0.0035094756185571896,20.118025690317154,False,False,False,True,True,True,0.022519243429997005,0.08846931922527276,0.9816558957099915,0.06611759215593338
slot059_try00,59,0,y_offset,0.0,0.32581467448785395,0.0,0.0,8.0,slot059_try00,complete,62,characterization,slot059,True,0.0,0.0,0.0,0.0,20.11100724339485,False,False,False,True,True,True,0.022790789444115944,0.07912936237050427,0.01515964511781931,0.009427761659026146
slot060_try00,60,0,diagonal_offset,-0.6838130334854768,-0.6838130334854768,0.0,0.0,8.0,slot060_try00,complete,63,characterization,slot060,True,3.107069969177246,0.012110400013625622,2.5131947994232178,0.010063879926747177,19.879100471735,False,False,False,True,True,True,0.023241353119374253,0.07912936237050427,2.778972625732422,0.11846540123224258
slot061_try00,61,0,tilt_only,0.0,0.0,-0.34336061360042724,0.0,8.0,slot061_try00,complete,64,characterization,slot061,True,0.0,0.0,0.0,0.0,20.110739022493362,False,False,False,True,True,True,0.021896679754718207,0.07912936237050427,0.014076191931962967,0.007974284701049328
slot062_try00,62,0,offset_tilt,-0.595925055770142,-0.595925055770142,-1.1880103018918606,0.0,8.0,slot062_try00,complete,65,characterization,slot062,True,3.1656625270843506,0.01179463043808937,2.5325300693511963,0.00934290983423125,19.935613125562668,False,False,False,True,True,True,0.023123468054109253,0.07912936237050427,2.699380397796631,0.10630040615797043
slot063_try00,63,0,x_offset,-0.6114748060660882,0.0,0.0,0.0,8.0,slot063_try00,complete,67,characterization,slot063,True,2.3682961463928223,0.009584070183336735,1.894636631011963,0.004295988674130058,19.98581886291504,False,False,False,True,True,True,0.02281315937580075,0.07912936237050427,2.0018718242645264,0.08502868562936783
slot064_try00,64,0,y_offset,0.0,-0.24748462451742564,0.0,0.0,8.0,slot064_try00,complete,68,characterization,slot064,True,0.0,0.0,0.0,0.0,20.109859853982925,False,False,False,True,True,True,0.02029770621447824,0.08846931922527276,0.013398393988609314,0.009290830232203007
slot065_try00,65,0,diagonal_offset,0.6916929679092041,-0.6916929679092041,0.0,0.0,8.0,slot065_try00,complete,69,characterization,slot065,True,5.3071088790893555,0.026661042124032974,4.245690822601318,0.008163011443684809,20.098818093538284,False,False,False,True,True,True,0.02247860174975358,0.07912936237050427,4.725115776062012,0.13876739144325256
slot066_try00,66,0,tilt_only,0.0,0.0,0.0,-0.4321777303395501,8.0,slot066_try00,complete,70,characterization,slot066,True,0.0,0.0,0.0,0.0,20.11127546429634,False,False,False,True,True,True,0.021159961761441082,0.07912936237050427,0.014601925387978554,0.007979805581271648
slot067_try00,67,0,offset_tilt,0.5944942431572773,-0.5944942431572773,-2.130527900193087,0.0,8.0,slot067_try00,complete,71,characterization,slot067,True,4.261092662811279,0.0171052236109972,3.5637261867523193,0.0076263004302745685,20.065361261367798,False,False,False,True,True,True,0.023164744561654516,0.08846931922527276,3.807574987411499,0.10170014947652817
slot068_try00,68,0,x_offset,0.7645967366942434,0.0,0.0,0.0,8.0,slot068_try00,complete,73,characterization,slot068,True,6.718802452087402,0.026068488135933876,5.406911849975586,0.006655528068222338,20.181523263454437,False,False,False,True,True,True,0.02201860297645908,0.08846931922527276,6.008847236633301,0.16973651945590973
slot069_try00,69,0,y_offset,0.0,0.12517108111822509,0.0,0.0,8.0,slot069_try00,complete,74,characterization,slot069,True,0.0,0.0,0.0,0.0,20.11053040623665,False,False,False,True,True,True,0.023954857169883326,0.07912936237050427,0.013985349796712399,0.009328614920377731
slot070_try00,70,0,diagonal_offset,0.3748384522356429,0.3748384522356429,0.0,0.0,8.0,slot070_try00,complete,75,characterization,slot070,True,0.33440008759498596,0.005320116877555847,0.2677096426486969,0.0013465645452015451,20.10771408677101,False,False,False,True,True,True,0.022709778932039626,0.07912936237050427,0.2848377227783203,0.020871875807642937
slot071_try00,71,0,tilt_only,0.0,0.0,2.073272869308883,0.0,8.0,slot071_try00,complete,76,characterization,slot071,True,1.9323738813400269,0.03438199684023857,1.545920491218567,0.02075926386169158,20.03200873732567,False,False,False,True,True,True,0.022729309421265498,0.07912936237050427,1.4773728847503662,0.1096084713935852
slot072_try00,72,0,offset_tilt,0.12076612441605024,0.12076612441605024,0.0,-0.4259549748795561,8.0,slot072_try00,complete,77,characterization,slot072,True,0.0,0.0,0.0,0.0,20.11153995990753,False,False,False,True,True,True,0.021385500076576136,0.08846931922527276,0.01294778473675251,0.007979883812367916
slot073_try00,73,0,x_offset,-0.20331650128958045,0.0,0.0,0.0,8.0,slot073_try00,complete,79,characterization,slot073,True,0.0,0.0,0.0,0.0,20.110273361206055,False,False,False,True,True,True,0.020918128939229064,0.08846931922527276,0.014450584538280964,0.009263836778700352
slot074_try00,74,0,y_offset,0.0,-0.5108227814808471,0.0,0.0,8.0,slot074_try00,complete,80,characterization,slot074,True,0.2745639681816101,0.0019973141606897116,0.2197691798210144,0.0010878699185923324,20.107483118772507,False,False,False,True,True,True,0.022619979063165374,0.07912936237050427,0.20902584493160248,0.015063389204442501
slot075_try00,75,0,diagonal_offset,-0.5389598057122834,0.5389598057122834,0.0,0.0,8.0,slot075_try00,complete,81,characterization,slot075,True,3.6597583293914795,0.02355249412357807,2.927828788757324,0.006524442596855806,19.912218302488327,False,False,False,True,True,True,0.0252303943852894,0.08846931922527276,3.1340529918670654,0.10587888211011887
slot076_try00,76,0,tilt_only,0.0,0.0,0.0,3.405456945021944,8.0,slot076_try00,complete,82,characterization,slot076,False,1.1932965517044067,0.021972469985485077,1.7612011432647705,0.008073372555372771,18.70655044913292,True,False,False,True,True,True,0.020654082618420944,0.07912936237050427,1.1465281248092651,0.08227674663066864
slot077_try00,77,0,offset_tilt,-0.5298514528896493,0.5298514528896493,0.0,-2.3298679099276756,8.0,slot077_try00,complete,83,characterization,slot077,False,2.206845760345459,0.03092491254210472,1.765509843826294,0.021206336896284483,19.409464299678802,False,False,False,True,True,True,0.0219237626879476,0.07912936237050427,1.929506778717041,0.15198665857315063
slot078_try00,78,0,x_offset,0.3627991377567491,0.0,0.0,0.0,8.0,slot078_try00,complete,85,characterization,slot078,True,0.0,0.0,0.0,0.0,20.11042609810829,False,False,False,True,True,True,0.02391045563854277,0.07912936237050427,0.014661780558526516,0.009475070051848888
slot079_try00,79,0,y_offset,0.0,0.2753005744299152,0.0,0.0,8.0,slot079_try00,complete,86,characterization,slot079,True,0.0,0.0,0.0,0.0,20.11057510972023,False,False,False,True,True,True,0.02314606899744831,0.07912936237050427,0.012963628396391869,0.009362411685287952
slot080_try00,80,0,diagonal_offset,-0.3235009087579844,-0.3235009087579844,0.0,0.0,8.0,slot080_try00,complete,87,characterization,slot080,True,0.16978244483470917,0.0004540171648841351,0.1358259618282318,0.0006255940547816863,20.052587240934372,False,False,False,True,True,True,0.02407181091257371,0.08846931922527276,0.13805018365383148,0.01796303130686283
slot081_try00,81,0,tilt_only,0.0,0.0,-1.9475889515619211,0.0,8.0,slot081_try00,complete,88,characterization,slot081,True,2.6946604251861572,0.04644466191530228,2.155728340148926,0.034115764719899744,19.969502091407776,False,False,False,True,True,True,0.02106317515426781,0.08846931922527276,2.210951566696167,0.11909196525812149
slot082_try00,82,0,offset_tilt,-0.4888774991487742,-0.4888774991487742,0.0,-0.8952396607248154,8.0,slot082_try00,complete,89,characterization,slot082,True,3.0889010429382324,0.02073528803884983,2.471174955368042,0.014388374438567553,19.765907526016235,False,False,False,True,True,True,0.02106585270666983,0.07912936237050427,2.624049663543701,0.12031391263008118
slot083_try00,83,0,x_offset,-0.4503275241119091,0.0,0.0,0.0,8.0,slot083_try00,complete,91,characterization,slot083,True,0.3870319426059723,0.001431554788723588,0.3096255362033844,0.000363294873295672,20.07211521267891,False,False,False,True,True,True,0.023869019059929997,0.07912936237050427,0.2945171594619751,0.02896444872021675
slot084_try00,84,0,y_offset,0.0,-0.9285987973896798,0.0,0.0,8.0,slot084_try00,complete,92,characterization,slot084,True,4.662954807281494,0.01883768104016781,3.7303810119628906,0.007966384146129712,20.063085108995438,False,False,False,True,True,True,0.0218474287976278,0.07912936237050427,4.051878929138184,0.11862073093652725
slot085_try00,85,0,diagonal_offset,0.23724250603189867,-0.23724250603189867,0.0,0.0,8.0,slot085_try00,complete,93,characterization,slot085,True,0.0,0.0,0.0,0.0,20.11028826236725,False,False,False,True,True,True,0.022990681827650405,0.08846931922527276,0.013505910523235798,0.009486493654549122
slot086_try00,86,0,tilt_only,0.0,0.0,0.0,-2.483185874442199,8.0,slot086_try00,complete,94,characterization,slot086,True,1.297118902206421,0.022350048646330833,1.037695288658142,0.01790917849575635,19.788337498903275,False,False,False,True,True,True,0.022067533791414462,0.07912936237050427,0.9943849444389343,0.1049925908446312
slot087_try00,87,0,offset_tilt,0.5041717358936012,-0.5041717358936012,0.0,-3.050696496209753,8.0,slot087_try00,complete,95,characterization,slot087,True,2.88264799118042,0.04086495190858841,3.072314500808716,0.016567963029956445,19.510840624570847,False,False,False,True,True,True,0.023299238819163293,0.07912936237050427,2.592134714126587,0.11748253554105759
slot088_try00,88,0,x_offset,0.6198219746337602,0.0,0.0,0.0,8.0,slot088_try00,complete,97,characterization,slot088,True,1.327848196029663,0.02012012153863907,1.0622786283493042,0.008621812412457075,20.12385204434395,False,False,False,True,True,True,0.022394400730263442,0.07912936237050427,1.2112349271774292,0.08403890579938889
slot089_try00,89,0,y_offset,0.0,0.7823363537906097,0.0,0.0,8.0,slot089_try00,complete,98,characterization,slot089,True,2.6714932918548584,0.010778253898024559,2.137200117111206,0.0070487853918166365,19.868695735931396,False,False,False,True,True,True,0.02297884930158034,0.08846931922527276,2.3543806076049805,0.061367619782686234
slot090_try00,90,0,diagonal_offset,0.6891023357536068,0.6891023357536068,0.0,0.0,8.0,slot090_try00,complete,99,characterization,slot090,True,6.24135684967041,0.02517334185540676,4.993266582489014,0.007048784482321935,19.835715740919113,False,False,False,True,True,True,0.022017502487869933,0.07912936237050427,5.547019958496094,0.15201103687286377
slot091_try00,91,0,tilt_only,0.0,0.0,3.1924040876624575,0.0,8.0,slot091_try00,complete,100,characterization,slot091,True,3.186877965927124,0.05409281328320503,2.54950213432312,0.03305396603536792,19.65901032090187,False,False,False,True,True,True,0.02276924169564154,0.07912936237050427,2.644263744354248,0.1861562281847
slot092_try00,92,0,offset_tilt,0.28438135538502607,0.28438135538502607,2.606014676289489,0.0,8.0,slot092_try00,complete,101,characterization,slot092,True,1.5672603845596313,0.026971591636538506,1.253751277923584,0.01667973083385732,20.06155773997307,False,False,False,True,True,True,0.020981904526706785,0.06852804166478502,1.307463526725769,0.08060235530138016
slot093_try00,93,0,x_offset,-0.6051016208648774,0.0,0.0,0.0,8.0,slot093_try00,complete,103,characterization,slot093,True,2.4037296772003174,0.0150991752743721,1.9229838848114014,0.0024607913928775815,19.9919655919075,False,False,False,True,True,True,0.022379490474122576,0.07912936237050427,2.039231538772583,0.08641459792852402
slot094_try00,94,0,y_offset,0.0,-0.5608778983040522,0.0,0.0,8.0,slot094_try00,complete,104,characterization,slot094,True,1.1966551542282104,0.004391864873468876,0.9573241472244263,0.006524442596855806,20.076920837163925,False,False,False,True,True,True,0.022853748305351473,0.08846931922527276,1.017682433128357,0.06051401421427727
slot095_try00,95,0,diagonal_offset,-0.5299711797840101,0.5299711797840101,0.0,0.0,8.0,slot095_try00,complete,105,characterization,slot095,True,3.0553507804870605,0.012358508072793484,2.4442827701568604,0.005344673354557017,19.908150285482407,False,False,False,True,True,True,0.024515713448636234,0.07912936237050427,2.617347478866577,0.0938858762383461
slot096_try00,96,0,tilt_only,0.0,0.0,0.0,3.402399336088454,8.0,slot096_try00,complete,106,characterization,slot096,False,1.1839799880981445,0.022174427285790443,1.8035773038864136,0.007245413144119084,18.71417984366417,True,False,False,True,True,True,0.021213474610703997,0.07912936237050427,1.139009714126587,0.08632076531648636
slot097_try00,97,0,offset_tilt,-0.28822682889638496,0.28822682889638496,3.9141060878160507,0.0,8.0,slot097_try00,complete,107,characterization,slot097,False,2.6071391105651855,0.02982388064265251,3.3945670127868652,0.01668370168772526,16.586174815893173,True,False,False,True,True,True,0.021960839148960076,0.07912936237050427,2.50102162361145,0.06669416278600693
slot098_try00,98,0,tilt_only,0.0,0.0,-1.2673857561087387,0.0,8.0,slot098_try00,complete,112,characterization,slot098,True,0.0,0.0,0.0,0.0,20.112132281064987,False,False,False,True,True,True,0.023400760255753994,0.08846931922527276,0.013394619338214397,0.007971647195518017
slot099_try00,99,0,offset_tilt,-0.13668124019861957,-0.13668124019861957,2.5058012691349103,0.0,8.0,slot099_try00,complete,113,characterization,slot099,True,1.7491708993911743,0.03333630785346031,1.6782307624816895,0.021821058908244595,20.001349598169327,False,False,False,True,True,True,0.023519654860137962,0.07912936237050427,1.317397117614746,0.1101214587688446
