intervention,trigger_time_s,trigger_depth_mm,trigger_eta_raw,commanded_retract_mm,hand_target_retract_mm,actual_retract_mm,max_actual_retract_mm,safe_target_crossed,time_to_0_5_mm_s,sustained_0_5_mm_at_recovery_end,online_verified,recovery_status,recovery_end_time_s,recovery_end_depth_mm,recovery_safety_stop,before_samples,after_samples,after_window_duration_s,rejoin_started,rejoin_start_time_s,retry_started,retry_start_time_s,retry_observed_s,retry_evaluable,stall_observed_after_retry,stall_after_retry,first_stall_before_trigger,trigger_wrist_force_n,after_wrist_force_n,before_mean_wrist_force_n,after_mean_wrist_force_n,trigger_wrist_torque_nm,after_wrist_torque_nm,before_mean_wrist_torque_nm,after_mean_wrist_torque_nm,trigger_normal_load_n,after_normal_load_n,before_mean_normal_load_n,after_mean_normal_load_n,trigger_force_norm_n,after_force_norm_n,before_mean_force_norm_n,after_mean_force_norm_n,trigger_torque_norm_nm,after_torque_norm_nm,before_mean_torque_norm_nm,after_mean_torque_norm_nm,trigger_fx,after_fx,before_mean_fx,after_mean_fx,trigger_fy,after_fy,before_mean_fy,after_mean_fy,trigger_fz,after_fz,before_mean_fz,after_mean_fz,trigger_taux,after_taux,before_mean_taux,after_mean_taux,trigger_tauy,after_tauy,before_mean_tauy,after_mean_tauy,trigger_tauz,after_tauz,before_mean_tauz,after_mean_tauz,normal_load_drop_n,contact_load_decreased,load_decreased_after_verified_unloading,actual_dx_mm,actual_dy_mm,actual_droll_deg,actual_dpitch_deg,trigger_x_mm,trigger_y_mm,trigger_roll_deg,trigger_pitch_deg,after_x_mm,after_y_mm,after_roll_deg,after_pitch_deg,lateral_error_before_mm,lateral_error_after_mm,tilt_error_before_deg,tilt_error_after_deg,verification_time_s,retry_ready_time_s,ready_to_retry,time_to_verified_unloading_s,commanded_relax_fraction,commanded_relax_x_mm,commanded_relax_y_mm,commanded_relax_roll_deg,commanded_relax_pitch_deg,relax_end_actual_retreat_mm,relax_end_normal_load_n,relax_end_x_mm,relax_end_y_mm,relax_end_roll_deg,relax_end_pitch_deg,verified_mean_normal_load_n,verified_mean_wrist_force_n,verified_mean_wrist_torque_nm,retry_success,repeated_stall,case_id,family,severity,split,policy,detector_id,run_id,trigger_branch,trigger_phase,trigger_actual_progress_rate_mm_s,trigger_command_progress_rate_mm_s,trigger_diagnostic_normal_load_n
1,10.79999999984284,19.48547139763832,,0.5918830475983796,0.5918517708778381,0.6051361560821533,0.6855875253677368,True,1.6083333331527676,True,True,verified,12.908333333145492,18.880335241556168,False,13,13,0.09999999999854481,True,12.916666666478704,True,13.416666666471428,0.19166666666387755,False,False,,False,0.5755181908607483,0.004710489884018898,0.5796379722081698,0.002738356267890105,0.06674723327159882,0.0004205392033327371,0.068633211346773,0.0002613871631463273,0.45693883299827576,0.0,0.48932570219039917,0.0,0.5709609389305115,0.0,0.5800082500164325,0.0,0.0015549104427918792,0.0,0.0021456593844609764,0.0,0.39155271649360657,0.0,0.40139177900094253,0.0,-0.2376156896352768,0.0,-0.2801021555295357,0.0,0.34091293811798096,0.0,0.3070289504069548,0.0,0.0005560214631259441,0.0,0.0012380299292719709,0.0,0.001447470742277801,0.0,0.0017431192010497819,0.0,-0.00011582331353565678,0.0,-4.0960540340725296e-05,0.0,0.48932570219039917,True,True,0.35703182220458984,-0.2905451065089437,0.01550464142275132,0.003051364534513823,-0.4100203514099121,0.3013000823557377,-0.011585501316473946,0.0136050000991524,-0.052988529205322266,0.010754975846793968,0.003919140106278494,0.016656364633673346,0.5088206247764354,0.0540689719969634,0.017869523453409617,0.01711122853516149,12.658333333333333,12.908333333333333,True,1.8583333333333325,1.0,0.4100203514099121,-0.3013000823557377,0.011585501316460523,-0.013605000099147446,0.019516795873641968,0.0,-0.02586841583251953,0.027714957468560897,0.00104534921321076,0.004187319061620333,0.0,0.0058524268858421305,0.0006670128249634916,True,,ft023_oblique_offset_severe_v3,oblique_offset,severe,held_out,productivity,productivity,held_out/ft023_oblique_offset_severe_v3/productivity,terminal,hold,0.005587935447692871,0.0,0.45693883299827576
1,9.799999999857391,18.97086724638939,0.5199360823938816,0.5709652596932848,0.6287246942520142,0.6222426891326904,0.6946511566638947,True,1.5916666665008954,True,True,verified,11.89166666649362,18.3486245572567,False,13,13,0.09999999999854481,True,11.899999999826832,True,12.399999999819556,0.3083333333288465,False,False,,False,1.2626128196716309,0.0028299009427428246,1.4000161336018488,0.0015613014581434142,0.06010156869888306,0.00023444951511919498,0.07165159757893819,0.0002753802232641297,2.066828966140747,0.0,4.661465268868667,0.0,2.1742985248565674,0.0,1.847856613305899,0.0,0.0014082326088100672,0.0,0.046012627659365535,0.0,0.015007279813289642,0.0,0.01433173194527626,0.0,2.068033456802368,0.0,-0.355669392989232,0.0,-0.6712573766708374,0.0,0.5502467728578128,0.0,0.0010326614137738943,0.0,0.04447739419097511,0.0,-0.0008962423307821155,0.0,-0.0013133218811932378,0.0,-0.0003368668840266764,0.0,-0.00027904126797623647,0.0,4.661465268868667,True,True,0.07581710815429688,0.47075342445168644,3.341562470619266,-0.04402479007055149,0.0,-0.5521614220924675,-3.43292753430448,0.0142629558689766,0.07581710815429688,-0.0814079976407811,-0.09136506368521893,-0.029761834201588372,0.5521614220924675,0.1112452064979061,3.4329571636849705,0.09609027857825654,11.641666666666666,11.891666666666666,True,1.841666666666665,1.0,0.0,0.5521614220924675,3.4329275343044685,-0.014262955868986182,0.022493302822113037,0.5264231562614441,0.0171661376953125,-0.5281560006551445,-1.8848387253869172,0.01830827904286964,0.0,0.006515132603593743,0.0007598006542628774,True,,ft025_axis_tilt_moderate_v1,axis_tilt,moderate,held_out,force,force,held_out/ft025_axis_tilt_moderate_v1/force,force,insert,0.6172209978103638,1.1871093749996433,2.066828966140747
1,9.99999999985448,18.94717440009117,0.03847868546198087,0.5813867187500001,0.6411746144294739,0.6316155195236206,0.6957128643989563,True,1.5999999998311978,True,True,verified,12.099999999823922,18.31555888056755,False,13,13,0.09999999999854481,True,12.108333333157134,True,12.608333333149858,0.31666666666205856,False,False,,False,2.817857503890991,0.002809197874739766,1.9520543527144651,0.0017722841988031107,0.10684477537870407,0.0002604017499834299,0.1251953335908743,0.00029092871185499604,10.620250701904297,0.0,5.477672879512493,0.0,3.891373872756958,0.0,2.675131930754735,0.0,0.1378893256187439,0.0,0.05749799628392793,0.0,0.49754512310028076,0.0,0.031781734755406015,0.0,-3.749290943145752,0.0,-0.644770778142489,0.0,0.9154540300369263,0.0,0.6681771885890228,0.0,0.13708114624023438,0.0,0.05611921797613972,0.0,0.014804468490183353,0.0,-0.003167257218872412,0.0,-0.0017464915290474892,0.0,0.0004745802568952338,0.0,5.477672879512493,True,True,0.06890296936035156,0.5041318800067529,3.4146360508399027,-0.027543525330116836,-0.0023245811462402344,-0.5792687297798693,-3.4882777684373827,0.009835163737811795,0.06657838821411133,-0.07513684977311641,-0.07364171759747362,-0.017708361592310626,0.5792733939844715,0.10039037788063546,3.488291633481959,0.07574093108082365,11.85,12.1,True,1.8499999999999996,1.0,0.0023245811462402344,0.5792687297798693,3.4882777684373707,-0.009835163737818675,0.12448430061340332,0.3882826268672943,-0.01823902130126953,-0.527495052665472,-1.8940912136487724,0.0206254615639684,0.0,0.006670859928887624,0.0008444152459000739,True,,ft025_axis_tilt_moderate_v1,axis_tilt,moderate,held_out,productivity,productivity,held_out/ft025_axis_tilt_moderate_v1/productivity,normal,insert,0.025928020477294922,0.6738281249995737,10.620250701904297
1,10.79999999984284,19.18015405535698,,0.61309814453125,0.6699636578559875,0.6290152668952942,0.7166191935539246,True,1.6249999998191917,True,True,verified,12.924999999811916,18.551138788461685,False,13,13,0.09999999999854481,True,12.933333333145129,True,13.433333333137853,0.26666666666278616,False,False,,False,0.6260075569152832,0.003393280552700162,0.6340841100766108,0.0032226009419761025,0.0036511814687401056,0.0005206851055845618,0.004698995285882399,0.0005394803682485452,6.157055377960205,0.0,6.208294244912954,0.0,0.6216111183166504,0.0,0.6354062236272372,0.0,0.058703552931547165,0.0,0.05923766642808914,0.0,0.389740914106369,0.0,0.4024975643708156,0.0,0.02787633240222931,0.0,0.01035189743225391,0.0,0.4834514260292053,0.0,0.48866949860866254,0.0,-0.0013334674295037985,0.0,-0.0010843796324199783,0.0,0.05868769437074661,0.0,0.059221021831035614,0.0,0.0002886707952711731,0.0,0.00030912574192580697,0.0,6.208294244912954,True,True,-0.5102753639221191,0.002630871904329979,0.007733097956673873,3.314217706351542,0.5728602409362793,0.0016012652395147597,-0.003286695570670817,-3.411183917602967,0.06258487701416016,0.004232137143844739,0.0044464023860021715,-0.09696621125142027,0.5728624788690033,0.06272780735592359,3.4111855009777607,0.09706810299286428,12.675,12.924999999999999,True,1.875,1.0,-0.5728602409362793,-0.0016012652395147597,0.003286695570665188,3.411183917602955,0.18795952200889587,1.0251288414001465,0.5306005477905273,-0.04005174560006708,0.0011131989171494262,-1.8869191561977674,0.0,0.007032637985853048,0.0006297721679752263,True,,ft026_axis_tilt_moderate_v2,axis_tilt,moderate,held_out,productivity,productivity,held_out/ft026_axis_tilt_moderate_v2/productivity,terminal,hold,0.00030547380447387695,0.0,6.157055377960205
1,10.899999999841384,19.43446844816208,,0.5813867187500001,0.6367191672325134,0.5981624126434326,0.6776005029678345,True,1.5999999998181007,True,True,verified,12.999999999810825,18.836306035518646,False,13,13,0.09999999999854481,True,13.008333333144037,True,13.508333333136761,0.21666666666351375,False,False,,False,0.37263134121894836,0.00611344026401639,0.5785897993124448,0.0046579241304873275,0.030115483328700066,0.0003614276647567749,0.01952529985171098,0.0007745253320675916,5.025369644165039,0.0,5.695231511042668,0.0,0.47391530871391296,0.0,0.6388709109563094,0.0,0.05195411294698715,0.0,0.05567589316230554,0.0,-0.42918679118156433,0.0,-0.3807796469101539,0.0,-0.20039032399654388,0.0,-0.004302683931130629,0.0,0.015431821346282959,0.0,0.326614325436262,0.0,0.0006043083849363029,0.0,-0.0025757624881897266,0.0,-0.05195055902004242,0.0,-0.05542158650664183,0.0,6.298287189565599e-05,0.0,0.0002794550535747056,0.0,5.695231511042668,True,True,0.5242824554443359,-0.008531283583579352,0.007332481366745469,-3.2601085839328903,-0.5715489387512207,0.012846862773585599,-0.0013513917082080462,3.3594626467434585,-0.047266483306884766,0.004315579190006247,0.005981089658524074,0.09935406281057897,0.5716933017543322,0.0474630874253375,3.359462918551731,0.0995339300463504,12.75,13.0,True,1.8499999999999996,1.0,0.5715489387512207,-0.012846862773585599,0.0013513917081979798,-3.3594626467434523,-0.13272464275360107,0.02822997234761715,-0.5232691764831543,0.039575559640070423,0.004857080787109651,1.892395718884677,0.0,0.005833988489869695,0.0009624717310473968,True,,ft027_axis_tilt_moderate_v3,axis_tilt,moderate,held_out,productivity,productivity,held_out/ft027_axis_tilt_moderate_v3/productivity,terminal,hold,-0.0002086162567138672,0.0,5.025369644165039
1,8.499999999876309,15.691643208265306,0.69417201229027,0.6896296296296303,0.7814168930053711,0.6622783839702606,0.7625594735145569,True,1.6833333331851463,True,True,verified,10.68333333317787,15.029364824295046,False,13,13,0.09999999999854481,True,10.691666666511082,True,11.191666666503806,1.1916666666493256,True,False,False,False,1.266196846961975,0.0018130671232938766,1.2902371149796705,0.0031385967830339302,0.03728209063410759,0.0003741089894901961,0.070354141581517,0.0005943102475542289,7.671160697937012,0.0,5.268325989062969,0.0,1.2833391427993774,0.0,1.366426958487584,0.0,0.0700884535908699,0.0,0.053052757221918836,0.0,-0.10715612769126892,0.0,-0.04847792392739883,0.0,0.5292097330093384,0.0,0.6466579047533182,0.0,1.1642224788665771,0.0,0.9007645902725366,0.0,-0.07001525163650513,0.0,-0.05295146041764663,0.0,-0.0031871451064944267,0.0,-0.0014235163622428305,0.0,-0.00031250176834873855,0.0,-0.00012317287473706529,0.0,5.268325989062969,True,True,-0.02288818359375,-0.517230699188076,-4.200107972451491,-0.01892870465417218,-0.0027418136596679688,0.5911417538300157,4.295010579982505,0.023441798127516587,-0.02562999725341797,0.0739110546419397,0.09490260753102096,0.004513093473341318,0.5911481122894424,0.07822877192883708,4.29507455116452,0.09500985700908149,10.433333333333334,10.683333333333334,True,1.9333333333333336,1.0,0.0027418136596679688,-0.5911417538300157,-4.295010579982517,-0.02344179812752145,0.12286379933357239,0.6197499632835388,0.019550323486328125,0.5339613417163491,2.3423273083490335,0.008089603912964377,0.0,0.006150123878167226,0.0009588263884115105,True,False,ft028_axis_tilt_severe_v0,axis_tilt,severe,held_out,force,force,held_out/ft028_axis_tilt_severe_v0/force,force,insert,2.6641562581062317,3.8378906250000284,7.671160697937012
1,8.799999999871943,15.674857050180437,0.1284581078274324,0.7008448169849526,0.803828239440918,0.6570443511009216,0.7579848170280457,True,1.6916666665139921,True,True,verified,10.991666666506717,15.017812699079515,False,13,13,0.09999999999854481,True,10.999999999839929,True,11.499999999832653,1.1833333333161136,True,False,False,False,0.7958292961120605,0.0018215642776340246,1.692422811801617,0.003231103505151203,0.046484533697366714,0.000422531709773466,0.06238980068323704,0.0006180057109584316,16.132246017456055,0.0,14.868248572716347,0.0,0.6788257360458374,0.0,1.8001399773817797,0.0,0.11032537370920181,0.0,0.10624814205444776,0.0,0.00419306755065918,0.0,0.05526246359715095,0.0,0.5509481430053711,0.0,0.5326395905934848,0.0,0.3965386748313904,0.0,1.4080868363380432,0.0,-0.11031950265169144,0.0,-0.10623430632627927,0.0,0.001016932656057179,0.0,0.0009973410722942879,0.0,-0.0005117002874612808,0.0,9.296994036188922e-05,0.0,14.868248572716347,True,True,-0.04649162292480469,-0.5531435745069757,-4.424527342989791,-0.028407542534807817,-0.0023245811462402344,0.6400011479854584,4.550465603915507,0.03907936976856124,-0.04881620407104492,0.08685757347848266,0.12593826092570484,0.010671827233752975,0.6400053695870137,0.09963563544473392,4.550633407511489,0.12638960978457836,10.741666666666667,10.991666666666667,True,1.9416666666666664,1.0,0.0023245811462402344,-0.6400011479854584,-4.550465603915512,-0.03907936976855808,0.1359507441520691,0.5080453753471375,-0.006496906280517578,0.5350761348381639,2.489211037872609,0.019954653817415707,0.0,0.005957434598643046,0.0009490979853301094,True,False,ft028_axis_tilt_severe_v0,axis_tilt,severe,held_out,productivity,productivity,held_out/ft028_axis_tilt_severe_v0/productivity,normal,insert,0.42797625064849854,3.331640624999956,16.132246017456055
1,8.999999999869033,16.738442331552505,0.33320310485639526,0.5813867187500001,0.6696507334709167,0.6373226642608643,0.6965473294258118,True,1.5999999998457497,True,True,verified,11.099999999838474,16.10111966729164,False,13,13,0.09999999999854481,True,11.108333333171686,True,11.60833333316441,0.9249999999865395,True,False,False,False,2.4503583908081055,0.0029304660856723785,1.4462623687890859,0.00219701265450567,0.02206662856042385,0.0003135253500659019,0.04336969235625405,0.0003030258421159278,16.762056350708008,0.0,14.657050206111027,0.0,2.6634819507598877,0.0,1.5448240408530602,0.0,0.13379713892936707,0.0,0.11718043971520203,0.0,0.12660910189151764,0.0,0.01892326084467081,0.0,-0.9082307815551758,0.0,-0.6256489398387762,0.0,2.5006446838378906,0.0,1.1695727683030641,0.0,0.13379642367362976,0.0,0.11712923531348889,0.0,-0.0003311488253530115,0.0,-0.0016312700888822572,0.0,-0.0002861416433006525,0.0,0.00046306964941322803,0.0,14.657050206111027,True,True,0.07426738739013672,0.5254195421002805,4.100214090076321,-0.05334852102578225,-0.0011324882507324219,-0.6343077402561903,-4.229124281354963,0.02032655126840998,0.0731348991394043,-0.10888819815590978,-0.12891019127865455,-0.03302196975736002,0.6343087512233712,0.13116917766675032,4.229173129091856,0.13307249115484127,10.85,11.1,True,1.8499999999999996,1.0,0.0011324882507324219,0.6343077402561903,4.229124281354956,-0.020326551268396997,0.033974647521972656,0.4725099503993988,0.0037550926208496094,-0.5334117449820042,-2.3142913579817153,0.012396735775604902,0.0,0.005856265887044943,0.0009155952989553603,True,False,ft029_axis_tilt_severe_v1,axis_tilt,severe,held_out,force,force,held_out/ft029_axis_tilt_severe_v1/force,force,insert,0.9859427809715271,2.9589843749999005,16.762056350708008
1,9.099999999867578,16.730794310569763,0.1655625008977099,0.5813867187500001,0.6716996431350708,0.6419233977794647,0.708896666765213,True,1.5999999998442949,True,True,verified,11.199999999837019,16.0888709127903,False,13,13,0.09999999999854481,True,11.20833333317023,True,11.708333333162955,0.9666666666525998,True,False,False,False,0.9500654339790344,0.0027353987097740173,1.6156206818727346,0.002419514814391732,0.07112129777669907,0.00031866328208707273,0.07207521953834937,0.0003082393366359891,17.803783416748047,0.0,17.2560421870305,0.0,0.8941121101379395,0.0,1.7654318855359004,0.0,0.1397516429424286,0.0,0.13796779341422594,0.0,-0.1340540647506714,0.0,0.03020860369388874,0.0,-0.6137450933456421,0.0,-0.6109064439168344,0.0,0.6362255215644836,0.0,1.2815079964124239,0.0,0.13973449170589447,0.0,0.13790233547870928,0.0,-0.002181306481361389,0.0,-0.0002916404113280945,0.0,0.00019620370585471392,0.0,-0.00048065606377069623,0.0,17.2560421870305,True,True,0.08428096771240234,0.5250665635685436,4.1294909455793345,-0.051493664654543636,-0.0032186508178710938,-0.6456972332671285,-4.280987966125544,0.021253037906176272,0.08106231689453125,-0.12063066969858482,-0.1514970205462211,-0.03024062674835474,0.6457052553308761,0.14533704858788923,4.281040721335405,0.15448573636590351,10.95,11.2,True,1.8499999999999996,1.0,0.0032186508178710938,0.6456972332671285,4.280987966125537,-0.021253037906177497,0.07009133696556091,0.5720719695091248,0.0022649765014648438,-0.5344569799490273,-2.359021506185441,0.01531599313721301,0.0,0.006499779553940663,0.0009095006389543414,True,False,ft029_axis_tilt_severe_v1,axis_tilt,severe,held_out,productivity,productivity,held_out/ft029_axis_tilt_severe_v1/productivity,normal,insert,0.4573017358779907,2.7621093749998806,17.803783416748047
1,8.899999999870488,17.400582879781723,0.3732615732226903,0.5709652596932884,0.6042271852493286,0.5591847002506256,0.6786733865737915,True,1.5916666665139925,True,True,verified,10.991666666506717,16.841398179531097,False,13,13,0.09999999999854481,True,10.999999999839929,True,11.499999999832653,0.6499999999905413,True,False,False,False,0.2383815199136734,0.003142894245684147,0.5373876289679453,0.0028907942334906412,0.03237631171941757,0.0005538127152249217,0.048582431788627915,0.0003556658036988945,0.09630846977233887,0.0,0.4165274271598229,0.0,0.12038560211658478,0.0,0.5206586282986861,0.0,0.0018859689589589834,0.0,0.008175974371484838,0.0,0.0926150307059288,0.0,0.4025735923877129,0.0,0.005936730187386274,0.0,0.0018403766085751927,0.0,0.07668052613735199,0.0,0.3300485502068813,0.0,-0.00011172358063049614,0.0,-5.469763891596813e-06,0.0,0.0018826256273314357,0.0,0.008174175226416152,0.0,-1.0827014193637297e-05,0.0,-4.737378871001196e-06,0.0,0.4165274271598229,True,True,-0.2281665802001953,0.029388405891950242,0.006040954487247063,2.582220505079391,0.24712085723876953,-0.009041854355018586,-0.0005403129351782085,-2.6181506118927875,0.01895427703857422,0.020346551536931656,0.005500641552071924,-0.03593010681338522,0.2472862171909338,0.027807315179643608,2.618150667645513,0.0363487225787324,10.741666666666667,10.991666666666667,True,1.8416666666666668,1.0,-0.24712085723876953,0.009041854355018586,0.0005403129351861935,2.618150611892787,0.20901858806610107,0.0,0.39637088775634766,-0.0381463578378316,-8.229146427227602e-06,-1.460053947326418,0.0,0.00743840319605974,0.0010057341054422208,True,False,ft030_axis_tilt_severe_v2,axis_tilt,severe,held_out,productivity,productivity,held_out/ft030_axis_tilt_severe_v2/productivity,normal,insert,1.1753365397453308,3.1488281249999375,0.09630846977233887
1,9.99999999985448,18.925493210554123,0.1102834508039647,0.6454687499999991,0.7054731249809265,0.7195174694061279,0.780060887336731,True,1.6499999998304702,True,True,verified,12.149999999823194,18.205975741147995,False,13,13,0.09999999999854481,True,12.158333333156406,True,12.65833333314913,0.3083333333288465,False,False,,False,1.2147297859191895,0.0003862946177832782,1.6992508516861842,0.0016846021955223898,0.04506605863571167,0.0004142783291172236,0.08067244893083206,0.000520707723738339,1.9971305131912231,0.0,5.455913589550899,0.0,2.044846534729004,0.0,2.3894564555241513,0.0,0.0030900626443326473,0.0,0.057421122749264426,0.0,0.773124635219574,0.0,-0.06820138028034797,0.0,-1.848644733428955,0.0,0.019727697739234336,0.0,0.4076617956161499,0.0,0.5667045904466739,0.0,0.002858455292880535,0.0,-0.04731255564211796,0.0,0.0010080409701913595,0.0,-0.023663498622436937,0.0,0.000601310224737972,0.0,0.0010356162727895514,0.0,5.455913589550899,True,True,0.29337406158447266,-0.45747307740384713,-3.056943198320454,-1.5103762592142118,-0.2478957176208496,0.49565499648451805,3.12822917282461,1.528762311258838,0.04547834396362305,0.03818191908067092,0.07128597450414818,0.01838605204463873,0.554189644756038,0.059381299365680026,3.48180010368723,0.07361886355272151,11.9,12.15,True,1.9000000000000004,1.0,0.2478957176208496,-0.49565499648451805,-3.1282291728246037,-1.5287623112588449,0.04461407661437988,0.4170268177986145,-0.13124942779541016,0.5105234449729323,1.7148142016267627,0.8435717031256929,0.0,0.0072712886433761855,0.0009992960347937276,True,,ft032_oblique_tilt_moderate_v0,oblique_tilt,moderate,held_out,productivity,productivity,held_out/ft032_oblique_tilt_moderate_v0/productivity,normal,insert,0.07431209087371826,0.6738281249995737,1.9971305131912231
1,9.699999999858846,18.937324732542038,0.6410334148600734,0.6454687499999991,0.7042884826660156,0.7256530225276947,0.779375433921814,True,1.6499999998348365,True,True,verified,11.84999999982756,18.211671710014343,False,13,13,0.09999999999854481,True,11.858333333160772,True,12.358333333153496,0.2999999999956344,False,False,,False,1.54840886592865,0.00035076015046797693,1.3514703214168549,0.0018953128668587082,0.14941386878490448,0.0003931557002943009,0.0877094091131137,0.000540639148451961,1.782633662223816,0.0,4.076861743743603,0.0,2.1110939979553223,0.0,1.781906991194074,0.0,0.008505205623805523,0.0,0.04184223483585251,0.0,0.4039956331253052,0.0,-0.20981404887369046,0.0,-1.8216321468353271,0.0,0.23065483154585728,0.0,-0.9875025749206543,0.0,0.4839342606182282,0.0,0.001572899054735899,0.0,-0.03465387904949379,0.0,-0.008055999875068665,0.0,-0.018563610233216492,0.0,0.0022283107973635197,0.0,0.00044115032002222364,0.0,4.076861743743603,True,True,0.30517578125,-0.46450335139525123,-3.0434674777126247,-1.4940741298062505,-0.2561807632446289,0.4829434910789132,3.095718141107406,1.5099044455784971,0.048995018005371094,0.018440139683661982,0.05225066339477086,0.01583031577223719,0.5466836370626882,0.052350267820705586,3.444311577653683,0.054596068747139556,11.6,11.85,True,1.9000000000000004,1.0,0.2561807632446289,-0.4829434910789132,-3.0957181411073975,-1.509904445578485,0.07480382919311523,0.3536241352558136,-0.152587890625,0.5044013960286975,1.6840122778438897,0.839172755056381,0.0,0.0074083908246113704,0.0010030428126740914,True,,ft032_oblique_tilt_moderate_v0,oblique_tilt,moderate,held_out,force,force,held_out/ft032_oblique_tilt_moderate_v0/force,force,insert,0.9187310934066772,1.433203124999686,1.782633662223816
1,9.899999999855936,19.18410286307335,0.6799765682183407,0.6564029043692123,0.7118508219718933,0.6217285990715027,0.734969973564148,True,1.658333333165137,True,True,verified,12.058333333157861,18.562374264001846,False,13,13,0.09999999999854481,True,12.066666666491074,True,12.566666666483798,0.24166666666314995,False,False,,False,2.148385524749756,0.005620521958917379,0.934317939556562,0.006019833327557605,0.04203317314386368,0.0007796845748089254,0.047596583429437414,0.00046111248509707645,4.976506233215332,0.0,3.868006321100088,0.0,2.4873390197753906,0.0,1.0275871616143446,0.0,0.0561286062002182,0.0,0.04193274132334269,0.0,0.554131805896759,0.0,0.36458053497167736,0.0,-0.5318493843078613,0.0,-0.2679679382305879,0.0,2.365783214569092,0.0,0.6178184610146743,0.0,0.03630794212222099,0.0,0.026190873951866075,0.0,0.04279609024524689,0.0,0.03268314367876603,0.0,-0.0008053371566347778,0.0,-0.0004911350384085941,0.0,3.868006321100088,True,True,-0.4023313522338867,0.3655667824205011,2.1179111490345974,2.526802891093837,0.4335641860961914,-0.3554116701707244,-2.1401695587694634,-2.5977737794690055,0.031232833862304688,0.010155112249776721,-0.022258409734862757,-0.07097088837517641,0.5606205122529827,0.03284229309710105,3.365821496987052,0.07437945819032822,11.808333333333334,12.058333333333334,True,1.9083333333333332,1.0,-0.4335641860961914,0.3554116701707244,2.1401695587694576,2.5977737794690086,0.13534724712371826,0.1139599084854126,0.33104419708251953,-0.4084547399543226,-1.1579138831086737,-1.459808232105517,0.0,0.006915540935901495,0.000618509123831665,True,,ft033_oblique_tilt_moderate_v1,oblique_tilt,moderate,held_out,force,force,held_out/ft033_oblique_tilt_moderate_v1/force,force,insert,0.6350874900817871,0.9339843749996106,4.976506233215332
1,10.79999999984284,19.188804179430008,,0.6564029043692123,0.7138103246688843,0.6207674741744995,0.7349178194999695,True,1.65833333315204,True,True,verified,12.958333333144765,18.56803670525551,False,13,13,0.09999999999854481,True,12.966666666477977,True,13.4666666664707,0.24166666666314995,False,False,,False,0.5538893342018127,0.0032948602456599474,0.657095370384363,0.002267553520281441,0.012352894060313702,0.00028497594757936895,0.01615030420585894,0.0003622171722012214,5.835696697235107,0.0,6.238710513481727,0.0,0.5188614726066589,0.0,0.6730433404445648,0.0,0.047414183616638184,0.0,0.05426834666958222,0.0,0.24431142210960388,0.0,0.3087895948153276,0.0,-0.06714865565299988,0.0,-0.21915566878250012,0.0,0.45279157161712646,0.0,0.4806367365213541,0.0,0.028270024806261063,0.0,0.033620042726397514,0.0,0.038064394146203995,0.0,0.042553181831653304,0.0,0.00011165179603267461,0.0,0.00023185774457837956,0.0,6.238710513481727,True,True,-0.4221796989440918,0.36559373074851464,2.1456390576069566,2.5788508472575984,0.4494190216064453,-0.36563409958034754,-2.1821094041073184,-2.6519930862246093,0.027239322662353516,-4.036883183289319e-05,-0.036470346500371176,-0.07314223896699744,0.5793666816081384,0.027239352575756815,3.434336730851639,0.08173049183115501,12.708333333333334,12.958333333333334,True,1.9083333333333332,1.0,-0.4494190216064453,0.36563409958034754,2.182109404107308,2.6519930862246213,0.1408904790878296,0.3573334217071533,0.33718347549438477,-0.40457697468809783,-1.186838006755807,-1.484672885050808,0.0,0.006752746896101878,0.0007475198139078342,True,,ft033_oblique_tilt_moderate_v1,oblique_tilt,moderate,held_out,productivity,productivity,held_out/ft033_oblique_tilt_moderate_v1/productivity,terminal,hold,0.0023543834686279297,0.0,5.835696697235107
1,11.499999999832653,19.472861289978027,,0.61309814453125,0.6690248847007751,0.6193555891513824,0.7105208933353424,True,1.6249999998090061,True,True,verified,13.62499999980173,18.853505700826645,False,13,13,0.09999999999854481,True,13.633333333134942,True,14.133333333127666,0.19166666666387755,False,False,,False,0.49599242210388184,0.00267548649571836,0.5213316770700308,0.003307992717824303,0.0053316629491746426,0.0003271143650636077,0.003632401922144569,0.00036625694170092733,6.903276443481445,0.0,6.869657259721023,0.0,0.4950578510761261,0.0,0.5232275403462924,0.0,0.06371579319238663,0.0,0.06381057833249752,0.0,0.4067302644252777,0.0,0.3816027847620157,0.0,0.09714992344379425,0.0,0.15353871710025346,0.0,0.2649804949760437,0.0,0.3164966587836926,0.0,-0.024211859330534935,0.0,-0.02510562653724964,0.0,0.058936163783073425,0.0,0.05864506730666527,0.0,-0.00013058642798569053,0.0,-0.0004392843010674159,0.0,6.869657259721023,True,True,-0.47981739044189453,-0.1883303175418405,-1.294750368324344,3.00723546515826,0.5339384078979492,0.21684839157387614,1.3324444081355122,-3.1000700072579974,0.05412101745605469,0.028518074032035656,0.037694039811158805,-0.0928345420997247,0.5762928494756584,0.061174872921610904,3.3742913553325824,0.10019527356193396,13.375,13.625,True,1.875,1.0,-0.5339384078979492,-0.21684839157387614,-1.3324444081355011,3.1000700072580116,0.15990063548088074,0.6068956851959229,0.4500150680541992,0.28171922895126045,0.7219508544580842,-1.720318704743249,0.0,0.007840132412429038,0.0007051055301697209,True,,ft034_oblique_tilt_moderate_v2,oblique_tilt,moderate,held_out,productivity,productivity,held_out/ft034_oblique_tilt_moderate_v2/productivity,terminal,hold,0.0030174851417541504,0.0,6.903276443481445
1,9.099999999867578,16.773180663585663,0.23061627968082554,0.5813867187500001,0.6726384162902832,0.6394349038600922,0.6847791373729706,True,1.5999999998442949,True,True,verified,11.199999999837019,16.13374575972557,False,13,13,0.09999999999854481,True,11.20833333317023,True,11.708333333162955,0.8999999999869033,True,False,False,False,1.9360482692718506,0.002127766376361251,1.4490047922501197,0.00212188128184957,0.052412569522857666,0.0006885949405841529,0.06581445296223347,0.0005930540859341049,18.925334930419922,0.0,17.759015009953426,0.0,2.06341814994812,0.0,1.513390444792234,0.0,0.15897943079471588,0.0,0.1504211975977971,0.0,0.042219966650009155,0.0,-0.20432798679058367,0.0,0.494051992893219,0.0,0.5287308394908905,0.0,2.0029540061950684,0.0,1.2731801133889418,0.0,-0.14609161019325256,0.0,-0.1365049767952699,0.0,-0.06267141550779343,0.0,-0.06310859035987121,0.0,0.0019994121976196766,0.0,0.001108974110908233,0.0,17.759015009953426,True,True,0.28383731842041016,-0.5171023440198041,-3.701842774861916,-1.801270966536805,-0.28628110885620117,0.5814974429085851,3.8513076183738777,1.882238431192451,-0.0024437904357910156,0.06439509888878092,0.1494648435119716,0.08096746465564317,0.6481482464661609,0.06444145306082054,4.286652759811843,0.16998667529786263,10.95,11.2,True,1.8499999999999996,1.0,0.28628110885620117,-0.5814974429085851,-3.8513076183738804,-1.8822384311924623,0.07600337266921997,0.6721970438957214,-0.19848346710205078,0.49781007692217827,2.1297506257734753,1.0719327077692533,0.0,0.005945495867098753,0.0010665404753616224,True,False,ft036_oblique_tilt_severe_v0,oblique_tilt,severe,held_out,productivity,productivity,held_out/ft036_oblique_tilt_severe_v0/productivity,normal,insert,0.6369873881340027,2.7621093749998806,18.925334930419922
1,9.099999999867578,16.76730588078499,0.18500553433755307,0.5918830475983796,0.6831139326095581,0.6355792284011841,0.6975755095481873,True,1.5999999998442949,True,True,verified,11.266666666502715,16.131726652383804,False,13,13,0.09999999999854481,True,11.274999999835927,True,11.774999999828651,0.9083333333201153,True,False,False,False,1.4717833995819092,0.0016225333092734218,1.436980073268597,0.0011086343707015307,0.06325394660234451,0.0005324041121639311,0.06787986451616654,0.0005693687439466325,18.608354568481445,0.0,17.4713805272029,0.0,1.4684618711471558,0.0,1.4882981547942529,0.0,0.15794101357460022,0.0,0.15432119484131152,0.0,-0.4724995493888855,0.0,-0.24559914091458687,0.0,0.41977986693382263,0.0,0.5098319764320667,0.0,1.3254846334457397,0.0,1.2543519139289856,0.0,-0.13805121183395386,0.0,-0.13909180691609016,0.0,-0.07672804594039917,0.0,-0.06673587314211406,0.0,0.00018111721146851778,0.0,0.0008067821439069051,0.0,17.4713805272029,True,True,0.26851892471313477,-0.5417401480372064,-3.7225428532516958,-1.7879203322650596,-0.27865171432495117,0.5834471667185426,3.8561220596531913,1.8726326489022604,-0.010132789611816406,0.041707018681336194,0.13357920640150567,0.08471231663718821,0.6465735644519724,0.042920261329617515,4.28677388914772,0.15817579136168494,11.016666666666666,11.266666666666666,True,1.916666666666666,1.0,0.27865171432495117,-0.5834471667185426,-3.856122059653188,-1.872632648902254,0.07604062557220459,0.3643436133861542,-0.1882314682006836,0.4994794726371765,2.131271380710896,1.0723605843233897,0.0,0.006261824880941556,0.0010031702919290043,True,False,ft036_oblique_tilt_severe_v0,oblique_tilt,severe,held_out,force,force,held_out/ft036_oblique_tilt_severe_v0/force,force,insert,0.5110055208206177,2.7621093749998806,18.608354568481445
1,9.099999999867578,18.087287992239,0.9522527738670574,0.6784838867187517,0.7357001304626465,0.63348188996315,0.7602795958518982,True,1.6749999998432035,True,True,verified,11.274999999835927,17.45380610227585,False,13,13,0.09999999999854481,True,11.28333333316914,True,11.783333333161863,0.47499999999308784,False,False,,False,1.1399906873703003,0.003183245426043868,1.0084435389592097,0.004035017005382822,0.11706352978944778,0.0004419207398314029,0.1031006511587363,0.0004339478367070954,0.9467321038246155,0.0,0.8294186569177188,0.0,1.1833783388137817,0.0,1.0367699678127582,0.0,0.01961144432425499,0.0,0.016889556167790525,0.0,0.7176733016967773,0.0,0.6037825185518998,0.0,-0.550692081451416,0.0,-0.5142364937525529,0.0,0.7629334330558777,0.0,0.6667220432024735,0.0,0.01211399957537651,0.0,0.010981532959983898,0.0,0.015421627089381218,0.0,0.012808973542772807,0.0,-0.00018205100786872208,0.0,-5.834792598482007e-05,0.0,0.8294186569177188,True,True,-0.4261136054992676,0.321950763463974,2.1491429228581467,2.6225858482941646,0.415802001953125,-0.30629284447059035,-2.160396133421357,-2.6412294467528037,-0.010311603546142578,0.015657918993383646,-0.011253210563214001,-0.018643598458649394,0.5164364543698593,0.018748322455520775,3.4122433154299054,0.02177655876091044,11.025,11.275,True,1.9250000000000007,1.0,-0.415802001953125,0.30629284447059035,2.160396133421358,2.641229446752817,0.134248286485672,0.18295252323150635,0.31453371047973633,-0.4219895345158875,-1.1687730238668437,-1.441331719043258,0.0,0.007186739204021601,0.000758750832084423,True,,ft037_oblique_tilt_severe_v1,oblique_tilt,severe,held_out,force,force,held_out/ft037_oblique_tilt_severe_v1/force,force,insert,2.6302263140678406,2.7621093749998806,0.9467321038246155
1,9.399999999863212,18.99813637137413,0.6307162094326804,0.61309814453125,0.6690695881843567,0.627763569355011,0.7218718528747559,True,1.6249999998395648,True,True,verified,11.52499999983229,18.37037280201912,False,13,13,0.09999999999854481,True,11.533333333165501,True,12.033333333158225,0.3083333333288465,False,False,,False,1.4891760349273682,0.003918822854757309,1.261501275576078,0.004786632301357503,0.13861295580863953,0.00035019786446355283,0.1572259492599047,0.0005561847798302411,5.416083335876465,0.0,1.9554236485407903,0.0,1.5617212057113647,0.0,1.2879357246252208,0.0,0.0706644281744957,0.0,0.03197324705811647,0.0,1.4054521322250366,0.0,1.1466591954231262,0.0,0.6009088754653931,0.0,0.39242000533984256,0.0,-0.32029056549072266,0.0,0.24829835100815847,0.0,-0.02758803218603134,0.0,-0.011257013270201592,0.0,0.0650542750954628,0.0,0.029823957584225215,0.0,0.0005501667619682848,0.0,0.0012721890279163534,0.0,1.9554236485407903,True,True,-0.5079507827758789,-0.12853056978201494,-1.297753313256436,3.0325971947289645,0.5429387092590332,0.1437579921912402,1.324599322645524,-3.096198927391728,0.0349879264831543,0.015227422409225255,0.026846009389081382,-0.06360173266277004,0.5616482905971687,0.038157953205322545,3.367641780762121,0.06903541567793385,11.275,11.525,True,1.875,1.0,-0.5429387092590332,-0.1437579921912402,-1.3245993226455255,3.0961989273917254,0.17937272787094116,0.7850345373153687,0.46759843826293945,0.2546749892644584,0.7182392710286596,-1.7030208159489284,0.0,0.0067816923659008285,0.0007433747926440376,True,,ft038_oblique_tilt_severe_v2,oblique_tilt,severe,held_out,force,force,held_out/ft038_oblique_tilt_severe_v2/force,force,insert,1.3429820537567139,2.129296874999781,5.416083335876465
1,8.499999999876309,15.723419934511186,0.6689484186148169,0.5813867187500001,0.6712526082992554,0.6023868918418884,0.6858408451080322,True,1.5999999998530257,True,True,verified,10.59999999984575,15.121033042669298,False,13,13,0.09999999999854481,True,10.608333333178962,True,11.108333333171686,1.233333333315386,True,False,False,False,1.1132864952087402,0.003483762266114354,1.28973054427367,0.004177782415913848,0.0633840262889862,0.00018959389126393944,0.08099084863295922,0.000637675439625477,6.88806676864624,0.0,4.749759637392485,0.0,1.1042351722717285,0.0,1.35718068251243,0.0,0.058215342462062836,0.0,0.04766975013682476,0.0,-0.17522107064723969,0.0,-0.506574164216335,0.0,-0.4258621633052826,0.0,-0.571451851954827,0.0,1.003630518913269,0.0,0.9799796858659158,0.0,0.04919406771659851,0.0,0.038813886734155506,0.0,-0.031128274276852608,0.0,-0.02756167561388933,0.0,-1.5326833818107843e-05,0.0,0.00012588714050182787,0.0,4.749759637392485,True,True,0.33968687057495117,0.42468116589589044,3.341184337239497,-2.519753908706747,-0.34624338150024414,-0.4737654235213995,-3.4103080456824992,2.576321958323582,-0.006556510925292969,-0.04908425762550905,-0.06912370844299362,0.05656804961684353,0.5868033365252234,0.049520219932476364,4.274065488429844,0.08931982594231618,10.35,10.6,True,1.8499999999999996,1.0,0.34624338150024414,0.4737654235213995,3.4103080456825126,-2.5763219583235752,-0.07668882608413696,0.47284775972366333,-0.1882314682006836,-0.4988838918507099,-1.8532327910603004,1.4379388915410989,0.0,0.007015994123111551,0.0011255668606071805,True,False,ft039_oblique_tilt_severe_v3,oblique_tilt,severe,held_out,force,force,held_out/ft039_oblique_tilt_severe_v3/force,force,insert,2.5673508644104004,3.8378906250000284,6.88806676864624
1,8.799999999871943,15.749415010213854,0.2070062534235247,0.5918830475983778,0.691637396812439,0.6316304206848145,0.7047504186630249,True,1.6083333331818714,True,True,verified,10.908333333174596,15.11778458952904,False,13,13,0.09999999999854481,True,10.916666666507808,True,11.416666666500532,1.224999999982174,True,False,False,False,1.329424262046814,0.002877763006836176,1.467756381401649,0.003700312262830826,0.04853871464729309,0.0005749206175096333,0.024566185660660267,0.000826441808245503,15.656439781188965,0.0,14.60036776616023,0.0,1.3116987943649292,0.0,1.4763869505662184,0.0,0.12378551810979843,0.0,0.11647905810521199,0.0,-0.4737195074558258,0.0,-0.34785740535992843,0.0,-0.4880540668964386,0.0,-0.4470707178115845,0.0,1.121582269668579,0.0,1.3425555320886464,0.0,0.09916501492261887,0.0,0.09410305837026009,0.0,-0.07406958192586899,0.0,-0.0686128638111628,0.0,0.0016888192621991038,0.0,0.0010878946856022454,0.0,14.60036776616023,True,True,0.3476142883300781,0.43900041782762855,3.4892589547408193,-2.611813604196527,-0.3700852394104004,-0.5152415251359344,-3.5990209528625154,2.716231399368968,-0.022470951080322266,-0.0762411073083058,-0.10976199812170098,0.1044177951724329,0.6343791560682437,0.0794836466579814,4.508976029439645,0.15149512262888348,10.658333333333333,10.908333333333333,True,1.8583333333333325,1.0,0.3700852394104004,0.5152415251359344,3.599020952862503,-2.7162313993689793,-0.020444393157958984,0.5417503118515015,-0.22614002227783203,-0.48547398182563484,-1.9700513594172928,1.542268999334593,0.0,0.006267600853999074,0.0010253991976451988,True,False,ft039_oblique_tilt_severe_v3,oblique_tilt,severe,held_out,productivity,productivity,held_out/ft039_oblique_tilt_severe_v3/productivity,normal,insert,0.6896704435348511,3.331640624999956,15.656439781188965
1,9.899999999855936,19.339022785425186,0.07860733344936098,0.623815827546295,0.6815940141677856,0.6169527769088745,0.7083117961883545,True,1.633333333165501,True,True,verified,12.033333333158225,18.72207000851631,False,13,13,0.09999999999854481,True,12.041666666491437,True,12.541666666484161,0.20833333333030168,False,False,,True,1.221108078956604,0.0019442044431343675,1.2806605329880347,0.002625507266762165,0.06960004568099976,0.00010898507025558501,0.10288752615451813,0.00027555679704304424,7.034310340881348,0.0,7.061228348658635,0.0,1.568803310394287,0.0,1.5511914170705354,0.0,0.06653545796871185,0.0,0.06752471511180584,0.0,-0.16381672024726868,0.0,-0.0703135086939885,0.0,-0.18478305637836456,0.0,-0.05363196564408449,0.0,-1.5492459535598755,0.0,0.3911977960513188,0.0,-0.03264130651950836,0.0,-0.03489506273315503,0.0,0.057935744524002075,0.0,0.057745653276260085,0.0,-0.0022275447845458984,0.0,-0.002081890241242945,0.0,7.061228348658635,True,True,-0.47457218170166016,-0.2076190139632672,-1.4525968162651566,2.9697624814080257,0.5265474319458008,0.24525125627405941,1.5016463524708654,-3.0779820902136787,0.051975250244140625,0.03763224231079221,0.049049536205704146,-0.10821960880565211,0.5808617535978092,0.06416862394721598,3.4247504311358545,0.11881641608819489,11.783333333333333,12.033333333333333,True,1.8833333333333329,1.0,-0.5265474319458008,-0.24525125627405941,-1.501646352470857,3.0779820902136805,0.14028698205947876,0.7817950248718262,0.4271864891052246,0.31691169715486467,0.8182576845233963,-1.7169671142063496,0.0,0.007261128523028814,0.0007020741065319341,True,,ft040_combined_moderate_v0,combined,moderate,held_out,force,force,held_out/ft040_combined_moderate_v0/force,force,insert,0.0734180212020874,0.9339843749996106,7.034310340881348
1,9.899999999855936,19.373567402362823,0.04342787936861388,0.61309814453125,0.6714314222335815,0.6053559482097626,0.7062964141368866,True,1.6249999998322888,True,True,verified,12.024999999825013,18.76821145415306,False,13,13,0.09999999999854481,True,12.033333333158225,True,12.53333333315095,0.20833333333030168,False,False,,True,1.4732080698013306,0.0031227620784193277,1.0703957562263196,0.003663900209805713,0.05498601496219635,0.00033318038913421333,0.0858659242781309,0.0005621000913938937,7.602099418640137,0.0,7.580820780534011,0.0,1.860685110092163,0.0,1.3207916525694041,0.0,0.06460455060005188,0.0,0.06971673036997135,0.0,-0.23447313904762268,0.0,-0.06061476812912868,0.0,-0.09521729499101639,0.0,-0.04952382554228489,0.0,-1.8433949947357178,0.0,0.16588730995471662,0.0,-0.03091525286436081,0.0,-0.03286852057163532,0.0,0.05671519786119461,0.0,0.06138784667620292,0.0,-0.0011754240840673447,0.0,-0.000898996815801813,0.0,7.580820780534011,True,True,-0.4876255989074707,-0.22185629859450273,-1.4668236632445826,2.980270443066047,0.5269646644592285,0.2546778996475041,1.511145623837707,-3.0869802566113593,0.03933906555175781,0.03282160105300136,0.044321960593117674,-0.1067098135453105,0.5852799246151293,0.05123299302371352,3.437005702810542,0.11554834701410838,11.775,12.025,True,1.875,1.0,-0.5269646644592285,-0.2546778996475041,-1.511145623837706,3.086980256611355,0.1436956226825714,0.7856515645980835,0.42438507080078125,0.32064737752079964,0.8218013827655155,-1.7143200611341034,0.0,0.0073232144618836734,0.0007227457692631736,True,,ft040_combined_moderate_v0,combined,moderate,held_out,productivity,productivity,held_out/ft040_combined_moderate_v0/productivity,normal,insert,0.04056096076965332,0.9339843749996106,7.602099418640137
1,9.699999999858846,19.064506143331528,0.13936277500258573,0.6454687499999991,0.7037743926048279,0.715307891368866,0.7308200001716614,True,1.6499999998348365,True,True,verified,11.84999999982756,18.34919825196266,False,13,13,0.09999999999854481,True,11.858333333160772,True,12.358333333153496,0.29166666666242236,False,False,,True,0.8088726997375488,0.0011446299031376839,0.7543113896479974,0.002319583731990021,0.021733537316322327,0.00036155368434265256,0.05767283015526258,0.00044188418542034924,5.763364791870117,0.0,5.5097536490513725,0.0,0.8602086901664734,0.0,0.8383477169733781,0.0,0.049836743623018265,0.0,0.04814556685204689,0.0,-0.20680788159370422,0.0,0.05263381422712253,0.0,-0.24113713204860687,0.0,-0.05350120881429085,0.0,0.7994012236595154,0.0,0.5228147288927665,0.0,-0.02531200461089611,0.0,-0.028651947871996805,0.0,-0.042911596596241,0.0,-0.03844711743295193,0.0,-0.0012642084620893002,0.0,-0.00043613683570024127,0.0,5.5097536490513725,True,True,0.44852495193481445,-0.32067975917016156,-2.006502979623548,-2.675932806838773,-0.45746564865112305,0.3501031897030771,2.0756312519842326,2.7537815547122264,-0.008940696716308594,0.029423430532915518,0.06912827236068332,0.07784874787344533,0.5760616834472343,0.03075181819174789,3.4484138303409755,0.10411121738331595,11.6,11.85,True,1.9000000000000004,1.0,0.45746564865112305,-0.3501031897030771,-2.0756312519842197,-2.7537815547122193,-0.03962963819503784,0.39216697216033936,-0.33843517303466797,0.40506882942281663,1.150042080027814,1.5634141682999754,0.0,0.006229357184985509,0.0009959777794742526,True,,ft043_combined_moderate_v3,combined,moderate,held_out,productivity,productivity,held_out/ft043_combined_moderate_v3/productivity,normal,insert,0.19973516464233398,1.433203124999686,5.763364791870117
1,11.499999999832653,19.007106870412827,,0.6674081307870345,0.7287934422492981,0.7292144000530243,0.7555633783340454,True,1.6666666664750664,True,True,verified,13.66666666646779,18.277892470359802,False,13,13,0.09999999999854481,True,13.674999999801003,True,14.174999999793727,0.2999999999956344,False,False,,True,2.40101957321167,0.0015419014962390065,1.0262790333766203,0.00341896924118583,0.05142160505056381,0.0003707343712449074,0.07665647437366155,0.0005022538288568074,8.7014799118042,0.0,6.150084917361919,0.0,2.7902724742889404,0.0,1.2014385989079108,0.0,0.09883231669664383,0.0,0.05267153071382871,0.0,-0.31983986496925354,0.0,0.14168544228260332,0.0,1.4630244970321655,0.0,-0.031904708880644575,0.0,2.354332685470581,0.0,0.6423384495652639,0.0,-0.07797998189926147,0.0,-0.03468386187719611,0.0,-0.06071247160434723,0.0,-0.03873424862439816,0.0,0.0009721458191052079,0.0,0.0008496854436368897,0.0,6.150084917361919,True,True,0.46133995056152344,-0.3576785366021795,-2.059952374824178,-2.7593403362867264,-0.45758485794067383,0.36084256134927273,2.1201784108141304,2.8218431005457703,0.0037550926208496094,0.003164024747093208,0.06022603598994195,0.0625027642590564,0.5827445892478885,0.004910374037828221,3.5295828333926513,0.08679729806327477,13.416666666666666,13.666666666666666,True,1.916666666666666,1.0,0.45758485794067383,-0.36084256134927273,-2.120178410814134,-2.8218431005457774,-0.04474446177482605,0.4817151427268982,-0.3345012664794922,0.4088340501766652,1.1643395464758355,1.5787523193797837,0.0,0.006328921478528243,0.0009068481539053699,True,,ft043_combined_moderate_v3,combined,moderate,held_out,force,force,held_out/ft043_combined_moderate_v3/force,force,hold,-0.010445713996887207,0.0,8.7014799118042
1,8.699999999873398,15.854967385530474,0.03187623742508576,0.6454687500000009,0.7454454898834229,0.6023049354553223,0.7706210017204285,True,1.6499999998493884,True,True,verified,10.849999999842112,15.252662450075151,False,13,13,0.09999999999854481,True,10.858333333175324,True,11.358333333168048,1.1916666666493256,True,False,False,True,1.1919138431549072,0.007358303759247065,1.2549866552536304,0.005288573071503868,0.14653857052326202,0.0005940194823779166,0.1374335867854265,0.0006584465803685957,17.371376037597656,0.0,16.851746339064377,0.0,1.1685560941696167,0.0,1.3385253296448634,0.0,0.15858815610408783,0.0,0.1449478818820073,0.0,-0.0457836389541626,0.0,0.09852481805361234,0.0,-0.06946638226509094,0.0,0.013499727615943322,0.0,1.1655906438827515,0.0,1.0794892723743732,0.0,0.14381277561187744,0.0,0.1301630729666123,0.0,0.06678011268377304,0.0,0.06364368962553832,0.0,-0.0029161034617573023,0.0,-0.003104752914693493,0.0,16.851746339064377,True,True,-0.2938508987426758,0.49507027870276943,4.025349131010245,1.618597735258959,0.27614831924438477,-0.5829822039231658,-4.181892817886676,-1.705594993129771,-0.017702579498291016,-0.08791192522039637,-0.15654368687642087,-0.08699725787082369,0.6450784016789047,0.08967657395802918,4.5163349987441705,0.17909340796887388,10.6,10.85,True,1.9000000000000004,1.0,-0.27614831924438477,0.5829822039231658,4.181892817886677,1.705594993129779,0.07680431008338928,0.6285830140113831,0.17762184143066406,-0.5055732908658683,-2.317410386481396,-0.9945522760243266,0.0,0.008206156942133721,0.0007079481438267976,True,False,ft046_combined_severe_v2,combined,severe,held_out,productivity,productivity,held_out/ft046_combined_severe_v2/productivity,normal,insert,0.11180341243743896,3.5074218749999844,17.371376037597656
1,8.499999999876309,15.868289023637773,0.4783067387782248,0.623815827546295,0.7192716002464294,0.5766674876213074,0.7554367184638977,True,1.633333333185874,True,True,verified,10.633333333178598,15.291621536016466,False,13,13,0.09999999999854481,True,10.64166666651181,True,11.141666666504534,1.1833333333161136,True,False,False,False,1.0337671041488647,0.007690092083066702,1.9752436647048364,0.005822423075397427,0.1209152415394783,0.0006163596990518272,0.14453575989374748,0.0006704889170718021,14.092757225036621,0.0,12.525301419771635,0.0,1.0381355285644531,0.0,2.2851055493721595,0.0,0.14349132776260376,0.0,0.11808165907859802,0.0,0.10240364074707031,0.0,0.07539831904264596,0.0,-0.3060967028141022,0.0,-0.04597504093096806,0.0,0.986683189868927,0.0,0.6559049166165866,0.0,0.13002386689186096,0.0,0.10640212033803646,0.0,0.06068393588066101,0.0,0.05115435874232879,0.0,-0.0010071586584672332,0.0,-0.0005954178766562388,0.0,12.525301419771635,True,True,-0.2956390380859375,0.48161413724301383,3.9348670711861473,1.5764278239148268,0.27698278427124023,-0.5597288254648447,-4.076822297987349,-1.6690013368687635,-0.018656253814697266,-0.07811468822183087,-0.1419552268011995,-0.09257351295394836,0.6245124665200071,0.0803116449986691,4.405229337030772,0.16947312977818885,10.383333333333333,10.633333333333333,True,1.8833333333333329,1.0,-0.27698278427124023,0.5597288254648447,4.0768222979873485,1.6690013368687744,0.09177625179290771,0.5914673805236816,0.16635656356811523,-0.5088188336230814,-2.257009393229148,-0.967774992825099,0.0,0.007608032713715847,0.0006600304712684682,True,False,ft046_combined_severe_v2,combined,severe,held_out,force,force,held_out/ft046_combined_severe_v2/force,force,insert,1.8356889486312866,3.8378906250000284,14.092757225036621
1,9.499999999861757,18.362460285425186,0.09457319210738414,0.5918830475983796,0.65651535987854,0.655047595500946,0.6952881813049316,True,1.6083333331716858,True,True,verified,11.60833333316441,17.70741268992424,False,13,13,0.09999999999854481,True,11.616666666497622,True,12.116666666490346,0.4333333333270275,False,False,,True,0.7890527248382568,0.003865326987579465,0.8478163755857028,0.0032082341718845642,0.048394739627838135,0.0008087833411991596,0.05189194000111176,0.0007560107556995577,8.10715103149414,0.0,7.881762504577637,0.0,0.792590320110321,0.0,0.9451676102784964,0.0,0.07182502001523972,0.0,0.06846297389039627,0.0,-0.06388403475284576,0.0,-0.06994972120110805,0.0,0.01319931447505951,0.0,-0.09068562720830624,0.0,0.7899012565612793,0.0,0.763270011314979,0.0,0.055135577917099,0.0,0.053288229956076696,0.0,-0.046026792377233505,0.0,-0.04295743199495169,0.0,0.0006602207431569695,0.0,0.0005820269266573283,0.0,7.881762504577637,True,True,0.38629770278930664,0.4184764256933704,2.7456674055346184,-2.2130124490069534,-0.36150217056274414,-0.4622379783540964,-2.8225710574943776,2.2851775214845595,0.0247955322265625,-0.04376155266072601,-0.0769036519597607,0.07216507247761084,0.5868115267736801,0.05029803087274884,3.631658530107593,0.10546074800818943,11.358333333333333,11.608333333333333,True,1.8583333333333325,1.0,0.36150217056274414,0.4622379783540964,2.822571057494372,-2.28517752148457,-0.07671117782592773,0.448443740606308,-0.2384185791015625,-0.47237955732271075,-1.5460351249795128,1.3018608384412023,0.0,0.0066001380328089,0.0008637908478983893,True,,ft053_terminal_band_severe_v1,terminal_band,severe,held_out,productivity,productivity,held_out/ft053_terminal_band_severe_v1/productivity,normal,insert,0.18009543418884277,1.9042968749997513,8.10715103149414
1,11.799999999828287,18.32680180668831,,0.5813867187500001,0.6475672125816345,0.6317868828773499,0.6861984729766846,True,1.5999999998050036,True,True,verified,13.899999999797728,17.69501492381096,False,13,13,0.09999999999854481,True,13.90833333313094,True,14.408333333123664,0.4333333333270275,False,False,,True,1.0039193630218506,0.0038341826293617487,0.9896524135883038,0.004479904446410588,0.05915898457169533,0.0008537240792065859,0.05786910825050794,0.0008030570920359773,9.686505317687988,0.0,9.554122631366436,0.0,1.0119175910949707,0.0,0.9921867251396179,0.0,0.08290579915046692,0.0,0.08026459125372079,0.0,-0.038899388164281845,0.0,-0.04041132130301916,0.0,-0.18488869071006775,0.0,-0.0784747305397804,0.0,0.9941228628158569,0.0,0.9842104269908025,0.0,0.06620033085346222,0.0,0.06317689155156796,0.0,-0.0499018095433712,0.0,-0.0494755578155701,0.0,0.0008350170101039112,0.0,0.0009923016858430435,0.0,9.554122631366436,True,True,0.37342309951782227,0.41496929770801216,2.7636112305702056,-2.238894901983599,-0.3660917282104492,-0.4684435552917421,-2.8456152152460152,2.320739399605698,0.007331371307373047,-0.05347425758372992,-0.08200398467581335,0.08184449762210075,0.5945271381177488,0.05397448683755752,3.6719691330567907,0.11585842780620272,13.65,13.9,True,1.8499999999999996,1.0,0.3660917282104492,0.4684435552917421,2.8456152152460277,-2.320739399605685,-0.04149600863456726,0.5209473967552185,-0.23370981216430664,-0.47507742419838905,-1.5574229403986226,1.3187129788798146,0.0,0.009093691881459493,0.001196017414958288,True,,ft053_terminal_band_severe_v1,terminal_band,severe,held_out,force,force,held_out/ft053_terminal_band_severe_v1/force,force,hold,0.0006258487701416016,0.0,9.686505317687988
1,9.699999999858846,18.7920942902565,0.081570475326976,0.6674081307870381,0.7287412881851196,0.6235837936401367,0.7092617452144623,True,1.6666666665012606,True,True,verified,11.866666666493984,18.168510496616364,False,13,13,0.09999999999854481,True,11.874999999827196,True,12.37499999981992,0.31666666666205856,False,False,,True,0.6661122441291809,0.0026599226985126734,0.7325672255112574,0.0030192755556737003,0.06950818747282028,0.00047651908244006336,0.07576692677461185,0.0005644409214325536,9.172268867492676,0.0,8.85310040987455,0.0,0.77290940284729,0.0,0.7744016739038321,0.0,0.09638199955224991,0.0,0.10001021222426341,0.0,0.31383877992630005,0.0,0.07884649359262906,0.0,-0.06721723079681396,0.0,-0.13191367227297562,0.0,-0.7031188011169434,0.0,0.5464790417597845,0.0,0.08797049522399902,0.0,0.09320486738131596,0.0,0.03937690705060959,0.0,0.03613654266183193,0.0,0.0003742832923308015,0.0,0.002280828426592052,0.0,8.85310040987455,True,True,-0.30052661895751953,0.4672940594900865,3.152636280391306,1.3716545013295445,0.2696514129638672,-0.5256124422885478,-3.2597193934089863,-1.3828398689331567,-0.030875205993652344,-0.058318382798461244,-0.10708311301767304,-0.011185367603599984,0.5907455662143746,0.06598721177151165,3.540906187246101,0.10766571200704243,11.616666666666667,11.866666666666667,True,1.9166666666666679,1.0,-0.2696514129638672,0.5256124422885478,3.259719393409,1.3828398689331607,0.11485815048217773,0.4358312487602234,0.19222497940063477,-0.49334950745105743,-1.810639209072153,-0.7813313379820901,0.0,0.005167858567661964,0.0006113333891754827,True,,ft054_terminal_band_severe_v2,terminal_band,severe,held_out,productivity,productivity,held_out/ft054_terminal_band_severe_v2/productivity,normal,insert,0.11690706014633179,1.433203124999686,9.172268867492676
1,9.399999999863212,18.800092488527298,0.6640414495334107,0.6346062102141197,0.6933212280273438,0.5709901452064514,0.6825663149356842,True,1.641666666505989,True,True,verified,11.541666666498713,18.229102343320847,False,13,13,0.09999999999854481,True,11.549999999831925,True,12.04999999982465,0.2999999999956344,False,False,,False,1.3894801139831543,0.0042232731357216835,1.1409125190514784,0.003467219796640655,0.0718047246336937,0.00038652840885333717,0.06046292372047901,0.0005861977339149094,5.908252716064453,0.0,5.0146308862246,0.0,1.5785915851593018,0.0,1.327292827459482,0.0,0.06467980891466141,0.0,0.05202158483175131,0.0,0.11824345588684082,0.0,0.12096716119692875,0.0,0.14206308126449585,0.0,-0.1750796213746071,0.0,1.5677332878112793,0.0,0.4508611789116493,0.0,0.05945035070180893,0.0,0.04807893673960979,0.0,0.025470450520515442,0.0,0.019788542332557533,0.0,0.0006237796042114496,0.0,0.0006038438698921639,0.0,5.0146308862246,True,True,-0.3198385238647461,0.474515985843027,3.1150416778573344,1.3358526761356018,0.26237964630126953,-0.5087500903755426,-3.1924892062614507,-1.3514001383144192,-0.05745887756347656,-0.03423410453251563,-0.07744752840412808,-0.0155474621788301,0.5724244345328928,0.06688420235001534,3.466737611347605,0.07899267837027922,11.291666666666666,11.541666666666666,True,1.8916666666666657,1.0,-0.26237964630126953,0.5087500903755426,3.192489206261456,1.3514001383144318,0.0430867075920105,0.3873288929462433,0.16194581985473633,-0.5013279733248055,-1.751377202002515,-0.7649280937390049,0.0,0.005462684740240757,0.0005773323802993848,True,,ft054_terminal_band_severe_v2,terminal_band,severe,held_out,force,force,held_out/ft054_terminal_band_severe_v2/force,force,insert,1.4139413833618164,2.129296874999781,5.908252716064453
1,9.99999999985448,19.312908500432968,0.2204121022985996,0.6454687499999991,0.7057487964630127,0.7158219814300537,0.7329732179641724,True,1.6499999998304702,True,True,verified,12.149999999823194,18.597086519002914,False,13,13,0.09999999999854481,True,12.158333333156406,True,12.65833333314913,0.24999999999636202,False,False,,False,1.045020580291748,0.0010683998698368669,0.6359406732595884,0.001953987153963401,0.0591709204018116,0.00037419077125377953,0.07829644158482552,0.0004051068054440503,11.007726669311523,0.0,10.605166948758638,0.0,1.1778130531311035,0.0,0.7148344287505517,0.0,0.11122076213359833,0.0,0.10733530613092276,0.0,0.08425863832235336,0.0,-0.1467291282919737,0.0,0.10725399851799011,0.0,0.09989862545178486,0.0,1.1698890924453735,0.0,0.45028064113396865,0.0,-0.07188422232866287,0.0,-0.06741130523956738,0.0,-0.08485571295022964,0.0,-0.08350046380208088,0.0,0.0014913687482476234,0.0,0.0010058863733250361,0.0,10.605166948758638,True,True,0.45055150985717773,-0.3341984920552932,-2.029739654699654,-2.6766968559863926,-0.4774332046508789,0.3624346572905779,2.1113914540439302,2.789752290265139,-0.026881694793701172,0.028236165235284716,0.08165179934428599,0.11305543427873695,0.5994175053404318,0.038985978789508435,3.498669992046882,0.13945804944897713,11.9,12.15,True,1.9000000000000004,1.0,0.4774332046508789,-0.3624346572905779,-2.1113914540439396,-2.7897522902651417,-0.029552727937698364,0.4290275275707245,-0.3459453582763672,0.3999316249974072,1.168187275023235,1.6052367548472815,0.0,0.006226011748927144,0.0009823074327029574,True,,ft055_terminal_band_severe_v3,terminal_band,severe,held_out,productivity,productivity,held_out/ft055_terminal_band_severe_v3/productivity,normal,insert,0.1485198736190796,0.6738281249995737,11.007726669311523
1,9.699999999858846,19.14524808526039,0.2282684068324209,0.6346062102141232,0.6968453526496887,0.5796812474727631,0.6828233599662781,True,1.6416666665016244,True,True,verified,11.841666666494348,18.565566837787628,False,13,13,0.09999999999854481,True,11.84999999982756,True,12.349999999820284,0.24999999999636202,False,False,,False,1.4871333837509155,0.0044187395833432674,1.1561319002738366,0.0032423397597785178,0.034340016543865204,0.0005190917872823775,0.05816595764973989,0.0005779319774144544,12.537936210632324,0.0,6.927917957305908,0.0,1.700309157371521,0.0,1.3375003039836884,0.0,0.1252988576889038,0.0,0.07264977535949303,0.0,0.35300683975219727,0.0,0.18974510981486395,0.0,-0.7684369087219238,0.0,-0.38700605427416473,0.0,1.4751075506210327,0.0,0.6252329148925267,0.0,0.11487090587615967,0.0,0.06636270952339356,0.0,0.05001626908779144,0.0,0.028821420211058397,0.0,-0.0016883158823475242,0.0,-0.00046858938339237985,0.0,6.927917957305908,True,True,-0.2415180206298828,0.5145860959601123,3.182671163556847,1.318812962427728,0.2124309539794922,-0.567370094358921,-3.289155931493289,-1.3609110233126651,-0.029087066650390625,-0.05278399839880876,-0.10648476793643437,-0.0420980608849408,0.6058347416428742,0.06026780179573262,3.5595822163635176,0.11450437778857393,11.591666666666667,11.841666666666667,True,1.8916666666666675,1.0,-0.2124309539794922,0.567370094358921,3.2891559314932977,1.3609110233126671,0.08507072925567627,0.4366805851459503,0.17154216766357422,-0.49938936717808247,-1.8134533994688413,-0.8005655443218951,0.0,0.005587784125684545,0.0006016088815298504,True,,ft062_late_combined_severe_v2,late_combined,severe,held_out,force,force,held_out/ft062_late_combined_severe_v2/force,force,insert,0.3271549940109253,1.433203124999686,12.537936210632324
1,9.699999999858846,19.14524808526039,0.2282684068324209,0.6346062102141232,0.6968453526496887,0.5796812474727631,0.6828233599662781,True,1.6416666665016244,True,True,verified,11.841666666494348,18.565566837787628,False,13,13,0.09999999999854481,True,11.84999999982756,True,12.349999999820284,0.24999999999636202,False,False,,False,1.4871333837509155,0.0044187395833432674,1.1561319002738366,0.0032423397597785178,0.034340016543865204,0.0005190917872823775,0.05816595764973989,0.0005779319774144544,12.537936210632324,0.0,6.927917957305908,0.0,1.700309157371521,0.0,1.3375003039836884,0.0,0.1252988576889038,0.0,0.07264977535949303,0.0,0.35300683975219727,0.0,0.18974510981486395,0.0,-0.7684369087219238,0.0,-0.38700605427416473,0.0,1.4751075506210327,0.0,0.6252329148925267,0.0,0.11487090587615967,0.0,0.06636270952339356,0.0,0.05001626908779144,0.0,0.028821420211058397,0.0,-0.0016883158823475242,0.0,-0.00046858938339237985,0.0,6.927917957305908,True,True,-0.2415180206298828,0.5145860959601123,3.182671163556847,1.318812962427728,0.2124309539794922,-0.567370094358921,-3.289155931493289,-1.3609110233126651,-0.029087066650390625,-0.05278399839880876,-0.10648476793643437,-0.0420980608849408,0.6058347416428742,0.06026780179573262,3.5595822163635176,0.11450437778857393,11.591666666666667,11.841666666666667,True,1.8916666666666675,1.0,-0.2124309539794922,0.567370094358921,3.2891559314932977,1.3609110233126671,0.08507072925567627,0.4366805851459503,0.17154216766357422,-0.49938936717808247,-1.8134533994688413,-0.8005655443218951,0.0,0.005587784125684545,0.0006016088815298504,True,,ft062_late_combined_severe_v2,late_combined,severe,held_out,productivity,productivity,held_out/ft062_late_combined_severe_v2/productivity,normal,insert,0.3271549940109253,1.433203124999686,12.537936210632324
